order_number,notes
105K9H6W7P ,
106CGU8DM5 ,
10BLL5630X ,
10GEX948MA ,
110Q7FA2A9 ,
1111HRE6 ,
111V7DIDHQ ,
119JPEAHNP ,
11DK8PR162 ,
11GIJTLD48 ,
123PZSYEQX ,
129DG2D184 ,
12KGRJ9NRV ,
12PN678UZR ,
12QVBWB68N ,
12RDX52Q2Z ,
12S5YZ8TNM ,
13LFI9F481 ,
13PBMGMP0O ,
13S1BC97P0 ,
146BI5KZUY ,
14RFD0G6 ,
14TDHJRFQ8 ,
14XAJ1QZHY ,
1596B60ATL ,
15II8L20JF ,
16ANWOBRQQ ,
16JFROR7H1 ,
16KOHTVRH6 ,
1731DEBOXK ,
17QZ4KU5UZ ,
18GNKLBW9Y ,
18PFES97PD ,
18SUEU56FL ,
18SZU44AM7 ,
191HP4Q87L ,
19C70CKWLR ,
19W0WZEUC9 ,
1A4ESZR18A ,
1A6RMQERL5 ,
1AIXX7O5WE ,
1B9O0RPSIM ,
1BHWC38412 ,
1BKRURWLQS ,
1BQTDBMNIO ,
1BRHIHFVY8 ,
1BTEZ79CU6 ,
1C45DHXFE8 ,
1C4S2U868C ,
1CSOP8QTQK ,
1CX6CJ2IMY ,
1D2TZZTOCZ ,
1DFT68467V ,
1DOTVWF48G ,
1DP5EC5VER ,
1E2A5F5BBL ,
1E2I070VJF ,
1E488IGB0K ,
1EBDDKUKMX ,
1EFTAH6ADI ,
1EHUO40DQM ,
1EZFUKKRS4 ,
1FDPBQMP1J ,
1FIBA0EJAF ,
1FKA70RXAV ,
1FRWYKPSM4 ,
1FV76FWQFW ,
1FYNM9DASR ,
1GHPILKW0E ,
1GIU86ZUTR ,
1GJP5QF3ZL ,
1GLVP97GSF ,
1GPLN241IV ,
1GWDCT3OVT ,
1HPNSFZPUV ,
1IA0EE8XQJ ,
1IDAZU5I6Q ,
1IRWRCNOU5 ,
1IVBN5LZJH ,
1IX1CVTAQW ,
1IZGZCWA27 ,
1JL80X9B5F ,
1JQAUNI9X0 ,
1JZ0E2NLXH ,
1KBFD3137I ,
1KEZHGG9CW ,
1KG8VPH6IY ,
1KI1GK4O6P ,
1KJGQN446Y ,
1LKZJKM3OC ,
1LS11PCMCS ,
1LXZXAUYLZ ,
1M0K9I7ZYJ ,
1M3AE7OMD7 ,
1M98CPBV68 ,
1MEW1A4RJY ,
1MGOHUHWVE ,
1MLVFB1HY9 ,
1MUFWCQH45 ,
1N3E991LNJ ,
1NAGY1STC1 ,
1NNW08LGX0 ,
1NWKI9AWXL ,
1NXL2AN1TY ,
1O2JAQ3SK1 ,
1OOM35X1Y6 ,
1OS5RP3SBP ,
1OYYLMI0N2 ,
1PBJ9N2Y3R ,
1PVBCIZ3U2 ,
1Q369JMQ1X ,
1Q38GWJLBX ,
1Q86AF9IBO ,
1Q8TTYUPNH ,
1QEXTZVR ,
1QQ2MA2UNV ,
1QWE8H5EMG ,
1RJ3YP4I1I ,
1RN1G3BP4G ,
1RNJH4WTWV ,
1RUFKSGXLI ,
1RWGH2IUUU ,
1S2205MNNT ,
1SNZP53QH0 ,
1SRY6WX2F9 ,
1SW6KSFZB2 ,
1SWSDGRDFE ,
1SYLULXG4H ,
1T8NG8810A ,
1TDZFPNOP5 ,
1TFYWDKU87 ,
1TJSBTDXI8 ,
1TS9OUH33O ,
1TVLI2WGPO ,
1TY6TUTR36 ,
1U1CT7T9N6 ,
1U1HHOOEZY ,
1UFAUTF0 ,
1US5YGK3D8 ,
1UTG2ONGUY ,
1UTUOORV1X ,
1UWX356X ,
1UYB8X4SG6 ,
1V4BBFVIH9 ,
1V5N1WPICB ,
1V5QOZ6VEG ,
1VFJM43KUK ,
1VGQQCKRG2 ,
1VXAGRLF4V ,
1WFAXSLXKO ,
1WKLJPQWCI ,
1WMJYH23TG ,
1WRUI3DZW1 ,
1WU5DHE8GR ,
1X57T97R4D ,
1XY3IK8VRB ,
1Y8H61HTCH ,
1YKMBN3JGA ,
1YNV12F5YF ,
1YO6ZFOTV8 ,
1Z0FENVJ6R ,
1Z0T7CX8NH ,
1Z2GC27HY1 ,
1ZAXO7FUNX ,
1ZBGQH4VRZ ,
1ZDYFZQCWS ,
1ZIYE1Y7YC ,
1ZLCFX5WP3 ,
1ZQEEJUVAT ,
1ZV54HC0KT ,
1ZZ4NL9P5T ,
207HF5PP8J ,
20AJ2A0R34 ,
20G1SFXN83 ,
20ONXN5SAL ,
20ZYICKG9N ,
210UXSZFHG ,
2116WFCPNL ,
211S0VJC8M ,
211ZTC6O52 ,
218XOHJI4F ,
219E6BVR6Y ,
219P8EY5W1 ,
21FS3ISXCA ,
222XMH2RH9 ,
223CBW8NKZ ,
223RJ9D4S6 ,
224HQZAHF5 ,
224TEWT74S ,
225FB8UY2R ,
227PFFVW5X ,
22A40HQ47K ,
22E8A7ZJA0 ,
22EH5TJV7F ,
22FCV1T25N ,
22FWCEHT8A ,
22HX8JDB41 ,
22ICDFIWOB ,
22QATDMKQT ,
22UBCG33E3 ,
22VFEJNRKJ ,
22WRW8A7R7 ,
231KCB1A6I ,
232SGHJCY5 ,
233Y2GGJQX ,
237BRVJ58V ,
237VT735OQ ,
238F7Y3U3F ,
23C5XKSPGB ,
23CD33J2DJ ,
23JA2BUCSK ,
23OC01YGYN ,
23QSJDFQ5T ,
23SXFTJ9TX ,
23T86BNWBA ,
23TJPR9493 ,
23WW9XWASG ,
23ZN9NNHFY ,
242VRXZMHU ,
243TYBBWEX ,
245ZBNPA5H ,
246B8Q5K8Q ,
24727STX52 ,
247XDFJ3CE ,
248B4A28PB ,
24FVPM8VRU ,
24GQSP67GB ,
24MFYAEJ52 ,
24SGE856V8 ,
24V7XBDX8F ,
24ZZ99UH34 ,
25387N1ZF7 ,
253SA3Y38C ,
2554X66V9A ,
255PWNQDKO ,
2565M38NYV ,
25718P4083 ,
257JXRD3H4 ,
25BHAU717S ,
25CHUHSWVN ,
25CKAJXXAB ,
25D9BJZ28J ,
25H9D8C4XB ,
25KCX4F6NX ,
25MAY8VYK0 ,
25N6P2MMW8 ,
25S7BUYV7Y ,
25SHDT56MX ,
25T2E58H9J ,
25U72SQ3UM ,
25WFQ4R2HZ ,
25X1O2M4DN ,
25Y0SN3Y ,
260NIYX3SD ,
263GXSVH56 ,
263RCBAKBB ,
2653XRGT7B ,
2655PWV88K ,
266CYUC95S ,
266Y4EEPSG ,
269NY2CJ2N ,
26A3FKNV69 ,
26D6V62N4A ,
26ETR9H4L0 ,
26M1R8P8 ,
26MT3YPV63 ,
26S5GSEB7A ,
26S8E8PAHB ,
26TREQMS9W ,
26U672ZJXJ ,
272AXG2DZC ,
274K5WZVG3 ,
277BUV5TN6 ,
278EZXUVC3 ,
27BDE65CFP ,
27DKF2A632 ,
27F54ADNRD ,
27G7NP82W9 ,
27JQHU7ZZ7 ,
27K3UQVSGG ,
27KJ9KHH0U ,
27M8C561XR ,
27QVADE9R9 ,
27S33TN6QW ,
27SH67FEYC ,
27TNI00YNM ,
27USDT2JCQ ,
27V9WF84NB ,
27WAFMY8RY ,
27XS6V4TP6 ,
27YS47V0EN ,
283GNM36JC ,
2883WEYP9A ,
28AF3RHW3F ,
28CN96KY6F ,
28FSGW695U ,
28GHKLB0B9 ,
28MCAEJ5W4 ,
28MUK8UBJG ,
28R5NRVKW3 ,
28SRXYYC35 ,
28YHI4NEOY ,
28ZCEJOVXA ,
28ZPWG9WED ,
28ZRIPH7 ,
295PWD5Q8U ,
295RYSBVPR ,
29BYE3H29U ,
29D8464S2S ,
29DAAUMKBM ,
29EACFPY3E ,
29GKH5MYRE ,
29GPHDZ2Z6 ,
29JIR0CF59 ,
29JWHT9WYD ,
29KWK3A885 ,
29QAL9ON4I ,
29QVWZ8NC9 ,
29R87557QX ,
29TNQMH2YT ,
29VERTXQWC ,
29VUZA9FEY ,
29XPJKDSDQ ,
29YVQGH44J ,
2A2TTBRX9X ,
2A4MJS2GR4 ,
2A5DMW68AM ,
2A6I71QUQY ,
2A845S4QH7 ,
2A8GMQQ22M ,
2AA9G6R7VP ,
2ADW5CG7W6 ,
2AGDJWH98K ,
2AHR3WD9XY ,
2AK5YQ27ZR ,
2ALZ4BUK39 ,
2AMEGX1X ,
2AMVWXEMEC ,
2AQIJ834VG ,
2AQPJJ36TH ,
2ASHGTWZWQ ,
2ATCIRFBCD ,
2ATMPCD9ZW ,
2AUJHPR2MF ,
2AUQMY8PPK ,
2AUQOY1ZUR ,
2AXAIKSQ70 ,
2B66RN2DZA ,
2B8JQXBK3C ,
2BAU93WHR2 ,
2BBU5QA82S ,
2BCEMJ74WN ,
2BFBJGGDM6 ,
2BHTRZSVCA ,
2BJ5QQCQBS ,
2BKURA9GNM ,
2BM4P4GQZ4 ,
2BMM2CZBJ8 ,
2BQSRLK3 ,
2BR6TQ8RZS ,
2BU53X2FU5 ,
2BXJESJ6FP ,
2BY3RBFJ ,
2BYZX9TXPR ,
2BZ6AEJM63 ,
2C4NTZYR8F ,
2C5RW7YDTS ,
2C77G38YSH ,
2CCQDWP9YG ,
2CDWWTOS8U ,
2CEDVM4FXV ,
2CERKJ6E9U ,
2CFVTTUSBJ ,
2CGEHA9QCT ,
2CH5ZE9N4X ,
2CHWJ5EQGZ ,
2CJF39NQ5X ,
2CK9N8PQR5 ,
2CNNRHHP8V ,
2CPHIZ95H7 ,
2CPSEPAF5P ,
2CQ2B56Q53 ,
2CRCQDRWYD ,
2CSQQMCS86 ,
2CT2MWJMHP ,
2CUW7PMTPZ ,
2CYWCQ7EUH ,
2CZ9NSJ4PN ,
2D5FKF99H9 ,
2D5I8RCPS9 ,
2D7J43A96W ,
2D7NCBUF9R ,
2D8N4A3CHQ ,
2DBQ4BA4CK ,
2DFSTU95C3 ,
2DG42E3QE6 ,
2DGSB4Q8NN ,
2DJPFHU5ZG ,
2DMG3Y5GYT ,
2DNFLKGOFU ,
2DP2SWMZ7E ,
2DPVRXA2VP ,
2DRZF2R554 ,
2DSB3EERZS ,
2DVG8V25AN ,
2DYS27B8NY ,
2E2N7YW392 ,
2E6JWG84XE ,
2ECDVMFEAE ,
2EDVFD0D5K ,
2EE5BB7REH ,
2EKTBGF9GM ,
2EPNWN08DF ,
2EPP2SVZSG ,
2ERRZGFD ,
2ES3BUESAC ,
2ESCZRVYAB ,
2ESRJ64U73 ,
2EU8EVN2A8 ,
2EU8QESVND ,
2EV23XT595 ,
2EZBPQEWUF ,
2F43XKQTHP ,
2F4WZAVN4N ,
2F5VHANT9H ,
2F648HEQZR ,
2FACJS97EA ,
2FCD9AWWVX ,
2FCK3AVTF6 ,
2FE0RUPFE6 ,
2FG9BW6YG3 ,
2FKN4F0NIW ,
2FM6GAAMEZ ,
2FMGMEU4EJ ,
2FPBG5WGBT ,
2FQ2JSTNUR ,
2FSGS67MCR ,
2FUJDYN3X7 ,
2FUWQXXTAV ,
2FXX36JTG5 ,
2FYPRD2HV1 ,
2G172W31Y8 ,
2G2K5YMWHV ,
2G3KZRM3SY ,
2G4P4STH3P ,
2G4TGNNC36 ,
2G5BSX43LE ,
2G5H2VY890 ,
2G87GJFVBJ ,
2GCJYUZQ9A ,
2GDC573XFU ,
2GEN9M2VSY ,
2GHK6JETT7 ,
2GKRNZMPHY ,
2GNEQMGPRF ,
2GOTETWJ57 ,
2GP8NDKE4Z ,
2GQHUAUURJ ,
2GSCMSQ4F6 ,
2GU57QR58P ,
2GU6J8KPK2 ,
2GUZFUDHKY ,
2GUZNB67D9 ,
2GV2R5NXS8 ,
2GYA5NSV7F ,
2GZQD6J58A ,
2GZSC2H4R6 ,
2H44WF2BEA ,
2H4YOOZCTK ,
2H5RCSMG9F ,
2H7F88G7AC ,
2H9FT4887D ,
2HA83RXHQ6 ,
2HCUHZ6DRX ,
2HCWQTMTUT ,
2HEST0DE6U ,
2HF287SKHM ,
2HFNRRNV4D ,
2HGIJOQI3V ,
2HHOL79J64 ,
2HJZMJ9UT6 ,
2HMKWGHHSZ ,
2HMMXVVGWJ ,
2HP85URCVJ ,
2HPD5SK59K ,
2HQWQFBPTS ,
2HUKCG9RWM ,
2HVU66YEPU ,
2I6F6D5SV5 ,
2IG4AK9ER8 ,
2IGCXKSDXK ,
2IKXXGL0ZU ,
2IN3B00EEK ,
2IO2NFCRT9 ,
2ISBINZPJJ ,
2IW4YDJMYE ,
2IZEDKSQ5P ,
2J2E95FMC5 ,
2J3BNDU5QH ,
2J6SR0BEFH ,
2J8EBHGAJA ,
2JAEKWMMV6 ,
2JCTZPYE67 ,
2JEP2DM8J7 ,
2JF19XI4I8 ,
2JFW3ADDC6 ,
2JG7UVX2HR ,
2JHVHQYKND ,
2JKU7N22V2 ,
2JQ9VP6SC5 ,
2JSEUY6FJP ,
2JSJZ7IFQ7 ,
2JTFMQBV2X ,
2JVGCGGVP6 ,
2JVZWVL0GY ,
2JW82VAQC9 ,
2JYV8V3CJJ ,
2JYYMF2PQE ,
2JYZUY24TG ,
2K2LESE40C ,
2K2YTPSPBS ,
2K4G65M5 ,
2K4QQWUF9T ,
2K8GHT1OBF ,
2KCEBCGW4X ,
2KCPTYRDWH ,
2KEYW8BS2M ,
2KF05MSF6X ,
2KNXUVVEWR ,
2KW0SR15PO ,
2KW5YNC8MW ,
2KZD7YSPBY ,
2KZGRJ48XM ,
2KZY96BBMB ,
2LB3NT4UAU ,
2LE5B7T1YU ,
2LERUGLFQB ,
2LJB9BG8WA ,
2LXH67664A ,
2M3ZGAYV3E ,
2M42A99BWS ,
2M9DKJM9RM ,
2MA8YKRF5H ,
2MAV8GGQWX ,
2MBOX1KCT5 ,
2METDDB42F ,
2MF8WRTZFC ,
2MFTQUTCR8 ,
2MGAPGL27N ,
2MGDSLPBNY ,
2MGWWWEZXU ,
2MKSNZZT6W ,
2MMHANRFXM ,
2MNPW24UWH ,
2MRNJDWKJ7 ,
2MT5PWBW4U ,
2MTQA4FBTH ,
2MUJYYYGAM ,
2NE25KEVBK ,
2NEF4QPTGY ,
2NIHE3QP ,
2NMANEQKB1 ,
2NN8JO9ZFL ,
2NNMWHJRHE ,
2NSGQ3ARAD ,
2NSRWUBBQY ,
2NUEHM0I0V ,
2NUPYXJT2J ,
2NY3ASQHQ3 ,
2O0UQLK7SY ,
2O2HRCRM6L ,
2O5R9YV7GI ,
2O619E09QO ,
2O69SFD674 ,
2O80L1U9UG ,
2OB0PT8TON ,
2OBABZ669G ,
2OTJ84YXH3 ,
2OYHG72PHQ ,
2P0CEVLSID ,
2P64N3VSCU ,
2P6TM4ZA32 ,
2P9NSV4YP3 ,
2PA59U57Y5 ,
2PBAJ6AKTK ,
2PBC6E6JES ,
2PFJP7UNNT ,
2PFU78U24X ,
2PL7LAADZC ,
2PMBMNSMY6 ,
2PMNR7KP03 ,
2PPE3UHRNX ,
2PSTSY039I ,
2PWDUK83MR ,
2PZ72LS0AJ ,
2Q38R4MYTT ,
2Q62P8AVTB ,
2Q6G7BTWKH ,
2QBE5REU9G ,
2QCQWBXQ37 ,
2QD86MRPFE ,
2QFYTKZEZE ,
2QGE1V7K37 ,
2QGGFZBN2N ,
2QHGPGFNDQ ,
2QK6RYMBSN ,
2QMD36DYCB ,
2QMF228KWS ,
2QN53MMQGA ,
2QNXVVJAJK ,
2QR7G4N922 ,
2QR8Z89963 ,
2QSXG26VXD ,
2QYD8KGKUH ,
2QZ88YPM29 ,
2R32M6D1WT ,
2R4HU8UGYM ,
2RAN4C8YC2 ,
2RAUEK4XX9 ,
2RBAKAW2BR ,
2REHVDAEGN ,
2RH29JR8KU ,
2RKUHBRDD6 ,
2RNZ467SQJ ,
2RNZMV663Z ,
2RQAB9AKNV ,
2RRTK4T87R ,
2RSPJ5GWJD ,
2RV7FZWVPU ,
2RVAFSD9JK ,
2RVJDM2333 ,
2RWNFJ7BVS ,
2RZFOD5ZZ2 ,
2S0NN6LM42 ,
2S2GVQHW68 ,
2S59JEEHAD ,
2S64BCVX9J ,
2S956JKFUX ,
2S9OYIJBXK ,
2SA341J9X6 ,
2SBV9Y5DEJ ,
2SCJVGR3WN ,
2SCTNAHS3J ,
2SFC29B9MM ,
2SGBNBDRYC ,
2SGCV7Z3HG ,
2SMEQGTP7Y ,
2SMVQXRZK9 ,
2SN5HBQP2X ,
2SNTKO6Z10 ,
2SRQAKWJ53 ,
2SRUREB5H6 ,
2SS8SSBFBA ,
2SU4H5YPW3 ,
2SU9FPW363 ,
2SVE3YXEHR ,
2SWO68J6TT ,
2SXKCJQG9N ,
2SXS4RZ68M ,
2SY4D8STMT ,
2T6TCCCA27 ,
2T7Q2U82BM ,
2T7WD9RFGE ,
2T9PDXTVY2 ,
2T9SGFC4D8 ,
2TB8EHG2VP ,
2TBK2U36T8 ,
2TC4TDBKZU ,
2TF4NGUPD5 ,
2TGHBR27ED ,
2TIF440CJ0 ,
2TKPQCSWKA ,
2TL32LMWOE ,
2TQNU9KCK9 ,
2TREN3DRTZ ,
2TRIHWQE42 ,
2TSF9PXAJN ,
2TTSP9YBSX ,
2TUB98PXFS ,
2TW9SGDFUB ,
2TXX7WQZ6X ,
2TY55CKXTG ,
2TY7WDF5DZ ,
2TY9KJQU49 ,
2TYW8DMVM8 ,
2U19BJLHGK ,
2U3NJXDN47 ,
2U4EQV4WE8 ,
2U6WS3AXB6 ,
2U97CRBWRQ ,
2U9TSP3AUE ,
2UAJ9K499R ,
2UB5YAY2YA ,
2UB63B6U ,
2UCKJFKZY2 ,
2UCNWAJ3WW ,
2UJEM8W45S ,
2UK3M1DUUM ,
2UKUFLEOEM ,
2ULHEDPSKD ,
2UOUS6ZSHS ,
2UQH8Y48XA ,
2USGA7B7KH ,
2USY58T9HK ,
2UTPQGWZ59 ,
2UTQ2HFUJB ,
2UU37YJK8Z ,
2UUCJBVCTS ,
2UW34M5IPF ,
2UYG46QAHV ,
2V2PZX2YGD ,
2V3JPKXV39 ,
2V5GVW0CMC ,
2V980VWHXN ,
2VB5TPGTQB ,
2VE7V9V3MF ,
2VGYQR293H ,
2VH59RVNHY ,
2VJUEXXGZK ,
2VMVZ933UN ,
2VOFQAK1W0 ,
2VQZ2XQQEE ,
2VRQK92VDJ ,
2VS27J9TYK ,
2VV2XQ2DXU ,
2VVQDYC2JZ ,
2VWWU7TPG2 ,
2VXYKPXVPS ,
2W2SX63GMR ,
2W3SJ7F27V ,
2W4AH9TDQR ,
2W6XYJ85CG ,
2W7G5PQBM9 ,
2W99Q24DNJ ,
2W9JFCBFXJ ,
2WCD3O0Y13 ,
2WDF6RH5Q3 ,
2WDNIL69ZP ,
2WHG7G4F6Y ,
2WHMEH68L0 ,
2WHY6ZC3KD ,
2WM2JQMFPC ,
2WNBXG8YVD ,
2WNN1LZ0BR ,
2WRFEFDQP5 ,
2WRJP29TVE ,
2WRU8Q3C9H ,
2WS64FGMAR ,
2WU24WRKX8 ,
2X2ZWMUAUN ,
2X34JR2EN2 ,
2X64177MNN ,
2XA3MYS9A5 ,
2XA6XZDM5X ,
2XAG46ETWR ,
2XBENVSWQQ ,
2XD4610Y7W ,
2XDFLM3VXL ,
2XEQSDV45M ,
2XJGZJFGM0 ,
2XPR2EJMAE ,
2XTWWFNAC9 ,
2XUSPKXECD ,
2XVK6NDZNK ,
2XVMAL4VG4 ,
2XW6MW3CEF ,
2XWA2CDRGE ,
2XYCT34ZE7 ,
2Y2DS8XRQB ,
2Y3UUCQYR3 ,
2Y4MTHG7Z2 ,
2Y86PJ4NQU ,
2Y8UER5MWN ,
2Y9JSSH5ZW ,
2YB3O9APKE ,
2YBLM6DYDY ,
2YBU2U4BGX ,
2YD5BPFT4V ,
2YDG0U1A52 ,
2YF7Z3KTNX ,
2YGQ7D8E78 ,
2YGRHH7YMQ ,
2YHUKW89HE ,
2YJANCATRA ,
2YJUH5VHK3 ,
2YK7DG6MAR ,
2YKB36ZZNM ,
2YLN8ZRMNP ,
2YNKQBVJ9A ,
2YVA2SEKCJ ,
2YWQCED6RN ,
2YXH9B9FAT ,
2Z3NDUPACK ,
2Z57K9TWS3 ,
2Z5YUQRW4D ,
2Z7STV4FWU ,
2ZC942SDES ,
2ZE5BWZDMH ,
2ZEVT9637Q ,
2ZFRG9KKJM ,
2ZGCFHVD2D ,
2ZGQGNEV4Q ,
2ZI3MVHJMR ,
2ZNMFRVQQP ,
2ZPS1AY23T ,
2ZURU13U ,
2ZW3OWBFJ4 ,
2ZW8Q66KKA ,
2ZXHYV3HMK ,
2ZZMSP9E2B ,
305HLD9DLJ ,
307SSMJIDR ,
30BSQLCPV2 ,
30BTV8HPD0 ,
30ES929GKO ,
30J1OUAU7K ,
30KAFLWGYH ,
30SFYLKPAT ,
30VG5L59ZW ,
30Y3FOX2HY ,
30ZS7ZN9BH ,
318MKELZTP ,
31KK47W3R3 ,
31NSLWUV88 ,
31VZZL114K ,
32065OYM4Q ,
3213IXJSYE ,
329N7C82TQ ,
32A48I2TTC ,
32AZ4RJDW9 ,
32C8QZQRB5 ,
32EEGT3EFY ,
32G5TYMN90 ,
32H6Y42JC5 ,
32HHV4WEJC ,
32HNT8HE8N ,
32RY2F4THY ,
32T27TA5TC ,
32T9KVJ5CM ,
32X6S3QKVB ,
32XJZ3ZA44 ,
32YBPQE6M3 ,
32YSQKUEFQ ,
33084NSEKX ,
336VPKQERY ,
3374FXZX87 ,
33DTESKU7T ,
33EQFTFYGC ,
33FNNRXSV2 ,
33G9FPDE3Z ,
33GWN2XBLB ,
33H592WKEE ,
33HTPOU09J ,
33J4K7HN63 ,
33M4PY22EQ ,
33N5YKD82R ,
33PUCCFFEM ,
33S4NPG44F ,
33WZ3MZ24G ,
342YQXGCM9 ,
343MQ6355M ,
3453QTA7WG ,
348JCE2SHA ,
34A97AO8L6 ,
34EJ79W4CV ,
34ETXRM7DS ,
34EV33HNTF ,
34HARJR978 ,
34LDWGRZYK ,
34MFV6P6G0 ,
34MYA50E9V ,
34NKSUG6WG ,
34POG7Y5FH ,
34SAFSSF3J ,
34SC7BZ3B5 ,
34SV69GFUX ,
34UJF34QAF ,
34WNC5CPRY ,
356ARNWQJD ,
35BEX2JRWK ,
35BM7C7BP2 ,
35DK3HVYIO ,
35F1S1FRMZ ,
35FBCHNXY7 ,
35FW5W8HPH ,
35GP4TKR4A ,
35IIRV0BLD ,
35PE4XN01R ,
35PGQ5S6B7 ,
35UHBBPQCN ,
35UQUOAUE6 ,
35XIRLA9VO ,
35XND8P8E6 ,
35XZ6SPCW9 ,
35Y2UM8PWK ,
35ZZQQQ8QB ,
362V2JTTXC ,
365NHS5X9B ,
367OM3BD4Z ,
368DRAJ79J ,
36AHVPAYEG ,
36C4SC5BAJ ,
36C9JDFSM4 ,
36CHU65PGG ,
36E8EW2G3M ,
36JCD58SVW ,
36QCX46NMF ,
36RCQXE5E6 ,
36S3RDXRD3 ,
36YUKZ3ASB ,
372FCDB2KE ,
373EMWPSQ7 ,
374N5EMA95 ,
375TH9SNHK ,
3772GMW76W ,
3788BS7TTG ,
379BVVSTKN ,
37BAGTTFAF ,
37BQEBY3V2 ,
37DZNPKQGE ,
37E2SNNGDX ,
37ETHNHM49 ,
37HQY56C5P ,
37JYETEDC3 ,
37KPYB5UVT ,
37M3Z32TAQ ,
37MV4ENU72 ,
37RWQN2BUB ,
37UQHDVVQ8 ,
37VX3Z4GVJ ,
37WG5C9UVL ,
37YMNY1X0T ,
38398KNB5K ,
385FKC8FQG ,
387DA8YHKZ ,
387JRCU3NG ,
38920ZPDOD ,
38D6TGWTJU ,
38EP7M25FM ,
38FKAFRYT5 ,
38GLB4MQCZ ,
38HMQF43PE ,
38J6Q6UA28 ,
38N3GB1N9M ,
38NCYUZ32B ,
38RKNX4ZFK ,
38UCC96T24 ,
38YERESW8A ,
390I5EIT71 ,
393BJHJYP5 ,
394S4RJJBS ,
396KW3ZDFE ,
3979DJV9RV ,
39AG3UKHY7 ,
39B6DX8943 ,
39BMMMZPJR ,
39BYI0NMJ2 ,
39C8FF2XPX ,
39E5HJR15M ,
39KDEK2XTV ,
39R9D7WU86 ,
39ROKW8AFJ ,
39WQTGPF38 ,
39XFEFY3VJ ,
39YRD8380V ,
39YRJ7ZC74 ,
3A2L9CSED2 ,
3A3A1TP9AU ,
3A3H9Y95R8 ,
3A3WUX4Y8B ,
3A4C6BCS3N ,
3A5S5S36D6 ,
3A7Q8W6SCE ,
3A8597ZMH2 ,
3A9ZYC9HJX ,
3AAFD5TEAG ,
3AB9BKXSDE ,
3ACLHWJPL2 ,
3ADDGV4WR7 ,
3ADX6PBNGA ,
3AHPK5R9M2 ,
3AHW8S55DK ,
3AJA541PWK ,
3AJMDEB2VK ,
3AKEAYD2RW ,
3AP8HXHNF4 ,
3APDC8RHQU ,
3AQCU58K88 ,
3AZWZHGF8D ,
3B3Q3T34TE ,
3B3QXYWR3V ,
3B42NUUR98 ,
3B447R670J ,
3B46NW2KQ7 ,
3B595GXYEA ,
3B5V47QXXW ,
3B64PYZ53Z ,
3B67A5FGRO ,
3B7J7I4F6T ,
3BAG59BJPK ,
3BAH923EB5 ,
3BBEE26M92 ,
3BC776R7WD ,
3BCRWG3TH4 ,
3BCSMD6TYE ,
3BD2EZX9DQ ,
3BDCEQBQIG ,
3BDTMXNTAN ,
3BDWXWHKQD ,
3BEGGT4U9W ,
3BGPFJWZFE ,
3BKFPTV88X ,
3BOFDMY92Z ,
3BQ3XV2M4T ,
3BTF3XY126 ,
3BTRB5V1SM ,
3C9R2QDNR7 ,
3CAJG4N74T ,
3CAXXD9DXX ,
3CBTE2WX2J ,
3CC34AG1ZF ,
3CDOXLSJ4G ,
3CS9F39FNZ ,
3CYTJQDUP4 ,
3D29MZZUWR ,
3D2A8RVP7G ,
3D46EMEJUD ,
3D4HKF7RHY ,
3D72KK43WW ,
3D84GANJMD ,
3D8RAATG5Y ,
3D98XRC37Q ,
3D9YBBV84F ,
3DAQ0V2BTG ,
3DD559JQB7 ,
3DD8WWXUYF ,
3DFEBURDPB ,
3DH3HM9NRK ,
3DJYGTV56F ,
3DSEY4FP8Y ,
3DT8AT295P ,
3DUSGJZHTY ,
3DVDMU26AB ,
3DWDXK4G3C ,
3DZ1GLWYX9 ,
3E3HM5BCD2 ,
3E5YAK3HU8 ,
3E6QWH9HMN ,
3E7GDVQ76D ,
3E97NXZ5UE ,
3E9WJMR2AJ ,
3EAHB37KX7 ,
3EE8DQBKNQ ,
3EHRCMNNEN ,
3EI2RQUHU1 ,
3EII94FURX ,
3EMGSWD3AD ,
3EMGVCNAKP ,
3ENTWX9ZVC ,
3EPBNMN6KG ,
3ERBTRITWU ,
3ES627XAXC ,
3EWU2WFSWB ,
3EX87ZMF7S ,
3F2NESK8WR ,
3F4DYD53FY ,
3FAQAGW7R8 ,
3FBBXFFJEJ ,
3FBEBH8XF7 ,
3FDYY5KY3N ,
3FED87PWME ,
3FFFPWBKL5 ,
3FJMDQNZ43 ,
3FJVVXX6PS ,
3FJXWA6SW5 ,
3FKS854PYU ,
3FLG50RP2Q ,
3FMDWFG37X ,
3FMGVZP76D ,
3FQG4XVTHF ,
3FRCJEMCN8 ,
3FRGWE3YP6 ,
3FT4PJZNBK ,
3FVD6G4A9C ,
3FYEFK29CQ ,
3FYK4DV7FM ,
3G2UB9YPFR ,
3G2W362PKX ,
3G566MK67Z ,
3GAEWR63SQ ,
3GAUTKH46A ,
3GAZPYQTCU ,
3GB6WZZX8W ,
3GBYCGSAAW ,
3GC9C28JEV ,
3GCB3AAW8C ,
3GFBTAXZTI ,
3GG2SOPGNX ,
3GHTCBVYPH ,
3GHYGW34A3 ,
3GR4MRF948 ,
3GZ6KMP3N4 ,
3GZRXB7GYZ ,
3H33Y49EDE ,
3H4QHKXGRC ,
3H9NYSQZ7Z ,
3H9Q8J6HDG ,
3HDG226DMF ,
3HF68EBYNN ,
3HHJJJ4478 ,
3HMRA4NYW2 ,
3HUVET37NZ ,
3HV5T4WC3C ,
3HVE76QR29 ,
3HVHRCPHJX ,
3HW7ZG4PG5 ,
3HWHX5EESR ,
3I4J9ORBF8 ,
3IGO5XF9TB ,
3IL02AGBED ,
3J62GY1LYJ ,
3J6SZRRIIP ,
3J9VSNFZF4 ,
3JAGHSMSUB ,
3JBPV98G0F ,
3JCKEBEYA6 ,
3JCP6PJMCS ,
3JCRD5BFNG ,
3JCYNU4KG5 ,
3JDGWJYZAY ,
3JHLNHY2NI ,
3JJ5EEA4ZM ,
3JMKGHXQCR ,
3JMT7GQ3U3 ,
3JNBWKTDZF ,
3JP0T092PE ,
3JP4T2ACJR ,
3JSJ4W3YY3 ,
3JUPYV2BY3 ,
3JVSQWSVJ9 ,
3JW2PK6UZ3 ,
3JXB5XZK4E ,
3K4XPAFD9P ,
3K69KZA35Y ,
3K7QR5Y52F ,
3KATAEUAH8 ,
3KHD0TMMZM ,
3KHD9PUG79 ,
3KHNDWWUND ,
3KKNF8V3TU ,
3KLW6ICA ,
3KM739MYQW ,
3KQB9Z3UUW ,
3KV7697YY9 ,
3KWR7AX5UN ,
3KZ7KTHY5T ,
3LHX83N82L ,
3LJNPP3TK9 ,
3LQYML7MIU ,
3LRZIJZNLO ,
3LYZGC49RZ ,
3LZZS5WNNC ,
3M45U1VJO0 ,
3M560MC04A ,
3MCYB7G3NJ ,
3MDWHT6FW4 ,
3MFTE5ZMJY ,
3MG3DF5AZM ,
3MI6099E9J ,
3MJHKCJ9AB ,
3MK67RWVWC ,
3MKKF6N8KH ,
3MM80JPKAZ ,
3MNAB9MVPX ,
3MPAPM9V2S ,
3MRNDOIKVS ,
3MU73XJR73 ,
3MVYW6EH6D ,
3MYACFYKXA ,
3N0MZ2FDP9 ,
3N2Y5NBGJZ ,
3N8NKBXA59 ,
3NA0LL6GBG ,
3NES88A8FP ,
3NGJD464SB ,
3NHHD5477Z ,
3NMQ3WDDG9 ,
3NPJD34EXY ,
3NS3RU9VJ8 ,
3NT3BVG6D3 ,
3NTBXVFYMM ,
3NUK82ZZ03 ,
3NV2755G4U ,
3NVCWCRTYT ,
3NW2JGBFOK ,
3NX5MH437F ,
3NZ6Y4H8WE ,
3OKQ6EEOC8 ,
3OL1L0B6JT ,
3ON57K95YR ,
3OOAT7J114 ,
3OQFE14FQF ,
3OQKZ1P5JG ,
3P1X9140CE ,
3P27JQSV1Z ,
3P3XSDLCGE ,
3P6HQR8SCP ,
3P7ZAOPOU2 ,
3PBBRVVPTE ,
3PGPXKAQND ,
3PL3L0DC ,
3PM5MDTZ2M ,
3PQ58VE5T2 ,
3PREM78BM9 ,
3PS8ZXEXQ5 ,
3PVPX35PB7 ,
3PVRPMC2SK ,
3PW3LSTKEN ,
3PW56K6NM4 ,
3PXPHA6DSR ,
3PYPQJC9PW ,
3Q24IOQ51S ,
3Q4J2RHP2M ,
3Q5Y74A3V2 ,
3Q7K56YY7D ,
3QAYMBRBZ3 ,
3QEKHEFVD4 ,
3QEZDVU9YW ,
3QG24HUES6 ,
3QGPWJ5V3T ,
3QHVN2FTX8 ,
3QJENFLN1S ,
3QM5403QTX ,
3QMEETZVE7 ,
3QNCTQB7A5 ,
3QP8E0VSBU ,
3QPD9HGKDY ,
3QR49CF9J2 ,
3QR7DM42J4 ,
3QRAG2DS2A ,
3QS35CZC23 ,
3QWUC7RCRC ,
3QX8URZUGB ,
3QXMU9X6YC ,
3QYELJ3ZE5 ,
3QYTYKTNBV ,
3QZ6U23B6U ,
3R1GDAM22V ,
3R2GTRPPTR ,
3R5GF8R3IX ,
3R6EKTEFEZ ,
3R6XKEYXH7 ,
3R7RGVK7AH ,
3REAF05HG3 ,
3RELTCX5YV ,
3RGENOY770 ,
3RJ1E83PU7 ,
3RN3TTED24 ,
3RRHP9ASF5 ,
3RRUTYT56A ,
3RTU7K2W5J ,
3RXPDGSHTX ,
3S33WBTDR5 ,
3S4JPWVMRJ ,
3S6QKMUAHP ,
3S79DF6V6P ,
3SD85PEFZY ,
3SFSUZ29XW ,
3SQ9Y7R5NK ,
3SS9XAJDVW ,
3SU7JRFSQC ,
3SXSQSR8PH ,
3T66E7PXBJ ,
3T6TW3DGSA ,
3T732IEBCM ,
3T9VBQPJRJ ,
3TA28ZYNRY ,
3TCKS5ZGMH ,
3TGXENDGNT ,
3THHWDVZDH ,
3THY3A928P ,
3TMRZ8YFEK ,
3TPS38YJQ0 ,
3TQMQHR6XU ,
3TRCX9F54P ,
3TSZDAXR7Z ,
3TUY92G3M7 ,
3TXXT5T6G6 ,
3U3CU5FM3B ,
3U3P4WWCDA ,
3U4FZ39JAC ,
3U4VD57AFE ,
3U4YIXW6NI ,
3U5F66PYUS ,
3U774242DV ,
3U97DSGAVM ,
3UBRYYK2KW ,
3UBZSF7ZB9 ,
3UC5KJYKF2 ,
3UF9SQT5AY ,
3UG9NHISF1 ,
3UIXZRN53G ,
3UJQFM7KZ3 ,
3UNJUHU8NY ,
3UO07WEDXT ,
3UTBG25YT3 ,
3UTCWZX642 ,
3UUHT4OI0Q ,
3UUSJ8WLRA ,
3UWBMHUFMJ ,
3UWXSMSR5Q ,
3UYH0G58MT ,
3V3A72EELK ,
3V7F323WUH ,
3V9TF7HHHX ,
3VEC4R9QB6 ,
3VEHPOYORJ ,
3VF98U95FK ,
3VK8BKGUTV ,
3VMBM89B ,
3VP9MFV7NG ,
3VPOJQ00K6 ,
3VR8QHM1LU ,
3VSXVU29I0 ,
3W1ORCKG9G ,
3W34SDJUBP ,
3W53ETFC9T ,
3W8E8SQV2X ,
3W925EPZCE ,
3W9WWD674F ,
3WBUYWSWEE ,
3WD60LCISI ,
3WDXECFV6S ,
3WEKNHN9LH ,
3WG7EQF3XP ,
3WH2CXCXPT ,
3WJU735H77 ,
3WK6WZX7GF ,
3WNDBPJ6KG ,
3WNMYMGBD7 ,
3WOBQUOFVB ,
3WPCPQK2 ,
3WPVS47HGG ,
3WQCV9BAJD ,
3WTGFJY24G ,
3WYEPH57FH ,
3X1VDDJM2Z ,
3XAWVK46VD ,
3XDXYX4M8P ,
3XEFRY8UD6 ,
3XFENDJFRX ,
3XFYD98LQ2 ,
3XG6BETZJF ,
3XNSAKTSKU ,
3XRSQ756ZD ,
3XTEZSS6N9 ,
3XWIX48TP2 ,
3Y04WBKWWA ,
3Y39VB9T83 ,
3Y3A89Y63X ,
3Y3QY7VKXP ,
3Y5FP8DBE9 ,
3YBKBGHOSK ,
3YDRD5NAW0 ,
3YETYRP833 ,
3YF3R83HYD ,
3YHYUPJXED ,
3YIJD5OPK3 ,
3YLN27QL0K ,
3YMDRVRK8H ,
3YOT4WEQA6 ,
3YP7XYAF94 ,
3YQYST29ZN ,
3YSA3S4FHM ,
3YWH5PAWHH ,
3YYR6JF6JC ,
3YZZMGEBHW ,
3Z20WGK128 ,
3Z317B4EOC ,
3Z3UV4NAO9 ,
3Z70ASCD64 ,
3Z8P2W73QS ,
3ZA6P2U7H2 ,
3ZB5ZZZNWH ,
3ZBPHST9ZX ,
3ZBY96PG5U ,
3ZCP43DJEK ,
3ZCYM4FARM ,
3ZDCEZVRUE ,
3ZDGAFU8FH ,
3ZGK6KYZH7 ,
3ZJNQUR4ME ,
3ZKNN9QXHM ,
3ZNMM5DNA3 ,
3ZNZYJ7XCG ,
3ZSYC6X45D ,
3ZU7CPTB44 ,
3ZVN13MP ,
3ZW9P6TBQ8 ,
3ZWRSASX0Y ,
3ZZ6O1XGIM ,
400M43R4D0 ,
403XZ5W4A2 ,
40KGSQVF3W ,
40SOODTV9M ,
40T5M8DANY ,
40UET4VL ,
40YO5DDPNY ,
41BMU0EM ,
41DPSCBI82 ,
41IWBWZS2I ,
422955XH2D ,
429XE7XETG ,
429ZXXYRVV ,
42B7KCRNHU ,
42DAHOH76C ,
42DNZ49233 ,
42KBFVRJ7V ,
42N96WKAF6 ,
42QWYT4EGU ,
42SN08D39O ,
42W5ZY78EN ,
431BACO7HP ,
436ZHB6PP7 ,
438JBBTYXK ,
439MUBJ9S7 ,
43AQVEZG3N ,
43DZ46FY73 ,
43KDKQ4ECN ,
43KKE87Q22 ,
43Q6B5CJSZ ,
43QMRB5TQS ,
43SX55AAC7 ,
43U8JV7GWP ,
43UYJ9Y4AE ,
43WYG97CZW ,
444V8SUA2M ,
4461TQVIFJ ,
448KK7DC79 ,
4492TC5WHE ,
44BU82PTUT ,
44CT9R2JVG ,
44E0ZW742I ,
44JDQN3MYR ,
44MEVYMKU7 ,
44P2SJ8JVP ,
44RYR4YFQT ,
44TDF7UCFK ,
44VD5URJMQ ,
44X3A2V2RR ,
44YAR4MVSF ,
44YZB2NKX8 ,
456CQWC6P4 ,
457U73B4F5 ,
4585N2HUG9 ,
45A69PY4EX ,
45AGCE6ARW ,
45CMH8855M ,
45D2JK6586 ,
45LV8AO52U ,
45P64TVZP3 ,
45Q9QNR7MJ ,
45S72GN5PX ,
45VS3OYYZ7 ,
45X2TYE7S5 ,
45YK682YC0 ,
45YQ8AXJW3 ,
4608UVE12I ,
463GRD5SUV ,
463KEK5E9E ,
465TYS3JZT ,
4664XNE67G ,
466C8U2B7V ,
46B44LN460 ,
46BQT3QVS2 ,
46C65PRNGD ,
46EQ2CHUC2 ,
46JY8R7EEB ,
46L59ALX1D ,
46MGLQVMNR ,
46Q00T29GN ,
46Q93UU3P8 ,
46RFW84K4X ,
46TQX66PY6 ,
46V7DAX6JP ,
46V7PAJ9TB ,
46WTY5JCDC ,
46YHVE9DFQ ,
46YPZN2EAA ,
46ZR6JKIMH ,
471NHW7CFN ,
472UAHG44F ,
475UJTF5RB ,
479AKFWLBY ,
479NQCMTS8 ,
47B7HWSZKH ,
47G5FQXW4A ,
47GRJCAU5C ,
47HH4SMH3J ,
47HZCQA7A7 ,
47OGZDXTVL ,
47PYAP4SBT ,
47RX559NOJ ,
47RXVGDU4P ,
47TX6HMP4B ,
47TX9UESFW ,
47WM1WPMAM ,
47XC7EAHWE ,
47Y4F2VNKW ,
47ZF9S97A4 ,
485U2ZMAKN ,
48CKX5HFEV ,
48EANY62W5 ,
48JDBNGKDM ,
48JZWMJWWN ,
48N5H9A86A ,
48NC5HRO ,
48NDK3PHT5 ,
48PNDGKQLH ,
48RGPY988U ,
48WMU6FCPN ,
48YURDSPUD ,
49003MENUM ,
492ZOWMQHH ,
494Y5DE9SK ,
496KVNHQPF ,
4979AH9WJ7 ,
497PUKDME3 ,
498SSFGDV9 ,
49EIS47RTD ,
49ETN3QA56 ,
49HNY60REP ,
49HZ64NJK0 ,
49JGMDFWYP ,
49Q05EVNE0 ,
49QOP7QD6F ,
49QW6ZSV99 ,
49R46BQMS9 ,
49RHGU8RAP ,
49S7GUR8IX ,
49SSJSVDE5 ,
49TBXYQI0P ,
49TJYNC3QR ,
49UR3A72WG ,
49VPFTUUNN ,
49XO4C7FO2 ,
49YZRJK7R2 ,
4A2016WDGF ,
4A3VR6P410 ,
4A5U8GN3W5 ,
4A78FCHMTB ,
4A8FYNP8ZR ,
4A9WMVVQ6X ,
4ADC6A68NP ,
4AEOJLJXX2 ,
4AEVE3S8SY ,
4AHU9MJ89W ,
4AJJ6ZXB3C ,
4AKCR6KQRR ,
4AL04KFLDE ,
4ANR6XCCPV ,
4APCUA3O85 ,
4AQ8SPR6CE ,
4AS982QBR9 ,
4ASRJMUT3V ,
4AT3FRJ85C ,
4ATGC78QSP ,
4AVCHFAJZM ,
4AVCUVC9G2 ,
4AVGASCMK2 ,
4AZ4589A29 ,
4B25A4CMJ1 ,
4B332RXGQ9 ,
4B4MH7JZYM ,
4B4SBLRRFV ,
4B5WC7DAA5 ,
4B9E3JAUYD ,
4BACM522HY ,
4BCJC9EC55 ,
4BD0TJS8XK ,
4BDWMFSDVG ,
4BH6UWUCFH ,
4BHQGV3DR3 ,
4BM2ULOJNG ,
4BNJRF75EY ,
4BNTXWVE4P ,
4BP8R3QWXU ,
4BRZ08PFXB ,
4BT67HG5VD ,
4BTTWU52TP ,
4BXEWCQTGQ ,
4BXG6GHMTF ,
4C454QASW3 ,
4C5GJUHXHE ,
4CC9PQCX7C ,
4CE1HGA61T ,
4CKTHP5XQJ ,
4CMCJGSCBE ,
4CQ54DNUQZ ,
4CRM49AMEE ,
4CTY563KRY ,
4CU43EEED8 ,
4CWMW3LT5U ,
4CXFG7SABH ,
4CZRL7XNHC ,
4D36XBF9CR ,
4D3NKT8G25 ,
4D4N98BHRF ,
4D5CK84FZ3 ,
4D5G5K97N8 ,
4D9CQBETDZ ,
4D9U9F3UX7 ,
4DA4CE8Z2F ,
4DABQRAZR2 ,
4DAZSP4BUR ,
4DC669BHD7 ,
4DC7VKUCM2 ,
4DCJGU2VT9 ,
4DEAP57JGQ ,
4DEAYN6WZU ,
4DK4YEYAQG ,
4DN5JB3RN4 ,
4DNS3U4BUD ,
4DUGRDV3VS ,
4DVK4TVPUE ,
4DZWFG77RK ,
4E43WEGPNX ,
4E5REYNES2 ,
4E5XGYPZC3 ,
4E7NJC4JNV ,
4E8T4Y8YD4 ,
4E8XD2D7UU ,
4EADPN4NLH ,
4EG1XUMK2J ,
4EJQPTSP8J ,
4EL9LVS4LD ,
4EO6B5LAO9 ,
4EPNX4QCRH ,
4EPP7FMQSE ,
4EQHF5HAY3 ,
4EQRPAGSMZ ,
4ER5R5PYQ3 ,
4ERC80NOIZ ,
4ET6AY7QGF ,
4EUXARX57T ,
4EYAP627AX ,
4F2YHGOHWT ,
4F4BGE437X ,
4F5FS2VJWK ,
4F9NR7V2EE ,
4FCFAHT423 ,
4FE23NYB83 ,
4FGW8KEB2T ,
4FGX4B1RG7 ,
4FLMRK89PF ,
4FLY6EIJ9N ,
4FNES7H2AZ ,
4FP6O7O3NV ,
4FWC6P6JVB ,
4FXJ7ZXAXM ,
4FZMN7GQTH ,
4FZZDCZW9E ,
4G2VYT5DDJ ,
4G7X5663G2 ,
4G86AGEDM8 ,
4G95YBTJ55 ,
4G9M6MHHQ6 ,
4G9QF4UUVU ,
4GCJHAXV4H ,
4GF56E8A59 ,
4GFSSP3FZ5 ,
4GGC5KHU5D ,
4GLS3KAA ,
4GQCRMNHD6 ,
4GQU3MBWGD ,
4GS2F3FRAU ,
4GVH735EGS ,
4GZEA6B9FM ,
4H5PDI018R ,
4H5STDMKCE ,
4H5XML90FO ,
4H6SYW2E94 ,
4H9YBUHVYM ,
4HB892CVMD ,
4HBQEWWZH6 ,
4HD3EG8ZDQ ,
4HFRKFPXMG ,
4HG5J4EQAM ,
4HGG9DYZE3 ,
4HJ4EPT5WN ,
4HNXXEKJBT ,
4HQ9DEZG74 ,
4HR47XX554 ,
4HVV3TYXUN ,
4HY2ZZOI2K ,
4HZH3MUYKB ,
4I9S3I8RRB ,
4IQR8I6EQY ,
4IT0X7E2TR ,
4J9P57MXRG ,
4JAND3ZHQQ ,
4JGRG9U566 ,
4JH4XAH4SC ,
4JKAB9HI29 ,
4JNVQN2QB2 ,
4JNX4BHTBU ,
4JQK5X8U8T ,
4JTF7V9DH5 ,
4JTH7U57D7 ,
4JTPFHF55T ,
4JWSK22YUV ,
4JX6TUKEVZ ,
4JYDKSSUN8 ,
4K39HY6Y4J ,
4K46RQQYDT ,
4K4FF64Q5J ,
4K4TCRHBST ,
4K5VTGYEAX ,
4K973AVYQM ,
4KA48H2W67 ,
4KBZ4PY6RE ,
4KKEZ5XZ6F ,
4KM7PN5XWX ,
4KPC2TWANM ,
4KQASNVBPI ,
4KSBB6JWLB ,
4KSO8OQF1E ,
4KVE7XZMB9 ,
4L70Y7CG6H ,
4L7SHX4GNR ,
4LGJVK2OZO ,
4LIS1VZMED ,
4LM7LNC6RQ ,
4LQQFCYAFA ,
4LWZLHS2MH ,
4LZO2SFAGI ,
4M32U3FXRG ,
4M3AR9723E ,
4M3PSM44V3 ,
4M55TQ3Q54 ,
4M5SY8JZVT ,
4M69B1DJ5X ,
4M6R9EW6F7 ,
4M6V2ZP4RR ,
4M7V0XOVFU ,
4MBS5KT6BX ,
4MD5ZJTW9T ,
4MHOBEVX1G ,
4MRY2SF7VN ,
4MSPWEYP7E ,
4MT2RK3C7O ,
4MUKQBWUPW ,
4MUT53BU23 ,
4MW4HA5KZV ,
4MW7VA2VPA ,
4MY7XUPNQA ,
4N5KPYVJCZ ,
4N8V5PG3UW ,
4NA2YNQBU5 ,
4NAG5KFRN7 ,
4NB8JQU2U2 ,
4NCKVZDJAC ,
4NEHZ4Z2Q2 ,
4NEZYUT5M3 ,
4NFO79LSYZ ,
4NFTXAA3A5 ,
4NHNDXWZC5 ,
4NIMSVJNNE ,
4NJZGDJBUV ,
4NK4HE9BGG ,
4NPYA6THHX ,
4NQEDRB8GT ,
4NR8KG9AVU ,
4NVZD4GQAJ ,
4NW787LNUF ,
4NWHNWUGE4 ,
4NX2YB5UKS ,
4NXBRH6VEG ,
4NZKJFG2RV ,
4O8YO6F0TT ,
4OCZI9TBT1 ,
4OTGNYIJLM ,
4OY6GK3UT2 ,
4P5FPYVH7H ,
4P5YEEEWT2 ,
4P696E4R54 ,
4P9EMZRNAN ,
4P9PTWD1HZ ,
4PABMDY73E ,
4PCSWMWNW9 ,
4PFJJQPA4U ,
4PFZD6A0CM ,
4PI0CSXPEQ ,
4PKTWG4OSH ,
4PYLY9DV6X ,
4PYYME7V33 ,
4Q3G8SVGMA ,
4Q4EAVCC4B ,
4Q4RX61SG2 ,
4Q7K3H2T6Y ,
4Q8Q9PMQZ4 ,
4QA2WCMZXK ,
4QBVE9D5W4 ,
4QCK2S12 ,
4QD4XAAXOM ,
4QE637FTSD ,
4QEGUDY7MP ,
4QEIXF05IJ ,
4QJ6JY57T5 ,
4QKJ33R4XU ,
4QNFBUJ8BF ,
4QNJWHRMG5 ,
4QR2BG8MX4 ,
4QTQNEVWW4 ,
4QUCVKYRZ9 ,
4QWXCDW2SA ,
4QYBRR8H40 ,
4R6FGEZ6UJ ,
4R82DBBZCC ,
4RBUAX3Z8R ,
4RCRTTQFT5 ,
4RDAAKJQA4 ,
4RFMQ4P7XH ,
4RFN6587UQ ,
4RJ7PYEXJY ,
4RJLIHFO03 ,
4RJXQAJT76 ,
4RKZV457ZD ,
4RNFEAGNDE ,
4RR7TJVKN2 ,
4RSKNI2P3W ,
4RUL8AOPVV ,
4RVJNAEKT6 ,
4RVX9Z9UYA ,
4RWX1H1QMH ,
4RXMA7XNS4 ,
4RXMBW5UNX ,
4S38NGY42V ,
4S78MHRCCW ,
4S7NTRCPYE ,
4S93EHUPEF ,
4S9H5HCIX4 ,
4SB2WWGH98 ,
4SB8H3AYMC ,
4SFSCBJE9H ,
4SK7SGM48F ,
4SKTNFGOJ7 ,
4SKZ2MKSE7 ,
4SNOZL2E6E ,
4SPAVB4G94 ,
4SQLN7JYZH ,
4SQYHQPXSP ,
4STSVYM4AY ,
4SV54U9RV5 ,
4SVFVMY469 ,
4SVY4NF6J3 ,
4SWPJF2DCR ,
4T5CYYRSCM ,
4T64WFMN8N ,
4TF4ABLHOT ,
4TIR7KS75U ,
4TJR5QF3SH ,
4TJXWV95RK ,
4TQWRKHGKH ,
4TRW62XXZZ ,
4TXWPM1L2X ,
4TZZXSYSK4 ,
4U2Y6FZO0A ,
4U5YM58FBS ,
4U976B2ZBP ,
4U9EZ87RZC ,
4U9RRMWW6V ,
4UBCGUXY37 ,
4UE0FRRSSH ,
4UEG2NTGGC ,
4UHTQBD7UV ,
4UMNW99GNS ,
4UONA4FG7E ,
4USP4GYP0X ,
4UT4M8CCZJ ,
4UTSC3BD0P ,
4UUTKWPHGE ,
4UV2XKKCP2 ,
4UXCVCEJ2V ,
4UYTTU57NM ,
4UZCH4Q8HJ ,
4V6VW62AM6 ,
4VBK6XR9ES ,
4VC0JYX8XE ,
4VDDKC4FTP ,
4VDJXC6UR7 ,
4VFBZ2A9D6 ,
4VJ2V45OL5 ,
4VJ39WJTVW ,
4VKUWKZJ75 ,
4VM8SZ3WHW ,
4VPIRO5J6I ,
4VQC6Z0SBP ,
4VX49SFBY6 ,
4W1LNK2VYJ ,
4W252UPP ,
4W2U449LQF ,
4W3UNF4R66 ,
4W5F4JTXEX ,
4W8VJ9ND34 ,
4WCTN5TRTW ,
4WESF5H9D8 ,
4WF6QCNJW7 ,
4WN3NTZVKZ ,
4WT9PCS6HQ ,
4WTC6TZ7A4 ,
4WTJ9326UT ,
4WVG9WN3SN ,
4WXRKNT39P ,
4WY1ZMMJZ1 ,
4X1LSRBSNM ,
4X29YWJW66 ,
4X38KIAEI7 ,
4X4AXUUZQZ ,
4X52DM58CM ,
4X5QWY979E ,
4X5W2T8K7C ,
4X8V3UBON5 ,
4XBGYZNGZA ,
4XCE7BX7AZ ,
4XHY8CNBVH ,
4XK89QCN6R ,
4XL7UHWF6X ,
4XLL8QRB79 ,
4XM38RA4JT ,
4XMCTB9AF5 ,
4XMXXDJSU9 ,
4XNUX46ZFU ,
4XP3GNHK9C ,
4XTKAUB2PN ,
4XW2MJ6D6M ,
4Y6DCQNGEK ,
4YBGRXVJO5 ,
4YDEUPSVZG ,
4YDZ92Y0YK ,
4YHKH7J4QN ,
4YJKJAY3XC ,
4YQGHUL4IS ,
4YRW9D3FTH ,
4YTXZF48KF ,
4YVAH4XJN5 ,
4Z1RB8U7VC ,
4Z4DNV4ZCB ,
4Z4KSMDEUX ,
4Z8BB9HDGG ,
4ZE5QFMSZE ,
4ZFWKKVXAB ,
4ZNN4SE4DF ,
4ZQ8BFA9B7 ,
4ZQCHMP7ZJ ,
4ZTC9SUJ95 ,
4ZXSWK5A9A ,
4ZYM4T7JFS ,
4ZZBEA72VU ,
4ZZRM4FDJX ,
501571TF1I ,
501NOOXL8M ,
50GYMRJMUZ ,
50X8D36QK7 ,
513KZ2I0FN ,
514IVKIM0T ,
51786MERCJ ,
51A2NQX43C ,
51TLROFBP7 ,
51UCHBSRKX ,
524D2GB6C8 ,
525N4OM3VU ,
526X5KAV8T ,
527RD5A4N3 ,
527VDH4HN6 ,
527WS2G2FQ ,
529NX34DG9 ,
52DBQZESFY ,
52DZRB2V5J ,
52ENNHKNMB ,
52F8NE36JV ,
52K3QGXCB4 ,
52MHCX4BTW ,
52NSWQ5KEJ ,
52RACCSUBF ,
52SPZDV8C7 ,
52WVHD7HQN ,
52Y3FUNO2K ,
52ZENW3E7P ,
52ZJ6BFJFE ,
534ZKRZAR2 ,
5354T4GU9J ,
535HM4TONC ,
536887C8R6 ,
538S7XFDWH ,
53A9C2BY9H ,
53B1NKCV ,
53BX8F7GGJ ,
53E5UA4LK1 ,
53HP7TTA5U ,
53MQC0IY9Q ,
53NNTGTBXX ,
53OLNG7FUT ,
53PP4BHQ82 ,
53RNFA2GBY ,
53RSKZIWTY ,
53T3WCP2MK ,
53TU83HF3P ,
53VCBW3NDW ,
53W63472GI ,
53WA68X56T ,
53YQUZE48G ,
53ZP8QQ6QA ,
542Y9NQX97 ,
543GDRM665 ,
544E7HC6 ,
5486EVX8V9 ,
548CYELAQF ,
548Q3EF89F ,
548SB6239C ,
54A2MBYE5Z ,
54BVG2CWF6 ,
54ER4BZ1PU ,
54FG2YF8CC ,
54H9XFT2FC ,
54HZK5KCYD ,
54JTCPQ5MV ,
54KAG4DW2T ,
54KRY4825Y ,
54LUIZJDA5 ,
54NSFJJB2Q ,
54ON0YEFS2 ,
54UBH2BSZE ,
54XFMXMW4Q ,
555CCDHJP9 ,
556H2GJJKN ,
5574XQ3YXM ,
557BUSNZPH ,
557F7CT72X ,
55A2BYGIEJ ,
55A6ZJ27PQ ,
55CEJUT2HH ,
55CWSVMH4J ,
55ERQWFEGA ,
55J73P1EN1 ,
55MBWCYRDG ,
55N31V821K ,
55NZDRNK8P ,
55PCVQ3VX4 ,
55PHD9YH5F ,
55QUXJRSF8 ,
55RNE6Y6S1 ,
55UTQGGA3F ,
55Y95WVM3C ,
561LH9U00U ,
563R2U4VVJ ,
56692JFZ27 ,
568NED2G3E ,
568NMYJJME ,
568SMH6VR3 ,
568YE22MCM ,
56EAUZ7KK9 ,
56EPSTNHVQ ,
56FN6MEJYU ,
56GB2XFJ9E ,
56H586GF7T ,
56HFRKRVB2 ,
56JCUK46G7 ,
56P45OYOX6 ,
56Q235UYXK ,
56Q8WGK1WU ,
56QMR7UB6M ,
56VCKNRHNB ,
56VRMBZCNG ,
56YGXWUFTT ,
572QFPMMK4 ,
574823PCKH ,
578MJNLN7X ,
57E9M3ESFQ ,
57FRQYC2OG ,
57K4Z3LWTC ,
57MUDEZF8G ,
57NJFA87ZE ,
57QRZWHC2S ,
57QTM6DH4W ,
57RG9APGQS ,
57RMGEAQUZ ,
57TGXF9FWR ,
57UY76ABBU ,
57WQBNS5CC ,
57YUMUEZG5 ,
57YY3WZUY6 ,
581MS17PT3 ,
582764PUSH ,
583ZVR2J7Z ,
589QXSF8WF ,
58F7WEGVPS ,
58FVZNG6PQ ,
58GBGKAPJR ,
58K69EBH7U ,
58MG9JBMYP ,
58N2OZ6EIT ,
58NWA9WHBQ ,
58SS23U3UM ,
58TS254639 ,
58VCCS4J33 ,
58VL3OTLU6 ,
58WBD9UAPP ,
58WW48PPFY ,
58ZMJAFOBP ,
5959ZG3BQ2 ,
596DU9SHTU ,
596KUINHTV ,
596XTKRUXC ,
5973KNHFWR ,
5978TMVQAB ,
598EC99ATC ,
598KS9N7X9 ,
59ALX6UBXY ,
59AW7NZLK4 ,
59C2R3NV ,
59DHA0LEBJ ,
59F79GYXSP ,
59HXCJR8VN ,
59MKEZX92F ,
59N3KQUYGW ,
59NHE6VN54 ,
59UBQX2RKF ,
59UQ9GVVVW ,
59W6XJC7G4 ,
59WVXBNU6C ,
59WWQZ872X ,
59X6N5M0J5 ,
59XL0EAZM9 ,
59YXZRCHPC ,
5A3ECDN2NC ,
5A3FMUUHB2 ,
5A3PFANJPE ,
5A74A63YT6 ,
5A8DEP5QPF ,
5ACTAVW6PX ,
5ACZU62895 ,
5ADKUHNVSU ,
5ADXGGGTCK ,
5AE2RG2K3P ,
5AEHVVWAGQ ,
5AEWADEUDV ,
5AGDVRR0ZL ,
5AJ8P9KZWL ,
5AKWF2J2D8 ,
5AKYEM9P5R ,
5ANPRVWUW2 ,
5APKJZ2KTY ,
5ASBEQK9BW ,
5AXVAT518I ,
5AY4N5BKW3 ,
5B3E6HHGLC ,
5B3MRD6XSZ ,
5B3SXNEVV3 ,
5B86ELNQMN ,
5BAYC97C6N ,
5BB9A4TQ56 ,
5BBR6ET9DS ,
5BDB9APCQE ,
5BGPJ9VBH7 ,
5BHHPR48XW ,
5BJDKUDKWJ ,
5BL852NAUX ,
5BR76MHGWD ,
5BSKPXTJ54 ,
5BVPB5HXMT ,
5BVX3FCKMA ,
5BXA3J2YR8 ,
5BXVXDV2HR ,
5BY9U8UPHH ,
5BZU1P66YG ,
5C3OIXSX80 ,
5C4JEE5KC5 ,
5C534FNPWS ,
5C54D85H9W ,
5C8VF3M7ZF ,
5CBS2XV7V4 ,
5CCK4TF2R6 ,
5CE8S7X3QJ ,
5CM5994K2Y ,
5CNH38GDXV ,
5CNPH3MJ7F ,
5CRSSM9W5M ,
5CSPHFYTV4 ,
5CTEEC3KD2 ,
5CTNVZVY ,
5CV4KCU2R6 ,
5CWYH4VPMY ,
5CXSH3NS72 ,
5CYPHCPQHD ,
5CZPYMPN4K ,
5D4DCNFH2J ,
5D5B2JVS9N ,
5D5BHZBVXR ,
5D5NAR33KA ,
5D6DEYWABY ,
5D8XLEH00S ,
5D9EWJHGZK ,
5DA37Z6ESR ,
5DA8E7A4I8 ,
5DCGEWZ2YK ,
5DCZ9Z5H28 ,
5DGW5GVJTT ,
5DH5E8VEHY ,
5DK9CU5EMP ,
5DNM7QQCX3 ,
5DNNPH49WA ,
5DPGEHKENN ,
5DQPGQMPFJ ,
5DTX5K7GCQ ,
5DVQ4WQEK3 ,
5DVVNSC1WY ,
5E2AJPJNY8 ,
5E2NGC8RWD ,
5E3TFWHT7F ,
5E4R8STGVP ,
5E7E116ERA ,
5E7XXP4SW5 ,
5E9Q5YZ5VK ,
5EB9NNSZKE ,
5EDTC5XQHH ,
5EEH74INXB ,
5EIDJC0KIH ,
5EK53W2KYH ,
5EPW4XWUAG ,
5EPYXJ2STP ,
5ETNZDVV3N ,
5EUUFJ2DEF ,
5EUVVTACDF ,
5EW4VB2ZMJ ,
5EZW3W6DE8 ,
5F1A1GXF85 ,
5F2A59GA7Q ,
5F49ZEKXFA ,
5F4YACMC48 ,
5F8KV9ZF4Q ,
5FAPW9VG5U ,
5FAWHPBZUY ,
5FBXP8SP7A ,
5FE57C3JFO ,
5FJ8AJBH2Z ,
5FJK7WMM9E ,
5FNPUT2YUM ,
5FQ32CWYQR ,
5FUKDH5H67 ,
5FVGNDZH2K ,
5FY9WBMASN ,
5G6EE5E7QH ,
5G6N8UU26Z ,
5G6NYJSW5A ,
5GADBJKU8B ,
5GBWK9KTKU ,
5GM58ZFMQ8 ,
5GP6DBUW9E ,
5GPYN55TFB ,
5GQN2N3UH5 ,
5GT8JQ4QEB ,
5GUFJ48U7M ,
5GWJS2V74W ,
5H3V497KPM ,
5H6FYN2BHS ,
5H6XQ3HFEN ,
5H8K5VN74C ,
5HAUZRXUN5 ,
5HBJ3RF6GW ,
5HCWCBYJYC ,
5HE96SXQRJ ,
5HHVW7M786 ,
5HJ3VMNQK2 ,
5HM2W43Q3Z ,
5HQASNQKMR ,
5HS88EP9NR ,
5HSAC5FWEP ,
5HUEUWDSUB ,
5HVARDCEP2 ,
5HW2A9BMPZ ,
5HWDVZ829C ,
5I1DFGVLQA ,
5IIV8QOC79 ,
5IV212UDRZ ,
5IW3A7YL2P ,
5J1R8EEP5C ,
5J3M27MB50 ,
5J9P29PFX3 ,
5J9XEWIG1T ,
5JA5X293SP ,
5JF6EBB4W7 ,
5JGTZ3KKP9 ,
5JGVLTE6QT ,
5JMEKCVGJC ,
5JMQKCKB9D ,
5JS6W3XKV4 ,
5JVCBNG7MQ ,
5JX1O1AXMR ,
5JXVD5CTYA ,
5K2FHDU7NN ,
5K2V8SQSF5 ,
5K3Z84UDSZ ,
5K5N4D6AUX ,
5K98XQEPZG ,
5KA852BW4E ,
5KD7N9QREE ,
5KMDI5JHUM ,
5KPAPDGTZE ,
5KQ5KTSV73 ,
5KQDPVAK3K ,
5KTLLA2F02 ,
5KU2AKHF97 ,
5KUW9QYD6Y ,
5L29UQQHZ8 ,
5L38CFJLOV ,
5L9OAMTK3U ,
5LAW2B7PA8 ,
5LC9NM3SOY ,
5LNAIWZGBX ,
5LPDTHRVBF ,
5LQ6PVM5Z5 ,
5M5NAYQC5T ,
5M7BYXTBY9 ,
5M7CER7ZXQ ,
5MBS3MRWD5 ,
5MF3DT6NTJ ,
5MG1G8K7PH ,
5MH8WZ5T82 ,
5MHVVX3PD8 ,
5MI02SPFBM ,
5MJQ6VJVUR ,
5MQ28QRNKJ ,
5MR7BTBBDC ,
5MRE23254N ,
5MV7W27U6D ,
5MVUHERC6A ,
5MZK8J86DK ,
5N2C59WTZW ,
5N3TUPYNWH ,
5N8C5FE65V ,
5NB2ET7FXB ,
5NIBDPZQT8 ,
5NJMRPCT3Q ,
5NM7KPGZT5 ,
5NNMK376W7 ,
5NNQRIVE7A ,
5NNST8WPOQ ,
5NPVWVQW86 ,
5NRAIHSG0E ,
5NRCRPZLUF ,
5NTJVN574Q ,
5NY7NEEGJA ,
5NZ0VP7EGZ ,
5NZ3U4S86B ,
5NZRJ8ZE38 ,
5OD1CIHFAQ ,
5OEFXC0HE6 ,
5ORMVXUP28 ,
5OVJXGVHB1 ,
5P2NA066R3 ,
5P2QY43QTF ,
5P778YTU35 ,
5PB6MB6WDU ,
5PBRGMRFFN ,
5PFN7MWA6M ,
5PGMA720FN ,
5PJAGGDB3W ,
5PJVETPM5P ,
5PKU6PNTGW ,
5PRBSRJ7YD ,
5PWEJ2AATC ,
5PXU265M65 ,
5PY6E9SUYE ,
5PYZIQQJ7W ,
5PZRPEV5FC ,
5Q757MIG58 ,
5Q8ET887QH ,
5QHC54B8FE ,
5QM93YEUBA ,
5QNNYD8RDE ,
5QQTA9MFNA ,
5QSY4WS9JP ,
5QTQ8RPRNU ,
5QU67FEZ9Q ,
5QUG2J7D0O ,
5QUMW5E7W8 ,
5QUQQ9AXXF ,
5QVBRV8GRC ,
5QVEHM23XR ,
5QVWUXVM38 ,
5QWRMP44PW ,
5QWVXSYPRE ,
5QYH9PJKY3 ,
5R7UYJCZ3H ,
5R9RRBEZ6H ,
5RDTWV6HKZ ,
5REEGZTMNC ,
5RFECJN92D ,
5RG5U75G2S ,
5RJG9HZW6D ,
5RK4E75KRZ ,
5RNQSEDU58 ,
5RPL4D9ROB ,
5RPP8S72EN ,
5RSN5N6UDC ,
5RSVXAKPFS ,
5RSXVYYEWF ,
5RUMXU2P3N ,
5RWUYEKLP8 ,
5RXEVSUB3W ,
5S0KTSWSEQ ,
5S2D9GCY7D ,
5S2T33XPPB ,
5S49LELJDK ,
5S4ZACAJRD ,
5SA6F9XWFK ,
5SAC4NCQ5T ,
5SCN9F96BS ,
5SCU7ZJ5SV ,
5SGXK4C2NG ,
5SOEGLXU2E ,
5SP4VQE9D6 ,
5SWMPHRDRR ,
5SYCKAHDM9 ,
5SYF10S4D3 ,
5SZ8WUYTJY ,
5SZNAF6XLB ,
5T3BMPV2BB ,
5T4ATNJX48 ,
5T9924GTA6 ,
5TB6ZL2RMM ,
5TCKJU8TUN ,
5TDPBBQ2TZ ,
5TF2G8UPBN ,
5TGNMBQKWO ,
5THSSGYU4J ,
5TJUYP55BP ,
5TPTDRA7ZN ,
5TTW9FT4WG ,
5TUDDCH7FA ,
5TUT22KJTC ,
5TUY8BQ5GL ,
5TXU3TP56B ,
5TYC3PQHRJ ,
5U5MPU6YXF ,
5U9ZTHJIKB ,
5UA6Y8X4K5 ,
5UAPGABC2A ,
5UCEE6JTQV ,
5UCR3J9GYR ,
5UDDBAYEC2 ,
5UF4C79FWP ,
5UFJNKX8JX ,
5UFPVTN7S5 ,
5UG98NV22X ,
5ULEJV3Q2K ,
5USBM74P43 ,
5UTNM45VEQ ,
5UTT1YLOL9 ,
5UVMQ5MURS ,
5UYTYNQ7FT ,
5V5JTEBS5W ,
5V7PTE7YXZ ,
5VBHS58FMA ,
5VEYEB2JRX ,
5VFFN4SN47 ,
5VGY4GRHLH ,
5VJEG8W474 ,
5VJWFJT8EF ,
5VQE4TJNVM ,
5VQWH8HS2L ,
5VTWZ3273W ,
5VYMROLMPH ,
5VZRFNSEVA ,
5W3C6UPM4F ,
5W7N6TYCK7 ,
5W88KAVF32 ,
5W9Q7UJTQ9 ,
5WA4P8JBXM ,
5WEDQKHJSB ,
5WEP6L1AC8 ,
5WGK2TCKR8 ,
5WH9KE6ZMS ,
5WKUGR8GDK ,
5WNP8M5MN6 ,
5WPA6GF6HA ,
5WQHC3CW5R ,
5WRYTZ4MQD ,
5WUNBSTKB9 ,
5WUQUSN4AL ,
5WVGYHKYFM ,
5WWFC9OGH6 ,
5WWKBRP7RV ,
5WZPYQWSQL ,
5X4M44RIRJ ,
5X56N2TAPY ,
5X678PRCWC ,
5XBMP47PNT ,
5XCJGX3DM2 ,
5XDNSMX75J ,
5XE3G8578K ,
5XE8BERWS4 ,
5XJ1CTLF ,
5XKABD4W8D ,
5XM52UH667 ,
5XM6CQ48FR ,
5XOSEX64VG ,
5XOWI4H7GN ,
5XQTNSQ97T ,
5XSESFWB87 ,
5XTMSQR3CC ,
5XUHZ5F5N2 ,
5XYCIIPEBA ,
5Y36MEV3WV ,
5Y4Q1M2Y24 ,
5Y4SRKRZAD ,
5Y5K6GJJZY ,
5Y672V7N22 ,
5YBSNDYAUZ ,
5YDW5ICWA9 ,
5YE94XPN8R ,
5YEWZJA7BX ,
5YFBCGQHC7 ,
5YFC9VE4GE ,
5YN9QXQ9AF ,
5YPG4Q2WNY ,
5YPRX3CBZA ,
5YUHR4J8W7 ,
5YX9ES09 ,
5YXKTRG5WA ,
5YXNYC3TJN ,
5YZ2RUTGY3 ,
5Z2BA8J5WJ ,
5Z2VRSDXHF ,
5Z3YT5VBHM ,
5Z4MT1QLLF ,
5ZBFTHC7AQ ,
5ZCQTT577G ,
5ZE8KF6BD2 ,
5ZF5GKRNJZ ,
5ZGMV39RVE ,
5ZGTU19EQR ,
5ZHOWSABAX ,
5ZIGP4QJ5Q ,
5ZIT39SY7Q ,
5ZJPDUJGQF ,
5ZQ1ZF33X6 ,
5ZS7W33ZNA ,
5ZT9VFXFSN ,
5ZTKQG8JNV ,
5ZU22VGYTT ,
5ZXMWRYP6F ,
5ZYF5Y9CB5 ,
5ZYN5EWN6G ,
600PI8JA14 ,
604XHHA7RG ,
609G336TZJ ,
60BCE4R6PS ,
60HQY1L03B ,
60XCPEARRG ,
60XO0V81C8 ,
610NK515L8 ,
61FL2TO9M5 ,
61I54QPFPK ,
61UB1ZLNC1 ,
626ET3FREZ ,
628ZEHJKCJ ,
62B6WHW9CH ,
62CPYKPBN3 ,
62DAGP2ZNC ,
62F62H7EZK ,
62FURVSS2W ,
62GAPVV8PK ,
62H2WSGA8F ,
62IAHUOHBK ,
62J4DMIKF4 ,
62JJS8D3MK ,
62N6HPTXUS ,
62N7A576WD ,
62PFMR3R93 ,
62R6MTB7WZ ,
62RJSMZVKJ ,
62UCSW5H5C ,
62VXTHC8KT ,
62WUB5WE9V ,
62XKESF9HO ,
6326RK7Y3H ,
637Y2P7SUM ,
638N5XHXAQ ,
639KVGVUGU ,
639MUJUS7V ,
63CFDMURK7 ,
63DIQPA5HT ,
63DYB9QDQ4 ,
63EE676KQE ,
63EMS3FYHK ,
63F1B1N9A3 ,
63GMX7Y9UK ,
63JOF1I82K ,
63KCWEH1XT ,
63RE8PVQAJ ,
63VZDMA562 ,
63YF5HGG8P ,
642ZWJSG25 ,
6454K8YC5G ,
6462IFG7VO ,
6476DQ8Y32 ,
6480BCAVOS ,
649V9VW353 ,
649WDUJNAS ,
64AV3GTEZ7 ,
64CVCHYJGG ,
64D4G46ENQ ,
64DAZJ7HUU ,
64H8QRGRJ5 ,
64K4XBW8ZJ ,
64KTXDX5R7 ,
64MMWSSFHK ,
64PMNJKYUR ,
64TPFMDJW9 ,
64WWU42W8K ,
64XY2ZVST8 ,
64ZPKGNV4T ,
652XW5MYJ5 ,
6536MH3CUJ ,
654RM37ZCR ,
655ZZN4SKE ,
656FT3ZN4H ,
6584Z7EYRJ ,
65D8CCWAFT ,
65EK2BQHCH ,
65EWT4SZRZ ,
65H5MWNB28 ,
65HLRVTWMY ,
65PR3GTVFQ ,
65PYAMGXG5 ,
65QPKWU6B5 ,
65UJO102DK ,
65WJEW8D63 ,
65Z58TTS5N ,
660QENH5LF ,
662XJ7D8DM ,
6639B6YZYB ,
663GHJAWFC ,
668R3QKXTR ,
668YBC8RXH ,
66A2XET52N ,
66C8U727KY ,
66CBJGYG48 ,
66CM96YKCB ,
66CQPWDOPH ,
66DFMKYKU0 ,
66JHG7RBSS ,
66KE9RJWJP ,
66MW1Z5CC9 ,
66Q694B9BC ,
66QF5MD61K ,
66S1H3GVXL ,
66SAPQN2WR ,
66T6UF2XNM ,
66TYMDJXN6 ,
66UGTVTF5U ,
66ZRL5G1DI ,
66ZWB9B16D ,
671GXFZ8OO ,
67475G9DE4 ,
674DEJG02M ,
676WSYHTJ1 ,
678MWSYEYK ,
678REYWAFC ,
67DVPF5H75 ,
67E9QZ5E6U ,
67EEFUAKSV ,
67G24KZN3N ,
67G6W73EAW ,
67J84X7SZR ,
67NMEJR3YH ,
67P29NS3T3 ,
67S3WQMXFP ,
67TT8RZ6BY ,
67V27MNY39 ,
67WMHGX5BP ,
6836DHV5SW ,
683VCEG5J7 ,
688XQEBU8A ,
68AXJNCC66 ,
68CFJHNOP5 ,
68D2BQDFSQ ,
68F56JQHTZ ,
68HMGNANJT ,
68KC4AGBPG ,
68KT3ZXPDT ,
68MU8D96S2 ,
68QVAEE5T2 ,
68S3V5QFN7 ,
68V6WHCBTK ,
68VELV1LI7 ,
68XTAP3HE8 ,
6923GCQ7MU ,
6957NR4CFY ,
6988NB3W8G ,
699GDHSQPK ,
69ATI4GVV9 ,
69CHZST3GS ,
69DRYDCQRD ,
69GH9MV99Z ,
69HEQ4WT3N ,
69HV6FCNEX ,
69J3197WA8 ,
69JT8DBG6N ,
69ME8XN574 ,
69NSGNCWCZ ,
69PJHYNQDH ,
69TKUJGQQM ,
69UBRAKNNV ,
69UG69KVVC ,
69UJKUQXM6 ,
69V5VM953K ,
69V6CUAY7M ,
69Y29EEVA8 ,
69ZBPZUV7J ,
6A3OGNLDIS ,
6A4AZMC49P ,
6A57PXVR7U ,
6A6UCYW2PX ,
6A7FGCU737 ,
6AB6CA4DEA ,
6AD2RBU4AZ ,
6AHUZWX4D5 ,
6ANJ47NHMR ,
6ANRHZ3FZZ ,
6AOQ9DINOO ,
6APA8XSAS3 ,
6AQOFKKPHJ ,
6ASC3UPN8N ,
6AV6FU7947 ,
6AWZN62JSX ,
6AY9UG8XD8 ,
6B3SSQXKRY ,
6B4YYPD8PK ,
6B652YZTYZ ,
6B8CG2WPKN ,
6B8N2SKHS5 ,
6BCH69ZWRJ ,
6BE5U5CWAM ,
6BEVARWABM ,
6BF7G2S2WC ,
6BF89YWGXJ ,
6BHQZZA2KQ ,
6BK2ZN8XC4 ,
6BKAJVOL4H ,
6BQ5PF6XFQ ,
6BRWAZ2NZ3 ,
6BTRDAQR2Z ,
6BWVA4KSCD ,
6BXPJE3942 ,
6BXTEAZEVQ ,
6BY6KR5K6Q ,
6BYHH7R2PT ,
6C2GHN6DXU ,
6C44A6E16Y ,
6C4H9NRAKH ,
6C56R725T5 ,
6C9DDEPBSK ,
6CAVGD762J ,
6CC564376W ,
6CE9YUNAHZ ,
6CGN9WG9N3 ,
6CGRQ7DQUD ,
6CKN5WNUXO ,
6CLO5Q97K3 ,
6CMD6RJH3Y ,
6CPIGULTZK ,
6CR92SKP5N ,
6CRAG7JDAJ ,
6CRPK5X4WZ ,
6CWP332T2J ,
6CY84C7VSD ,
6CYUPTG6UP ,
6D0G6VAQKD ,
6D1CW3V9U9 ,
6D3NYVRT3H ,
6D3XDUYSTM ,
6D50Y9BY0R ,
6D6C9QR4MY ,
6D7BS592ZC ,
6D7DS8FVGU ,
6D859HSDXT ,
6DABBT11WC ,
6DD9FQR7TG ,
6DJX2SVS4Y ,
6DKJU90LWI ,
6DRH2MTA8P ,
6DTMSNNKSC ,
6DXMJ87TUH ,
6DZJ4BDXJM ,
6E390IZLF0 ,
6E7KXC4YSY ,
6E8VH668EY ,
6EASJEUYMX ,
6EB77KAWMM ,
6EC7E2TWDR ,
6EEPHTQANK ,
6EFK8BCF6K ,
6EGY28WF3K ,
6EH9S2RJBK ,
6EJWF44B88 ,
6ENK8PZYBM ,
6EPB9KSCKS ,
6ES5QRU2MW ,
6ESMZGE2VN ,
6ESQK4T6EV ,
6EWCI28FVD ,
6EXTUGF2FJ ,
6EXWLUKLEI ,
6EYJ3HUK37 ,
6EYPPQ9YCM ,
6F01UL13UI ,
6F5KHTGVAG ,
6F7M8GBYU8 ,
6FAUFRSAK6 ,
6FBFPU6F42 ,
6FBZUARY9A ,
6FDTRF56VX ,
6FFE3WNDMC ,
6FGXQNVZBZ ,
6FHRY5EG7D ,
6FJEFZQJGA ,
6FMFVKFBKY ,
6FNEKWKAW8 ,
6FPUF44RST ,
6FSR8ZMH25 ,
6FU4NKFTZP ,
6FUUNOAEHZ ,
6FWJMUSAGR ,
6FZB6GAJ57 ,
6G6Q7PE4U9 ,
6G6STBCOSB ,
6G9CB1WRE9 ,
6G9WA2AE4S ,
6GAP7VUVUT ,
6GBPOGSUOH ,
6GF2BGA4SD ,
6GGVCVGHPS ,
6GH2Z3TXRP ,
6GK2DF6D4Y ,
6GKWX92MC5 ,
6GN36XQVD6 ,
6GNMD5HRSR ,
6GO595X1LN ,
6GPSE82NZZ ,
6GTEJ95RX2 ,
6GTM6HNFQR ,
6GUX7VHEPA ,
6GVU8L4V ,
6GW668EUFV ,
6GYD7HCZ44 ,
6GZF9UHWKU ,
6H26A2F76F ,
6H6CC389G3 ,
6H7WMX7ZAG ,
6HAH2QHPVK ,
6HC9VWGPU6 ,
6HGG8FTW3T ,
6HGYYAXEUE ,
6HNVTJ8CZ2 ,
6HP8CFI3XZ ,
6HPBGZCJC8 ,
6HR8TL2P9D ,
6HSJFD2LLY ,
6HSTIKPGQT ,
6HT84ZX5R2 ,
6I133F0H22 ,
6ISB6A80Y5 ,
6IZ98F8FUH ,
6J3JDEWQSX ,
6J8GNAA78G ,
6J9MKB3566 ,
6JACM6EJJ8 ,
6JAUDGYXR1 ,
6JB4EO6MAF ,
6JE5442JT2 ,
6JFYQY74YC ,
6JGSJ8TCPK ,
6JHAZ7Y7KK ,
6JJW98W4SS ,
6JKJQTQCUV ,
6JN4E55GBR ,
6JQQ6TJSDZ ,
6JRFY2V6WB ,
6JTXQVD3KF ,
6JXNYNGCDD ,
6JZ8FGJPDN ,
6K04IMXMFI ,
6K3NCBY3DV ,
6K5ST2BMNM ,
6KC3EDFFDQ ,
6KDPS5UGYW ,
6KDWXXY2ED ,
6KERVY8K3Z ,
6KH8EZZGHU ,
6KHWZDKBMH ,
6KNC6RTS2V ,
6KSJFRTQJZ ,
6KT7ZOSSB2 ,
6KUUE2A674 ,
6KVSJ86RS7 ,
6LMAYQ5MPL ,
6LOFDYOK82 ,
6LVVCB0Z ,
6LXZHTQCG4 ,
6M62DQVBXV ,
6M672RM69A ,
6M6CU8663P ,
6M94C239DP ,
6MBFC3FW94 ,
6MC6STQDZT ,
6MD3U9X28Y ,
6MDYABJKVP ,
6MFUMPYHW9 ,
6MGNG5E6U5 ,
6MGWTQSH51 ,
6MVQPX3N3S ,
6MVXUY96HH ,
6MWHOVNQU5 ,
6MYF6Y5H69 ,
6N2RHWPD ,
6N8YRFSKWF ,
6NAEZNSG9E ,
6NATHSGDA3 ,
6NCAXVSZSN ,
6NCFQZR2LN ,
6NM48QZ4BR ,
6NMMQA99JW ,
6NNB533CD5 ,
6NRARDSX63 ,
6NSN7SEBW8 ,
6NWJ4MK2WJ ,
6NZK1OU854 ,
6P3QTSJMD3 ,
6P47JDNKNT ,
6PA2YFJ92J ,
6PAWDBESUB ,
6PDDEVHTNN ,
6PJMYRP5M6 ,
6PN99WRQZ9 ,
6PNI2GH6N1 ,
6PNP3PEDNE ,
6PUQ9QQ4E7 ,
6PX6Z448WW ,
6PXWRURU2Q ,
6PYFNRLACE ,
6PYNX84AP9 ,
6Q2JWUSXW4 ,
6Q4A9ZYVXC ,
6Q4RHYJG3T ,
6Q67H6K6MK ,
6Q67TTU64P ,
6Q7AI5XMXP ,
6Q7FYGVRZE ,
6Q85KHN5UN ,
6QB1ZLY395 ,
6QDT4EYFH5 ,
6QDVDRFB7Z ,
6QECXMRKFC ,
6QEFMJVWGE ,
6QEJFB8F77 ,
6QHBQM5USQ ,
6QM9NQK7B8 ,
6QRW473T63 ,
6QS46VWPFP ,
6QT1J21ID1 ,
6QT45IPT ,
6QTHSUZUZF ,
6QTZORFCWJ ,
6QVZ5KWDDK ,
6QXU43RJ2X ,
6QZOOY56UI ,
6R22VFJHEV ,
6R527TSW9X ,
6R6DAGWANK ,
6R6MVYI7ZN ,
6R933E3FDT ,
6R9E8DAX2P ,
6RDUNVSAYP ,
6RF8AZ99M5 ,
6RFND4JWGK ,
6RJG60TRD0 ,
6RPCF1N1MY ,
6RQD286774 ,
6RUWT78GUX ,
6RWZMQN5SB ,
6RXPJ5YTNV ,
6S2QT22DU5 ,
6S6OWC6JI7 ,
6S7265M3FE ,
6S7NG3HNHU ,
6SC4PEX7Z3 ,
6SC573ESX8 ,
6SE8KUJEPJ ,
6SEZ6YD6C3 ,
6SGWVR8GTY ,
6SI545N0QM ,
6SKM4JNWSZ ,
6SMKBDM4ZA ,
6SQAG63HTN ,
6SQM2APP ,
6SS54QLK3P ,
6SU3HCOZUX ,
6SUZ8K6RV6 ,
6SV9FNVZZF ,
6SXFSGQFHQ ,
6SXSWR2V6U ,
6SYAFXGBUB ,
6SZW9GEDZ7 ,
6T1AUTS3KF ,
6T24KWZAAT ,
6T289FBYQA ,
6T2J8NOPG5 ,
6T5WUGZ3HC ,
6T82F4TNPT ,
6T89YE7LDX ,
6TAZS4C6UR ,
6TBSVGGT3M ,
6TCNWXZVTB ,
6TCNY2GG3S ,
6TGMAPMW9X ,
6TIHDNQ2L4 ,
6TKHARGGVE ,
6TNK6PXZBT ,
6TR4TD8R9V ,
6TXYNA8EYM ,
6TYQB5HBCD ,
6TYUECPHAL ,
6TZD6ZGQH9 ,
6U3SNAVDHS ,
6U6XZE3Y48 ,
6U7RH7KDCJ ,
6UFBK3JKEP ,
6UGB554MDW ,
6UGYAKLS9I ,
6UJ5DHHWWD ,
6UK2J4C60A ,
6UKASVBWEM ,
6UMEPEX7C7 ,
6UQAHKWHZD ,
6UQQ0OPWE8 ,
6UUCV9G57Q ,
6UX54D9VJH ,
6V028H1BY0 ,
6V336CG96R ,
6V4AF5UPCF ,
6V6TRTTCZN ,
6V8BBYJ3UM ,
6VBDZVLPSN ,
6VFR5HWVBW ,
6VI5BVF314 ,
6VJGSWHUV6 ,
6VLXJQXDZ4 ,
6VM6774NLP ,
6VN2YP7Q2Y ,
6VNSNPQ5BR ,
6VR6NMRT31 ,
6VTUQ6JGZ7 ,
6VXVG7RDTD ,
6W21V7OY45 ,
6W54FQSHNH ,
6W7MWZK5YN ,
6W7N9ZJSRQ ,
6W99AFGBCN ,
6W9N8VHAWD ,
6WA9YA5ZX6 ,
6WAMGC2HKV ,
6WB5AQ5JH9 ,
6WD9TIYD4I ,
6WH887OGZD ,
6WQAGYBTGO ,
6WQZDM6HN8 ,
6WR3TYM7 ,
6WRUCVV2TX ,
6WSMATT5P5 ,
6WUMNBK4NY ,
6WUSB5QMNA ,
6WV3KM3YFF ,
6WVMJHJXGE ,
6WXRAKWRJY ,
6WXVXZHCV6 ,
6X1IYXRGPS ,
6X24BQJ7B9 ,
6X4FTTJCZ5 ,
6X4GZWCQQB ,
6X5TNMDE5Q ,
6X9J38XPV5 ,
6XB7TH9FX7 ,
6XBB46DRGN ,
6XDQVBZUNH ,
6XG22VWZGT ,
6XHJJTE92I ,
6XIB0JP2JL ,
6XK7JMXOAG ,
6XKBBY1WA2 ,
6XN29AYK77 ,
6XOXARSJFJ ,
6XS9TENJRB ,
6XUV5M8V75 ,
6XVKS8NPXJ ,
6XWYGWY8RY ,
6XZHPPXZ4B ,
6XZRUX0TH0 ,
6Y0CGJQCTR ,
6Y2XQQ3VVJ ,
6Y3XIVHKUV ,
6Y42U2KVTN ,
6Y6W3TR83J ,
6Y774GJ2A9 ,
6Y7FCXQZZA ,
6Y8NM3DJQD ,
6Y8PB4832R ,
6YC7MKUBF3 ,
6YCQ4NS849 ,
6YFX2UE4H2 ,
6YK2MJ762R ,
6YN846KNQW ,
6YNGGGUPYK ,
6YNNC7XN8X ,
6YQJ99T4GV ,
6YST3E4PTA ,
6YUMJQKZDS ,
6YW5CXFRP7 ,
6YZ7KVVWF6 ,
6Z2Y4YHTTU ,
6Z4C5QQEZ7 ,
6Z4J25U8YV ,
6Z4NDQPY4U ,
6Z50JWOSTP ,
6Z6CB3ASVJ ,
6ZAQSEWST6 ,
6ZBZ9PDU54 ,
6ZD3E4FQZU ,
6ZDEKA8K7D ,
6ZESC4FW5D ,
6ZG3EPG484 ,
6ZGTNQVAUB ,
6ZHEC9WYQS ,
6ZHU5BCF84 ,
6ZJBG8IUQ2 ,
6ZJUQ1M646 ,
6ZKB3HGPJ7 ,
6ZMFKG394F ,
6ZOIA16UVR ,
6ZQ5QJ327Q ,
6ZQXN951ML ,
6ZRUPIXQL1 ,
6ZSVPHEHAS ,
6ZUGXGUP98 ,
6ZUTAM7XW9 ,
6ZVQP4CLD8 ,
6ZYQBDSNTJ ,
70JG11ZCXO ,
70TYLPLSTX ,
71HCKMJI7D ,
71I98R8MBU ,
71K01OST0W ,
71M3EWABKM ,
71NJGSLCA6 ,
71UPZKF1E1 ,
71W0MVVS6E ,
71XKKUXBFO ,
71ZEB0NC1S ,
71ZX58D0V2 ,
726YRCQ4JW ,
727GJ288VM ,
7291OKYRGE ,
72AOT2K2PM ,
72CQJB6Z53 ,
72F792WCZB ,
72GBWCKJD2 ,
72HUX8BJD9 ,
72JM44Z52C ,
72KBRQ2MCF ,
72KD4CFM4U ,
72SEY26W95 ,
72SQ6NWAJ7 ,
72T6V9EIJK ,
72ZSCM76BB ,
730RBTVXBJ ,
735YMJFVBD ,
738BD4G7VJ ,
73AQ9145XH ,
73BZQ4AQX3 ,
73DF4EQY9T ,
73OJKRHPQS ,
73QF7UEA3X ,
73TPT5YSAW ,
73VX65N6EH ,
73XKET4QN9 ,
73Y98ZFAEO ,
73YHDXE8BU ,
741CN8T410 ,
7425N9597B ,
742I2P9R8I ,
744BQZS36B ,
7456AUJJZR ,
7466CDYMKV ,
746FPU7E3Q ,
746KSVMDZS ,
7479VBHZYA ,
7489ZNM7KN ,
749BQ4H7RV ,
74BASNYJ2J ,
74C332SUZW ,
74C7EVRD74 ,
74D9B89PXR ,
74ELR302JZ ,
74F7C24ZBP ,
74FPGZJA53 ,
74J2KEBPHN ,
74KDAZVNXB ,
74KFCTFENJ ,
74Q85S5K24 ,
74Z8G6GHGV ,
754KC22QXP ,
7581AP5GEI ,
758RB5K2MS ,
75DUMXJPGQ ,
75G2CPWGTZ ,
75H2D6PWEE ,
75INXRO97K ,
75MOJKPS85 ,
75SCBASDC3 ,
75TJ28NZUH ,
75V9VU55KJ ,
75X0E1UHP1 ,
75ZJ9BH4AK ,
7645KECT25 ,
7648MJSJQV ,
767YTP1NIE ,
768E28NWT7 ,
768R8R96N0 ,
768ZH9PP5K ,
769003QV3F ,
76BJUQN6A3 ,
76BMTA4GY5 ,
76JEEEJFHT ,
76JEZ2D4QR ,
76KK5X78ME ,
76QDM3ZE9Z ,
76RVAR6SJH ,
76SS1OCOSA ,
76T5XYRCCP ,
76U58KR8H3 ,
76VWNB8C6C ,
76YFPJVPE7 ,
76ZEBC6M65 ,
7722Q445QR ,
774BYFYFKA ,
774NUBA2NP ,
776VPL9PC0 ,
7773U77KCC ,
77ATPGMP6R ,
77B01CDU4C ,
77BXUND6HE ,
77CD27ABTQ ,
77CQEH2WEV ,
77EGKJK9B1 ,
77G0MLCSC7 ,
77G6JBQNBT ,
77K7H5SQR9 ,
77KWC4YEVY ,
77NBGUJXSZ ,
77NRVQMTM0 ,
77TTNR5WVA ,
77Y0IBA0ZW ,
77YRNX5MIJ ,
77YSY39O5U ,
781HQSPIRY ,
7827NKMY2Y ,
782DGSWOK8 ,
783DCJJMTK ,
784X8SDKNZ ,
78679ZEP6W ,
78AULYPLUP ,
78BJK43XUE ,
78BVWMZYUN ,
78CQ2KXS7B ,
78CZNB555H ,
78D8X78SN8 ,
78FUPZ4B3N ,
78KDDUUQ8Q ,
78MA3DY3EQ ,
78SH2QKTYD ,
78VRA8AR ,
78YJSW0N0H ,
7924TUTP3D ,
795DFCKPT5 ,
796F66JMJ4 ,
79967F433Z ,
79A3U45PQ2 ,
79BQMN24NZ ,
79BTURXXRF ,
79ENIRGC2B ,
79F3E2F8S3 ,
79GT9FYCZH ,
79JB7P95SY ,
79JBIDJU ,
79KMQWW7ND ,
79NB3B53QA ,
79SBYXCXRT ,
79U006FJML ,
79UKJU65FB ,
79VU9TG94Q ,
79W5R5MSKL ,
79YBQDQ7AB ,
7A1BCJGUMJ ,
7A3BPYXUDM ,
7A3KUEGUVZ ,
7A3X79YQH8 ,
7A64CX8UE4 ,
7A7MCSBSSD ,
7A8ER3QN2P ,
7ABCZKVTXA ,
7ACVUVI9BB ,
7ADAVNZRB3 ,
7ADZUR5MVW ,
7AFA3QDVTU ,
7AJ5PPZA5J ,
7AJCE4W4ZQ ,
7AJUEWL2BF ,
7AKHLERMX8 ,
7AM94VJ2VA ,
7ANGT6H943 ,
7ANRJNZXJX ,
7ANTMB8UPN ,
7AO66DIZ3R ,
7AR6EM6DHD ,
7ASMFVDG9Y ,
7AUK6J67C8 ,
7AVRYX42UD ,
7AXAB3L2 ,
7AXMZYE1I8 ,
7B1803IJIY ,
7B1MDIR8EV ,
7B2UIC10DE ,
7B4TSGWXX8 ,
7B4Y4ITFIW ,
7B5R2FPBJY ,
7B6FSXWYTC ,
7B9SAVXNFO ,
7BCKUXCGQ3 ,
7BDMMJJQ74 ,
7BHN000MMH ,
7BHYBXJJBY ,
7BKENUHS6V ,
7BPNQ5H7B9 ,
7BR141ASVO ,
7BS8UW6DS1 ,
7BTVH7O7BZ ,
7BVEYM239C ,
7BVJYK8YXO ,
7C2MUDVX9E ,
7C78G9KUZQ ,
7CA744HRXZ ,
7CATY7DT9A ,
7CCAYLO78H ,
7CD66RRWCC ,
7CEKBJWJ2H ,
7CEWWH8ABX ,
7CHH4FYBMF ,
7CHRFFYMVA ,
7CIGNDAFDH ,
7CK47QZKDB ,
7CNRQ4QTIR ,
7CP74WG35J ,
7CPSN3WJKP ,
7CRDGRKPJW ,
7CSN9TDS4V ,
7CT6XRMWYT ,
7CV6FP6KNK ,
7CW00AS6B5 ,
7D2PAUBMCM ,
7D8H3ZRY67 ,
7DAJS9PI6L ,
7DAY4TPIPU ,
7DET6DYJ3Q ,
7DFS2J95JE ,
7DG96ST454 ,
7DHSSN4DMQ ,
7DMY5C5BC8 ,
7DUNVV3ZGB ,
7DWRZV5NTJ ,
7DY7DJS6EB ,
7DYWVJEPQE ,
7DZ9B04P8Y ,
7E22H84S4P ,
7E7SN8TAXQ ,
7E9U3RX8KS ,
7EF0CXGNCY ,
7EK8U5NY57 ,
7EQDD21UZL ,
7EWFFXF6DG ,
7EWT7X3UM9 ,
7EX76S8TZ8 ,
7F6Q4ZYMVD ,
7F7TQARCRJ ,
7F8N9362MM ,
7FBTRRJWJ7 ,
7FMTV33N97 ,
7FNAAFSWP3 ,
7FQHA8PYO9 ,
7FRJWSYNR6 ,
7FTWA7N54G ,
7FU3DKX34T ,
7FUTZHNXT2 ,
7FWJYQNVZP ,
7G38JPY6QN ,
7G46UFUCPD ,
7G5XCY7TUX ,
7G7GU65ZDC ,
7G8HDCX9W2 ,
7G8KN189V0 ,
7GA2HQ5TUS ,
7GCC5S45U6 ,
7GGLAKP2 ,
7GH2KERCX8 ,
7GIPX1V8PF ,
7GJDMXXDWD ,
7GL0BEYSMX ,
7GN2HPRX6N ,
7GND843P5H ,
7GNTGHR9SF ,
7GNX66DFKZ ,
7GQQA9F48H ,
7GRB68HD3N ,
7GVRVAZWRM ,
7GVV5J6YGW ,
7GVYVFJWRG ,
7GWMGQJMZC ,
7GY11JI82Q ,
7GYCW04G ,
7GYX5A5FU6 ,
7H72NQWMEQ ,
7HACJTJUCQ ,
7HAK3K2D9S ,
7HBSAQK9PS ,
7HCFRBATYT ,
7HDPBTBBKB ,
7HJDKH44P4 ,
7HMCT52IZW ,
7HPB99U7GW ,
7HPD5ZAEGP ,
7HST5ND9YW ,
7HV26CHUMJ ,
7HV48WUDSK ,
7HWA6VQYCS ,
7HWK6RVFEQ ,
7HWTUFK94R ,
7I2DM0MRX7 ,
7I87QTFBIK ,
7IFXYSD111 ,
7IPNLG8XAR ,
7IQTNOMHJL ,
7IUVJN6CY7 ,
7J1ZLQAZFK ,
7J5DTC9RNK ,
7J5HF88T4U ,
7J65ETKMRZ ,
7J9ANAS8AF ,
7J9TD6F47B ,
7JCZH8FJ2H ,
7JGDKTV78T ,
7JGNN7MYLT ,
7JH245UGQB ,
7JH2XXFDZN ,
7JH73AQQSM ,
7JILYFN4KN ,
7JKF74DDGC ,
7JKKTSDNB2 ,
7JQ5EN7J3R ,
7JQVKNH5CB ,
7JR2U77GYU ,
7JUJYCZKCQ ,
7K25CMEZF8 ,
7K5Q4KJVY9 ,
7K7HE884JC ,
7K82XPCXZ4 ,
7K84KRD586 ,
7KAPZ7V254 ,
7KBP4T5SBU ,
7KCJPU8QQM ,
7KGWACB2QG ,
7KJMAKRU34 ,
7KMRWUSU4H ,
7KMVBAH9YZ ,
7KQ7JFS843 ,
7KQP3F7VY3 ,
7KR9VEA1CB ,
7KS2YTQTSQ ,
7KT2M9HZD8 ,
7KUW44G266 ,
7KVXMBBEZK ,
7KXQDTHDJD ,
7KYG4XCNCS ,
7KZ2JPFBHG ,
7KZUDVGX34 ,
7L92LKHUAM ,
7LDRQYUNC1 ,
7LUIAWV0E9 ,
7LW1U7JPVQ ,
7M45HD9MEM ,
7MAWS28S9D ,
7MCIKS32X7 ,
7MCYBXYCPQ ,
7ME9VETGQU ,
7MFDRZ0P5N ,
7MLWSDMC1F ,
7MNDY72K88 ,
7MSHUMJ4NB ,
7MTKPRRPDP ,
7MUE2B768V ,
7MURDKSYBK ,
7MV6UDRXKV ,
7MW7XSNRNT ,
7MWA6VX2CH ,
7MWSUWHMXY ,
7MWTCJQ51V ,
7N2D2U4RYP ,
7N6RTMFRDW ,
7N8BAVMBF2 ,
7N8RTTBN7U ,
7N95NPQKRH ,
7N9E99TJS4 ,
7NB3C6B9EK ,
7NFZRAG963 ,
7NGVQP92TP ,
7NHH5P4GSZ ,
7NJRBVQGRH ,
7NLHTP8CQ0 ,
7NMH3GKIRT ,
7NNZDHYP4X ,
7NP5CTGGW9 ,
7NRBY6MPT8 ,
7NREMAPE98 ,
7NV9DGKFZ3 ,
7NVCGTVFWB ,
7NVGDPV9DN ,
7O07MHSN ,
7O95V2MD4O ,
7OUOS2MY4J ,
7P2EFYTDPJ ,
7PAFYJ5D8D ,
7PD23Z6QTA ,
7PD9Q3QR6M ,
7PDNYA3Y4R ,
7PEM7JFYP3 ,
7PFYC5Q2E7 ,
7PGNR2ZGXU ,
7PH4MNU7KS ,
7PJB2QEXXS ,
7PKE96358K ,
7PP5M2UUAE ,
7PQM5E9C86 ,
7PUHEYTRVE ,
7PX28C87QG ,
7PYXHSGTR7 ,
7PZ8P8426U ,
7Q244REK7K ,
7Q5XXHMDRB ,
7Q6R55QTVH ,
7Q7TJENUJM ,
7Q7YBZ8SPM ,
7Q8EMF3V2U ,
7Q98YOQCB4 ,
7QC8JV5QVV ,
7QD39ZG64J ,
7QJ2AEXUQS ,
7QKBEM9UWK ,
7QPJXHY86F ,
7QPQUR8XMT ,
7QQQU7AV9G ,
7QQYDD39K8 ,
7QXF85NE8H ,
7R25OM8XAG ,
7R4GCVARTS ,
7R6D4GQT3H ,
7R6EFJWMYR ,
7R6FZMWZ3W ,
7R7RU8IP37 ,
7RB2YNROXM ,
7RJ74XKHQT ,
7RMHY6UEXH ,
7RPMMI46OV ,
7RSASD3UGW ,
7RSJWKK47J ,
7RTVPPNB2K ,
7RUXWU62WF ,
7RVQ777WD2 ,
7RXTQFNJ84 ,
7RY65U5Z72 ,
7RYU0QBPHA ,
7S293NCWRC ,
7S4Z4BUJDQ ,
7S5CUT5FM2 ,
7S8D5GRWUX ,
7SB2TQBYWG ,
7SB9B5N57R ,
7SBHJVWZ7P ,
7SC5EW3T3B ,
7SCSGT97BH ,
7SCWRYQT ,
7SDYDRMX9D ,
7SH3DMCRBG ,
7SNLQZX8WH ,
7SRMXBBVHT ,
7SSBCDDFZU ,
7SSVTYQTJT ,
7SUDEU8PHP ,
7SVEHXPNUJ ,
7SVSM7FB2S ,
7SYVEJWX4H ,
7T3RHRFW26 ,
7T4J42OICZ ,
7T5FBPQU6S ,
7TAQ93QZKP ,
7TBM3KRSTF ,
7THJYXGBDG ,
7TICTH8UUL ,
7TM2UEMJ6G ,
7TS8U44Y4P ,
7TVPAP8W94 ,
7TX4DU87M9 ,
7TYTG6FTN5 ,
7TZSSFT2MD ,
7U59XA5C85 ,
7U5XE3P9U3 ,
7U9V4DF498 ,
7UB9VWR00Q ,
7UCNUGYK9J ,
7UF9Y7TPZW ,
7UFXS5NECU ,
7UGLHO7UBU ,
7ULUZBCMRL ,
7UM8BRPEJJ ,
7USA9MDESG ,
7UU38249Q3 ,
7UYV3KWTU7 ,
7UZ6B9DHSM ,
7V5GDAY5VQ ,
7V75P4RDRQ ,
7V94ELRXQA ,
7V9QSRJ8RY ,
7VEZE7BX2W ,
7VG11X6V65 ,
7VJBVCGM7G ,
7VKHYXWS5R ,
7VPDRTCXKP ,
7VPKD2J686 ,
7VUMDPYTC7 ,
7VV22TMF12 ,
7VV96T69E6 ,
7VXTPS9JZX ,
7W2YAR3G3S ,
7W3STRMW3C ,
7W4UUYRCPQ ,
7W5QVJ8KPK ,
7W5R2DHJZA ,
7WEUED3B8A ,
7WHDNPAKYH ,
7WHJQXDAFO ,
7WRZK3NKVA ,
7WS2ABF5DQ ,
7WW7ROO780 ,
7WZKSX7C5B ,
7WZUKMWY3T ,
7X4GKUUYXT ,
7X9J95N6U7 ,
7XD7MGTXLG ,
7XHYC2SCH6 ,
7XJHM7RL9T ,
7XJVT7UMPC ,
7XKFPEKYGU ,
7XMTXNKD63 ,
7XNHEHVSHA ,
7XPOZ9BRJC ,
7XT52G3KJK ,
7XT6NXJACF ,
7XUPFP9NZA ,
7XW2ZSJ66K ,
7XW4HY25A0 ,
7XWQ8XYTUX ,
7XZQK0T21V ,
7Y3EPEHV2Y ,
7Y3MMDSF76 ,
7Y54HAA7VB ,
7Y8U3XF3ST ,
7YDQ8DA6H4 ,
7YEOX0H5WD ,
7YFKJRTF9D ,
7YM34A3DS5 ,
7YM7C2DDJM ,
7YUFHPYOP1 ,
7YVSPAPUP6 ,
7YXQ3THMWJ ,
7Z3THVSHX6 ,
7Z4N29V89H ,
7Z56VHSTYV ,
7Z5TJHKYKH ,
7Z5VSPWPCC ,
7Z658DA8WF ,
7Z6NRADU8E ,
7Z80GFI4QH ,
7ZBH75NUF9 ,
7ZE3FSLMIM ,
7ZF4G4ZPBY ,
7ZFVW0Q6 ,
7ZGPDVJ6C7 ,
7ZHJD6V2MT ,
7ZITMP88E0 ,
7ZJDLLL155 ,
7ZJFMJEC9V ,
7ZK4XYUTTY ,
7ZQ73HYAZG ,
7ZRYY8GEH6 ,
7ZS4VWUX5N ,
7ZZ55H2UB7 ,
800HUY19YY ,
803DVTZ817 ,
808YMX78BY ,
80K6FA10E0 ,
80U1T8WVL4 ,
82379ZSUM4 ,
823U5OAOGE ,
82668FN5Q8 ,
827FCZFSSV ,
82BEDPT3AB ,
82C968U56U ,
82HYSWDC2H ,
82LYNINZGR ,
82OYH6J08V ,
82Q4YTZ8ZR ,
82S2DHAC52 ,
82WQYRKMDJ ,
82Z678D8BS ,
82Z8FF3X6E ,
832D3M7RQA ,
833KMGWR3K ,
834PHMHQ55 ,
835WNR9UJP ,
837QQJP9PV ,
83AG6MJZT9 ,
83BZ4YU9C8 ,
83C44V28R9 ,
83CK74NWPP ,
83J8HHW2QJ ,
83M7WQA5PK ,
83MG2PBAJW ,
83PQHJHFVU ,
83T9CYRTXV ,
83U8UJFHNB ,
83V66NYPHM ,
83XDYT2S3P ,
83XZ5RD8KY ,
83Z6DPR4R7 ,
844ICQFYFB ,
846SGP37YD ,
8472DF96T4 ,
847W07WK2Y ,
849EXRGSA5 ,
84BRUDCXPV ,
84C6ARRJ4J ,
84EYVAGJNE ,
84FYYX22E8 ,
84RXH9DWNH ,
84SAVW8DHH ,
84YYZVHW2M ,
84ZVGMH3OV ,
85224VHRB3 ,
85562MPZPV ,
856G43VCNL ,
857JN4ARE4 ,
85GZQZT7EY ,
85JDYOFUY4 ,
85NUWJJQHD ,
85NZPXT39Q ,
85S6VKAKFC ,
85T95UQCR2 ,
85WQ9BBQPN ,
85ZXGGSAKB ,
8628YYPNH1 ,
862WT9XZGX ,
863MVHH7ZF ,
864KD87S4B ,
864NRU9NUB ,
864S4NBMBE ,
8664JUTADS ,
866KA85XG3 ,
8689NN9K2R ,
86B687YD87 ,
86DYHXLS89 ,
86E4QENG4V ,
86FQGC5PQR ,
86MFKW87AH ,
86MQP3Z66B ,
86NX963P1W ,
86PKVBTD32 ,
86Q75X9PSS ,
86SA9VB9PQ ,
86TKMWGCR8 ,
86V22VMGTB ,
86XX96WBCY ,
86YXS9P4IG ,
876GN5C9DQ ,
877K6TZH28 ,
87BSJ30WGS ,
87CRZ5R8VZ ,
87E6K3YCRH ,
87FGRIR5CU ,
87H6QE527V ,
87HYHJ3ZLX ,
87JTGSPCMN ,
87N7GP6NUX ,
87PRVRQYPA ,
87QNQV9NX5 ,
87QQ7HSX44 ,
87R43X5EJ5 ,
87XURUCV5W ,
881EO6SARH ,
883DHQGPSG ,
884Z6HBR4S ,
887QE5RBDG ,
887U9UWAVT ,
888VU42RKM ,
8896UXTC6W ,
8899MREW9S ,
889QP5LH2W ,
88BO7XROVK ,
88CBG3D9NH ,
88DEWVVBDG ,
88EH7MBZNZ ,
88N5ACZ8F5 ,
88OHKJSZ72 ,
88PTPYAZKQ ,
88SA4D2XQU ,
88U8GK4YRN ,
88U8MXUSAM ,
88WTD6H74F ,
88YLMOQP ,
896HT4MQJ8 ,
897S7ZKVAB ,
8990GRHXAU ,
89A6JEWKVY ,
89FD8EM8CC ,
89GAWPUMWB ,
89KCCWHNJF ,
89LSJYBMB3 ,
89MDO929DO ,
89PSTTNMAY ,
89S5DPZYGV ,
89U69C4BXK ,
89UHE4KP2B ,
89VJVEETSC ,
89YC84RR6T ,
89ZXSQFTCD ,
8A2DJJKEAS ,
8A3Y8BM4VV ,
8A67NWYGFC ,
8AA7MQCW8T ,
8AB2EF9JPX ,
8AEGHRXAKS ,
8AFYQHJ5AD ,
8AKZB6A8Q6 ,
8ANC2JJZY5 ,
8AQUBVYWCK ,
8ATXWCFD4Q ,
8AU2KKPPRE ,
8AWD3Q4GM8 ,
8AXQAGR23B ,
8B7R36D32J ,
8BAXA33XKZ ,
8BBJVS2TWW ,
8BCHPF37F5 ,
8BDMZ9EDBF ,
8BM92F88D3 ,
8BPA31YTC6 ,
8BTVW8KDT5 ,
8BXYVB3WYB ,
8C0RYA1SB6 ,
8C253BD95R ,
8C4E6G4GZ8 ,
8C57J3CR36 ,
8C7PVU9VT2 ,
8C8TUD4DFJ ,
8CBSSCSZJF ,
8CCCJF39Y4 ,
8CCE4K3JTN ,
8CCSQ85TSB ,
8CH2R69WEA ,
8CHJANKBWS ,
8CJ0XVX8OC ,
8CK6ZRY7AZ ,
8CMJDHT59W ,
8CMZW7R29Z ,
8CPWUSYKEN ,
8CQ8ZH3FPZ ,
8CQUFKRK5G ,
8CSAZAPGTR ,
8CYXT83QZ2 ,
8D0ZLPNXJ9 ,
8D3D866ABK ,
8D6SUPNZSX ,
8D7XHK5WNV ,
8D991INIYQ ,
8DA3X3SN3X ,
8DAWYCAC1V ,
8DBNBMMTCP ,
8DFRS5MB46 ,
8DO7PJAGI3 ,
8DO8XT5R5R ,
8DPKVKKTJS ,
8DQVNGEC8Z ,
8DT523H3UN ,
8DVXK4QSZG ,
8DYYEBLTBF ,
8E4A9C5H7J ,
8E9ZVA8Q3U ,
8EA76F6AW4 ,
8EAB2BK5JH ,
8EDERPRW4A ,
8EE3YT3G6J ,
8EHMUT7GXK ,
8EJFSMDYMB ,
8EJWNZNJZ5 ,
8EMWTXN7I4 ,
8EPBDQUV6Z ,
8EWGDERM6J ,
8EZGNPXUFD ,
8F1Y390TB5 ,
8F2QTSK7V8 ,
8F3YE6SK8G ,
8F7A4UF3VP ,
8F7JUL6YH0 ,
8F7MEHKMRZ ,
8F95UQMJZS ,
8F9FAK98J4 ,
8F9PVY1OPU ,
8FBYHXX0CI ,
8FCY5WQ32X ,
8FDK945YQ9 ,
8FHLEYCNW7 ,
8FJAS36MHK ,
8FJJ8Q6RJG ,
8FKQPPSW9B ,
8FN2QPKMKI ,
8FNWBKXRZ4 ,
8FOT6LVCX5 ,
8FP3UWDJE2 ,
8FRJSJ60VG ,
8FW23MHZ52 ,
8FXV73UHQK ,
8FZVZ8G5KG ,
8G051752V2 ,
8G163IQCO1 ,
8G43K9H8MH ,
8G44SNQF2B ,
8G5YDFR3KE ,
8G8FARNTWG ,
8GA4MNDBXW ,
8GAPH3AXRC ,
8GARQ3WZXT ,
8GBHTTT7R8 ,
8GBKVYTA49 ,
8GF99D4PVK ,
8GGJY4AE9V ,
8GGM0CD0IP ,
8GM5X2CCME ,
8GN3TWHXRZ ,
8GN6XURM9W ,
8GVT7W23D4 ,
8GWD6PEGT3 ,
8GWZ7TYBAE ,
8GZUCSNBGS ,
8H11SZCQ7N ,
8H9L5UBOLF ,
8HBA0LYY ,
8HBNPRSCDU ,
8HC65UJ6RC ,
8HDU47EJ98 ,
8HI5I01ZVZ ,
8HIBPOGQEC ,
8HJKINXSZC ,
8HKF5EJ23Q ,
8HKJ7NRNGD ,
8HKPL6IWSE ,
8HMGUEF5GR ,
8HMPDZFBBT ,
8HNZGK5J93 ,
8HOABC0MGI ,
8HPDTCQMV7 ,
8HQJ6H5HY3 ,
8HR7M67S6U ,
8HSQ3S2M9Y ,
8HSY2SMPU5 ,
8HWC7TK7HD ,
8HWD7MUIXF ,
8HWJJH27GU ,
8HXA4YWGFE ,
8HXXXCKUS4 ,
8HYF2SZS7U ,
8I1ANKBYTH ,
8I2YMEN1B4 ,
8I49CA2POR ,
8IKFS4WK4F ,
8ISKOVVKNF ,
8ITSR2B6OG ,
8IYNXSC3R2 ,
8J2332CB75 ,
8J2TZGD3RD ,
8J2X6KHAZ3 ,
8J3EJP3UQ3 ,
8J4H6U49KX ,
8J4K4KMK87 ,
8J71JX4SYP ,
8J7P26U3UU ,
8J8WJ4JYGV ,
8JCEQ8NJK3 ,
8JCSP6QPDT ,
8JDNMMREZP ,
8JMRQGAWMK ,
8JT46EHMAN ,
8JU746MS38 ,
8JW9VH3JWK ,
8JWJWX8RNV ,
8JWZ6PWCDU ,
8JX6PV6GN7 ,
8JYNX5AESX ,
8K09C1J2O4 ,
8K3ECTR9SK ,
8K4A2UV2Z9 ,
8KBC8DCEXN ,
8KDZ3WYXUD ,
8KGNAN82QK ,
8KJ8MBHB85 ,
8KKUPADKKH ,
8KMQ6KD19A ,
8KMXQ9X39D ,
8KNBJY7QAM ,
8KNDT394PQ ,
8KPVHJWVGY ,
8KQQ3TZ69H ,
8KQW5QHSWF ,
8KS4TMCPUZ ,
8KSRJ06AY0 ,
8KSSJNYYHX ,
8KTDG2N306 ,
8KVMMC5JZE ,
8KVV8EDV7H ,
8KW4V7QK59 ,
8L5AKLEJ6Q ,
8LJT35Z3NU ,
8LPF51UCAU ,
8LSFQXQALE ,
8M25GQV22F ,
8M73K84SC3 ,
8M8H9E78P9 ,
8MGFD4KQVP ,
8MHFFGGS5M ,
8MHQGTOMLO ,
8MJ4JCEW30 ,
8MTNVYCFVU ,
8MVMHJJ4AD ,
8MW3QREKA4 ,
8MWHA2HI3U ,
8MWN4T24ZE ,
8MXBNLOYYD ,
8N54HUAYUK ,
8N5CP6QTS4 ,
8N85AEZGWT ,
8N8EBVXCEW ,
8N9JVV8ZRW ,
8NA534TDFQ ,
8NB9V63SQR ,
8NF98PQ3KD ,
8NGXRTC3KZ ,
8NKZ7P74K9 ,
8NM887B9ZJ ,
8NOG38303S ,
8NQP6QWWTS ,
8NSFE5SXO6 ,
8NSVCXM24T ,
8NVP5XQ9B6 ,
8NX725XMEM ,
8NXEHUVHHD ,
8NXEQUUKGA ,
8NXYJWUPYE ,
8NY728BZ9D ,
8NYSA2J4JY ,
8NZPBP3RT9 ,
8OCVBOHEIB ,
8OGOQ7WQSG ,
8OHR8Q4RVQ ,
8OLXDE1GVK ,
8OVCV9KSC5 ,
8P2MTWAY1V ,
8P78Z2EDNB ,
8P9NZWVR2G ,
8PAAVTM6W6 ,
8PCP59DMYP ,
8PDBG34E7K ,
8PDJ4JBUHW ,
8PDPR9OC1D ,
8PE7BEDTFQ ,
8PGXZES2V2 ,
8PI5C8LGNW ,
8PJAHBFEC2 ,
8PJKAEX9YX ,
8PMB6M5G2T ,
8PNMH0BQH4 ,
8PPQ8Y2JN7 ,
8PQDE71LB0 ,
8PSAU24WSF ,
8PSM4WH3DK ,
8PTSJGK3TM ,
8PU6VZAR7C ,
8PUGCR6UMU ,
8PW3F5ZP8D ,
8PXRQAV6FY ,
8Q4N4483J4 ,
8Q4QINBZKY ,
8Q7T6PK7QG ,
8QAXFFGSPT ,
8QC9DWB3CT ,
8QDV79WW7Y ,
8QFXMG2Y39 ,
8QHPWK3WHW ,
8QJR9ZH732 ,
8QJXF26PJJ ,
8QNCN6978R ,
8QNXB2CHZ2 ,
8QQ7GVU4XK ,
8QQD9VPT4K ,
8QRMVUSPM3 ,
8QS6Y0RG2Z ,
8QS7U7ZG7U ,
8QS9K6H5W2 ,
8QT63RWXCE ,
8QUVTRXGQ4 ,
8QWCGT7JED ,
8QYMT28BUX ,
8QYQ56XKTX ,
8R32AJ79US ,
8R54U1H9BF ,
8R6XTQPB ,
8R8Q9AWE9V ,
8R8WXZEYE8 ,
8R8XPQ8RDK ,
8RJ5U82VFP ,
8RRQD4D2GM ,
8RRWKCM2YH ,
8RS4PXB7NY ,
8RSP48PEW8 ,
8RSXW3526O ,
8RVSH3JY5H ,
8RW8FSL4Y2 ,
8RXNLQ0ZBB ,
8RXWACKMSY ,
8RZR7A8TZC ,
8S7BSF3HU9 ,
8S7G9PN2ZE ,
8S9CUW49ZT ,
8SET765ARB ,
8SSHT37XFW ,
8SWSASMFEZ ,
8SYU4NNWSF ,
8SZVR4EBNU ,
8T2ZGPUMCK ,
8T4A1K2P4M ,
8T57YYY87R ,
8T7VRXTHX3 ,
8T85U6WDPE ,
8TAEGRU3H2 ,
8TAM6DX57H ,
8TD67VA5OK ,
8TD7Q2FXDG ,
8TD9LP5EB9 ,
8TFBAFZUPJ ,
8TG5S7FB8N ,
8TGQEDN8EG ,
8TGVXSR4KW ,
8TIUNX9AQT ,
8TNVFXQNDR ,
8TP36A7Z9F ,
8TQ2CRVPV2 ,
8TQDR8DCJK ,
8TRWPWMZ8Z ,
8TWLTL92LM ,
8TYMQ7B2TE ,
8TYUYNHBIQ ,
8TZ0CTQ2NR ,
8TZ3CCERVC ,
8U3CAJ3U7Q ,
8U5RX8S4SB ,
8U7UE955A4 ,
8U84J8VDSC ,
8U97KNSKM2 ,
8UAPU2GSHJ ,
8UBTKLYGFS ,
8UBW6GY68Z ,
8UDR3SR6HB ,
8UNUX0Z608 ,
8UQ27HDR8Z ,
8URI5877NA ,
8URR8J5VR3 ,
8UUJ6S4K3V ,
8UV6N39VX8 ,
8UXHNVV2EX ,
8UYMT83NSF ,
8V2XTX9ZGY ,
8V3DXCZAEC ,
8V45I8HK4U ,
8V5WDT6ETX ,
8V6VK0UNTI ,
8V6ZHF9P2T ,
8VADKQ9C7J ,
8VBVKWHMCX ,
8VC2SGZQRA ,
8VCSDSXM8D ,
8VDYQF6AJZ ,
8VEJDYKJPH ,
8VGD3WM7RF ,
8VGRAKJSV6 ,
8VMDGTTV7F ,
8VNX54K9YV ,
8VO5VVDN06 ,
8VR6FE83EL ,
8VSWSP96Y8 ,
8VSWVYS4BN ,
8W2KZZF8QX ,
8W2Y5WGMXF ,
8W3R8HJGTF ,
8W3ZTK6CYG ,
8W4KZYQFYC ,
8W92LQBRTF ,
8WASAH6D98 ,
8WBVFNH3QY ,
8WCUPUT37L ,
8WDDUFWJ6K ,
8WDSFCS6BA ,
8WDVCEMF8S ,
8WE9Q7PEX9 ,
8WHFRS1RB8 ,
8WN5REWGET ,
8WPN5UGP7N ,
8WTBKD59XF ,
8WUHB7CDCT ,
8WVWQAXMOV ,
8XB376E7P4 ,
8XBR39RNT9 ,
8XC263V2OE ,
8XD8BWCLMQ ,
8XEJ3KFFXB ,
8XHGVVBIQU ,
8XJJTVGGZX ,
8XMDFBUJ6D ,
8XPBA8GF62 ,
8XQYBEACBB ,
8XS60FQL2S ,
8XSKRXKNW6 ,
8XVRKG63P8 ,
8XX4PA2ZDY ,
8Y4ET3SJ9D ,
8Y7NF6CW49 ,
8Y891OR537 ,
8Y96Y6GAH4 ,
8Y9YV2MTH6 ,
8YAHOKOS23 ,
8YEUNUJCCS ,
8YFQFQR3WK ,
8YIPUB0232 ,
8YO0CVMWMU ,
8YQFGZGMQA ,
8YRBCYHK93 ,
8YS93K7IQT ,
8YUGWESTZQ ,
8YVQTBMK3J ,
8YY5PEN466 ,
8YZHE62G8Z ,
8YZQEKYQGS ,
8Z1IZSETEW ,
8Z4DGEB7Z2 ,
8Z7VS4X9GW ,
8ZAQZKR2NV ,
8ZDX7SLAFM ,
8ZFUGHSQFZ ,
8ZG6FU7VHE ,
8ZI55183F6 ,
8ZOZT5CYTD ,
8ZPB5SNZP8 ,
8ZPCJRUSQ3 ,
8ZQJ3AUUNM ,
8ZV4WCKNNS ,
8ZZUBSNAGG ,
90HKDAUVMQ ,
90MWKHPYXA ,
90OPZQRZ4L ,
91JJ872JW6 ,
9214XNBYT0 ,
921X7P9NY9 ,
923EN1WGFX ,
92572TW863 ,
927ZHX277K ,
928YRJ4R7E ,
92933ERVJR ,
92F6YPR7JJ ,
92FI5P3C0V ,
92FNV60R6R ,
92HPRJXWKE ,
92HSYXQSUQ ,
92PMSCSUBJ ,
92PNFGZNQH ,
92PO9Y22NO ,
92S22Q9AB7 ,
92S58BN77O ,
92VMW7CXV9 ,
92W5QMDZH6 ,
92WJJXS6AR ,
92YHBJD8TR ,
92Z8BEKEDQ ,
92ZTHMKEYT ,
92ZWM6JZ2S ,
936SUNEXB9 ,
9394Y5FYED ,
93A3RC75FT ,
93BKZH8425 ,
93C62XLGH4 ,
93FZ56XXSM ,
93IN5HGW3D ,
93KV8NCYZC ,
93KX7XXH6E ,
93PV5TPZHB ,
93QHZFVQHB ,
93QPBED7VY ,
93R76PS3Q5 ,
93RCTFRXFQ ,
93SUWAURDH ,
93TIM7FHYS ,
93UES2UWPZ ,
93VRU5JZ53 ,
93WTZIY4GJ ,
946WK53E7E ,
9498XCSVTR ,
94A3TZD5VW ,
94EC498AGB ,
94EKDGZEUT ,
94FMGS7TTJ ,
94JTZVZ9F6 ,
94M8C69WWM ,
94STURTWZ9 ,
94TJ74KG2W ,
94WFC65I45 ,
94WQOUUI4R ,
94Z7XA5QTT ,
9545APAHHZ ,
95CDC6Q6MZ ,
95CXAWSE6G ,
95GXH878 ,
95H5AAX3YZ ,
95L1IKX2Z7 ,
95MFT2T9H6 ,
95P4VBG4JV ,
95Q9KA3AMZ ,
95U3K3XSXW ,
95VY2QBNTR ,
95YK4DE3JU ,
9656RXTJSX ,
966XRDNKVR ,
967MT59GZ6 ,
96B3VZDADH ,
96C2W689AJ ,
96CGK255TP ,
96CNTPCMEN ,
96D55B4SVR ,
96DD83Q32X ,
96DQV4FCYP ,
96JKTC3APS ,
96KDLXUA4P ,
96KTBZZYXD ,
96MTHZTFB4 ,
96PQJWRRM4 ,
96PX8AGUFQ ,
96R2DJXMZK ,
96S3XJUU63 ,
96W85C2UR8 ,
96WIO4DABX ,
974F78AP9Y ,
975DSKBHEJ ,
975MND58SM ,
977G473B6H ,
978FNKY4N6 ,
97C9JJ7BW2 ,
97CMSNHD8U ,
97EP3WTYVJ ,
97FQM7KPD3 ,
97FVF2BC0J ,
97GH68MUMM ,
97J7U3MK6J ,
97KPKTHWDJ ,
97PFDOFLOO ,
97S30IF2YC ,
97SD4UBFJS ,
97SVD6TRQC ,
97TJH3SM5K ,
97UBTC6XCE ,
97YYY7MDXJ ,
98379LKCMK ,
983IJ3688J ,
984HDI0ZJH ,
98749H94CE ,
988MRDLDKX ,
98FVSF6077 ,
98HCD4JMNK ,
98JVZPAP3Y ,
98MJYTMDQ3 ,
98N2TXGH25 ,
98PKW5ASX7 ,
98QQGF2CWP ,
98S281S4R2 ,
98TF5XW4CZ ,
98ZGJ3YMLX ,
993THWBQ3D ,
993YZ2GCX8 ,
9949AUE5XF ,
998Q3MRGQQ ,
99ACVJ9QJ8 ,
99CPPHEM65 ,
99OS6M3I ,
99P8SAYKKB ,
99TAHETHNZ ,
99USJQTSGS ,
99V3MB637S ,
99ZJ8AKXMX ,
9A23YX3V67 ,
9A36AJZ45V ,
9A3RD9R3KB ,
9A5C4PZAHT ,
9A65RK3KX4 ,
9A6RQ17OSJ ,
9A9SVQGVJY ,
9A9W4KAAGN ,
9AAPXEFPTQ ,
9AB7ZFTF5E ,
9ACAFS3CJG ,
9AD885SX3M ,
9AE3WVJSY5 ,
9AEDZM2CYE ,
9AKKWRDNVF ,
9AMTV6HBXM ,
9ANUQDHQFC ,
9AOQA8DET9 ,
9ASTWM8RM3 ,
9AVBD8CM89 ,
9AVEXVY6KZ ,
9AVHEZ9NM6 ,
9AVVHSDFRR ,
9AXRNHRTPI ,
9AZ9AY95GB ,
9B2TOWN5U7 ,
9B3Z1NDP7F ,
9B6DFFXKZD ,
9B6HC8X6BQ ,
9B7WD6X86M ,
9B8NUFEYE4 ,
9B8RDU42H9 ,
9BB3SPJKGN ,
9BDC5US9BT ,
9BI5BTICL3 ,
9BINX94QYC ,
9BNQFPN5WB ,
9BNVJYKHXB ,
9BNZ9A5DZJ ,
9BP9CTK3UA ,
9BPDR8KMUK ,
9BPER8T8ZQ ,
9BPF25UX5T ,
9BRGZ88QPU ,
9BTIBARWV6 ,
9BU2VUPR9V ,
9BWK2MRMXK ,
9BZC52R9QH ,
9C1VZNIDAK ,
9C2ECWXJTP ,
9C3S3GMGCH ,
9C42HKYYB4 ,
9C7HKCBUFM ,
9C84465QD7 ,
9CA5DSFPEZ ,
9CAFB645K3 ,
9CAP7YTMJ5 ,
9CDA3MQ7D6 ,
9CEWQGPEFC ,
9CGSU9WAXB ,
9CHCB1RK6W ,
9CHZXZH85K ,
9CJ5WCHQSO ,
9CQ3K41M1O ,
9CQNBFU2BE ,
9CZSFDW4I5 ,
9D2YC3KJST ,
9D48ZY2JBG ,
9D51XLEBCW ,
9D8MZHZS56 ,
9D8RT7DE7Y ,
9DEL8DHJH2 ,
9DLSLJK3IH ,
9DMJMYNHN7 ,
9DN7UR2SQE ,
9DP8QDJCDY ,
9DQUYSJOSA ,
9DVPGHRQ8R ,
9DVRY50SJ0 ,
9DWUWRW6HS ,
9DYXR5CX9H ,
9DZJSS8NU7 ,
9E2LL35L1R ,
9E2R86QESK ,
9E8QMJTRSG ,
9E8QY65U12 ,
9E94AH07XF ,
9E97RJAPF8 ,
9EDGGASEMB ,
9EDTQVHDYQ ,
9EE6DV76DX ,
9EGQ64USBZ ,
9EJ89CZDP5 ,
9EJJ2MKD65 ,
9EN7IBPTLD ,
9ET2RH3RR7 ,
9EVJEM2RZX ,
9EXOJF8PDJ ,
9F4MEHVKR3 ,
9F56VE5UNK ,
9F778BJSBZ ,
9F7XDK8M6W ,
9FB9M66SZO ,
9FD3TJE74R ,
9FF7PDKYJ3 ,
9FFMCRCA3Z ,
9FHCKC46ZW ,
9FP62GZAB8 ,
9FQ9DSKPWJ ,
9FQCR23UZK ,
9FS3X7FGJV ,
9FTJ3FKYHF ,
9FW3JTUYTH ,
9FWF8VDTQ5 ,
9FYBCF9BZS ,
9G1LW606GQ ,
9GDI8EC3TM ,
9GDMKNF3BQ ,
9GFTXQYRRR ,
9GJ98NJNRM ,
9GJR7X2T38 ,
9GLKUP7TSV ,
9GM7F3EC6H ,
9GMZNS97XS ,
9GN9EZUZWV ,
9GPZU54AEN ,
9GU7XMXQ83 ,
9GVJZEKM9Z ,
9GW4HE5QRZ ,
9GYM3AJV4B ,
9H2TFF9F2Y ,
9H49XUEP6F ,
9H88CGMQVU ,
9HE5ZEU3E2 ,
9HEBUT3F3W ,
9HEEBTKXZW ,
9HIPGL7F6U ,
9HIWIXY3KW ,
9HL549N7AN ,
9HNERW25HF ,
9HNEY2982T ,
9HQA4TSJKF ,
9HR25XHAUM ,
9HRPJ6P47X ,
9HSMZW7UUU ,
9HTG7QSJ5C ,
9HTQ4NZFNV ,
9HU9WGQJSH ,
9HUS3SMZIA ,
9HVEWHAXE5 ,
9HX19HBCTG ,
9HXCBKSRJU ,
9HZBMGTUE5 ,
9I2DLJD31P ,
9I5UW9BTSZ ,
9IDQQ5PUGU ,
9IDSKV16ZR ,
9IJ1USX5W6 ,
9IKFC9WEKZ ,
9IZHRZFP ,
9J1KUI43XM ,
9J3KPU3U2J ,
9J4VWYDY4W ,
9J7A5F4P6X ,
9J9M5Z87RH ,
9JC6TP33P4 ,
9JELX8E3EV ,
9JG9V3LLX0 ,
9JGK4MHSUA ,
9JHJJ25AVR ,
9JJQI8WR5H ,
9JOVVS0TFS ,
9JRYJZGFUX ,
9JTEJC5693 ,
9JU7WHG2CJ ,
9JXKZ1SHQY ,
9JXOHB44T3 ,
9K4F2MS57B ,
9K5O0O0F9U ,
9K88R9DYSR ,
9K9Y8K77X9 ,
9KA9XNUAYY ,
9KCGD7XHV4 ,
9KGWZFNSMY ,
9KJPPO69U4 ,
9KNZNSGEPZ ,
9KPTR3PCGV ,
9KR2K434T5 ,
9KRMQKQQKD ,
9KSBIC5P6H ,
9KUNK2ITQ6 ,
9KUV9PCKJM ,
9KUZZKNR8X ,
9KVRX5RSJJ ,
9KX76NYBCH ,
9KZG9IDX0R ,
9L7EL296DA ,
9LJXENN98S ,
9LO3BXAG ,
9LSX8W6R23 ,
9LXTXJ7DNG ,
9M1SWEWGZF ,
9M2MQ3W5T7 ,
9M37GCJ6AY ,
9M3P6TGRGE ,
9M6B0RR9OY ,
9M753WVMD4 ,
9M7G4HV57Y ,
9M7RFELT2Z ,
9M85YWZW7X ,
9M8Z2G5PE7 ,
9M9CA9CMYI ,
9ME6FPVXZ4 ,
9MEGVHW2RF ,
9MK3DU333C ,
9MM54OCO4K ,
9MM6VFU2JC ,
9MMSKNJ5JJ ,
9MNWB3K8ZE ,
9MQ3XHRRJV ,
9MQC7SHVFJ ,
9MQVMT2BJ4 ,
9MTGHNXV9A ,
9MTHETX4QZ ,
9MW1H09RS7 ,
9MW7J42SQS ,
9N27C77NP9 ,
9N2HSSOZXG ,
9N67N9NNDX ,
9NB5NG5QEC ,
9NDUEJSCKK ,
9NEK6KEQ8J ,
9NF6YCLWXE ,
9NMJJYEI93 ,
9NN5Z83DFB ,
9NPCWWT5TF ,
9NRC8R9X8E ,
9NW46PNCHZ ,
9NXAVJRVSG ,
9NZ5AA5Z9P ,
9O0WX3T7J0 ,
9O38FJP2U3 ,
9O4J9Y793S ,
9OFJZEE9VB ,
9OPB54UDTV ,
9OUHMBA1FQ ,
9P468PG3ZV ,
9P617UBPBX ,
9P69PTD9RC ,
9P6BKZURFB ,
9P7UBJPA19 ,
9P7UJ6AW7H ,
9P8YB4G73P ,
9PA4KYW98V ,
9PCII1WC8S ,
9PG9FNRG70 ,
9PJ5J1A5CB ,
9PJQ4FTATA ,
9PN53YST29 ,
9PPV3DT2P6 ,
9PRBUG8JN8 ,
9PT24PNKGB ,
9PT4KDMU35 ,
9PXW2FYWTM ,
9PYI0BOWAV ,
9PYVM1SVKM ,
9PZW3MVY7A ,
9Q4SJ3M9Z4 ,
9QABA7SDM2 ,
9QB3G2O3EW ,
9QERAZTWYM ,
9QJ0IICPV4 ,
9QJA9BTZ8E ,
9QKRPTUKT2 ,
9QONF9W7HH ,
9QP6XD9GP4 ,
9QPJGJUYHV ,
9QPQSR9BSA ,
9QQQRPT5SN ,
9QR84Z8CV4 ,
9QUHUUFZFJ ,
9QUPGVMPDW ,
9R33FDJT9Y ,
9R5B6TRRRV ,
9R5STCN5ZV ,
9RBABWE7KS ,
9REJC7QBIV ,
9RF6DCGK8A ,
9RFSXCKETR ,
9RKI3JEOLX ,
9RKMJHUJ89 ,
9RNREHX62A ,
9RNW3QGAC4 ,
9RQ8EMWG3U ,
9RUN9CGTN6 ,
9RW6YMZ4Q4 ,
9S2XCMBYVP ,
9S3Q654CBC ,
9S3UW7KSFO ,
9S62HUU8C9 ,
9S7QJ83QWR ,
9SAEDM4QT3 ,
9SB665JPS3 ,
9SBB95BRQR ,
9SCUXUN7GY ,
9SD6RWF5YK ,
9SFEDWCJB8 ,
9SFPEWF6BV ,
9SPEJAGZAY ,
9SSVYVM65H ,
9STQV2R3P9 ,
9SVC3Z3IOI ,
9SX567U7HC ,
9SXBKX3G7T ,
9SXL3PKXBF ,
9T4DJCUM7V ,
9T5HD3PACU ,
9T5K7UZVWF ,
9T7JYSDRY5 ,
9T8JS6YVSW ,
9T8QV9KCJB ,
9T8X7ZXUEE ,
9TAIWBSNCS ,
9TFNVL09V2 ,
9TJGHK85GJ ,
9TMRSVVPFY ,
9TS85BJ9BQ ,
9TVNBM2I2Q ,
9TY5SK3B7F ,
9TYY7FY29H ,
9U2AN3YVQF ,
9U3ZWFGCNX ,
9U46T28B25 ,
9U7BYBM1GG ,
9U7P4ZADRZ ,
9UB4EZ78WS ,
9UB6LMF2TX ,
9UC5Q38P9V ,
9UCUBFHWPM ,
9UVXZYBKDW ,
9V67AMH4J9 ,
9V7SQKYW6D ,
9V8857AENV ,
9VAHUUW8U5 ,
9VBD6JU9SY ,
9VG6A8JUTR ,
9VKHLL6XGN ,
9VOSNYT74G ,
9VSVCGXCQJ ,
9VUGWLWPEG ,
9VW0W5YEUA ,
9VW7D342TY ,
9VWZ8SN89P ,
9VYZ2DU433 ,
9W3GJ2YKB2 ,
9W7U53UJGT ,
9W9X2C6N48 ,
9WCAYRVBP6 ,
9WDFFBANFV ,
9WKSQTGP62 ,
9WPS0KT4B1 ,
9WTAMRZ9H4 ,
9WYLT8N7B5 ,
9WZDNVDMD5 ,
9WZQQ24N8E ,
9WZSY6AJEB ,
9X55QVY5CA ,
9X5DEWCW6U ,
9X5HJ5JJ67 ,
9X9PEVQDJK ,
9XC7MUR35E ,
9XQYDETW4R ,
9XU5TQKCS8 ,
9XY6NKJNZC ,
9XZZTQR874 ,
9Y1T1WTHSG ,
9Y3FRDHZ3T ,
9Y4Q8WCZMM ,
9Y7X97HQE3 ,
9Y8ZPSA9IJ ,
9YAGH5TEGY ,
9YBRD78JRE ,
9YED82PFBE ,
9YGUD3J5JN ,
9YGXX1SV7N ,
9YHMIOQL2Q ,
9YJKU57S5Z ,
9YJRVKCC5P ,
9YJUG8PTBT ,
9YLCQH21VE ,
9YP86VWAXG ,
9YPBZWS6BX ,
9YQ85JFFFT ,
9YS94SWSZC ,
9YSMEKKJPX ,
9YTF73MMQP ,
9YU76CFPHN ,
9YV3DPCR2K ,
9YV3GZ885D ,
9Z2IJJP7RL ,
9Z2NYYF99D ,
9Z4GMHEVX5 ,
9Z54WXEYZ8 ,
9Z5JWNYGL4 ,
9Z6EON9JRW ,
9Z6XG49QNT ,
9ZC3YAJKCJ ,
9ZGD23HCHY ,
9ZHJSBXSSD ,
9ZI278UCFO ,
9ZKQJK5THQ ,
9ZLN6F89JX ,
9ZRQWYN7XN ,
9ZS7X49SES ,
9ZSYKABDH6 ,
9ZTE569RGJ ,
9ZUGKQP7D8 ,
9ZUZVZP4BN ,
A05JSXH6T7 ,
A08FWAD8B1 ,
A0JGZX5PW3 ,
A0LPDAUKS5 ,
A138Y6OJSQ ,
A155UFRW1R ,
A17X16PJEJ ,
A1A99T7Q3S ,
A1G1IW48MB ,
A1HKR1UGVJ ,
A1KF1A3H4M ,
A1KHZTXIQ8 ,
A1MTWLO3 ,
A1UXXXCBGY ,
A23XWEVB68 ,
A24NN9VGNQ ,
A275DER3X3 ,
A28W7S643N ,
A2AC4YF9SD ,
A2BDKWT58J ,
A2CD5SOM88 ,
A2DR7U6P32 ,
A2HGBKFD3N ,
A2IMMH2LIX ,
A2KKJUY2B3 ,
A2VJPHPJWH ,
A2ZZ42ZYJ2 ,
A34STVH3DB ,
A38EK77255 ,
A3EN6KOGPJ ,
A3J9ASF4MA ,
A3JSJKDXZ3 ,
A3M52CRAUM ,
A3MPSHVCD8 ,
A3NXCQRMP6 ,
A3PF8JJWMP ,
A3Q3PQ78ZR ,
A3RQTHKX2S ,
A3TB3MZ7J9 ,
A3Z2DCKJEU ,
A3ZQR53STS ,
A40JNG5Z6M ,
A42FQXXR46 ,
A460S3PH ,
A4BAGS827Z ,
A4FVZD2DCM ,
A4HAR9KF9V ,
A4M2MYAM3R ,
A4PPURQDUT ,
A4PXY2BHND ,
A4R3Y3F4K7 ,
A4RJ4GRGNF ,
A4RTN2B9UA ,
A4UAJDQ4Z4 ,
A4UJDYQ4T2 ,
A4UK8T9ZHB ,
A4XXHC1M23 ,
A4YDHDZ9R3 ,
A4YV9GGNJQ ,
A4ZOYJZ7YT ,
A54UZJWB6B ,
A54YJX46XQ ,
A55ETQ8UBZ ,
A58QU4GBAS ,
A5BH2AZKF7 ,
A5CBX5QA2H ,
A5ECCJ2WV2 ,
A5F4HSE2TU ,
A5HMZTND2W ,
A5HTP7ZDYU ,
A5OXOGTWIA ,
A5Q7AJGEYQ ,
A5QR65RS35 ,
A5R5MRW8JX ,
A5SHTQVQSF ,
A5UG3MVRCM ,
A5V0THGKL1 ,
A5X3MKC2J4 ,
A5XDS631LX ,
A6CCMB4BCZ ,
A6HDRJ99FT ,
A6HMJX7XBU ,
A6HQHGM8RW ,
A6MAR9KAQS ,
A6NFTAV5NX ,
A6QW4827VQ ,
A6SJSS3QQ3 ,
A6TCOB0AP0 ,
A6WPUKPWAN ,
A6Y8H9PTPR ,
A6YKBE3JHF ,
A73CBTSWGR ,
A74FMSW8Q6 ,
A74WWVPV3H ,
A7B1BFMCJE ,
A7B57E9H45 ,
A7D1V21YW3 ,
A7D9NXD7S0 ,
A7EYUQDXB6 ,
A7H394PMQT ,
A7KDL6J5ZK ,
A7KRYU6T8F ,
A7Q4G4D7E5 ,
A7RBQB6085 ,
A7TFSBDVSE ,
A7U80LQAGF ,
A7UKB4H4VU ,
A7VSSZZYP9 ,
A7VU4FR2A9 ,
A7Z7DUR4V4 ,
A7ZQDM5HND ,
A82EN9K9TP ,
A82R38M2WP ,
A84PHKX75B ,
A87GZQ6KUX ,
A89HHKPJ73 ,
A89N4M4KUY ,
A8EGSN5BNE ,
A8G2TJBKDP ,
A8ILB8UC49 ,
A8K54RW8DF ,
A8KX5SFNFR ,
A8LUU07N08 ,
A8MY7ZECM3 ,
A8Q2KVR3SO ,
A8QLXKVI77 ,
A8Y4G4VWJB ,
A9783KB7BY ,
A9863GHJ6V ,
A9A7289KTA ,
A9CITXWZ35 ,
A9DK2RPZFK ,
A9E9QSUVVJ ,
A9ECF8F4VY ,
A9F4URACK9 ,
A9GZWUDK9V ,
A9HU7GB2EE ,
A9N8Q9YM8W ,
A9RADRWVKS ,
A9RBX4DKDN ,
A9S0A58S5N ,
A9TYBTSMFS ,
A9UJ3QY597 ,
A9Y5G35H82 ,
AA2D5R34BB ,
AA39RRE76A ,
AA3MPVV3XH ,
AA6BZNYJ7X ,
AA7WREAJA8 ,
AA93SXDP43 ,
AAAUSQ5RTK ,
AABSE35PGM ,
AADTYY5HZ9 ,
AAHXWCK4P5 ,
AAK9BS43P2 ,
AAP2ZPJR2P ,
AAPF98A2KA ,
AAQF38W9YN ,
AAY25JPXG6 ,
AAYBAEU64U ,
AAZK5GHSVT ,
AB594ZGVJ7 ,
AB6H83YJBJ ,
AB7N3J3388 ,
AB84NIDUQK ,
ABDXFZFFYC ,
ABE72QK33U ,
ABEZRDZFMD ,
ABGJZNQWJY ,
ABHBZ4J5C2 ,
ABJBJP979F ,
ABJTQ55RTF ,
ABMRMDYNG5 ,
ABQBNP8G4M ,
ABSPSXVVWD ,
ABWU3UGZKW ,
ABYDPGQN9V ,
ABZHX31ILK ,
ABZVMS08ER ,
AC0CA7LVFJ ,
AC3AF684D5 ,
AC7R45FKXJ ,
AC8WG3X9ZW ,
AC9E47U5PJ ,
ACALXH1ROW ,
ACCTJAWJCJ ,
ACFMQZLUML ,
ACFUWD9STX ,
ACH36MWWCB ,
ACLLQDF0WU ,
ACLW215144 ,
ACM3USMCVU ,
ACMD9BWSVB ,
ACPU6XENVX ,
ACU4SX2Z9H ,
ACUDA7UBW7 ,
ACVRCA9GH4 ,
ACWANRNNFA ,
AD26D7XY2X ,
AD5VJZ34I8 ,
AD64HELVHN ,
AD77XWVRP5 ,
AD8G3U4C6K ,
AD9C7EQ8UY ,
ADAJRVTXEP ,
ADBBSFD3YQ ,
ADE9FZZ6KT ,
ADF3B2QNKS ,
ADFATPYZ8G ,
ADFDJTTHA8 ,
ADFTQVPB7X ,
ADFYZE3W27 ,
ADH6Q9G6XA ,
ADLANQ9VYZ ,
ADNCCS5G4Z ,
ADNQU9R6G3 ,
ADOOZM4L0V ,
ADP9HAW8CQ ,
ADPRTUHGOS ,
ADQ060LCHK ,
ADQGHQPUSG ,
ADQZM44QV3 ,
ADTXBXE4YQ ,
ADX89RBQHU ,
ADYPZ4TV6C ,
AE3PPYH9KD ,
AE5KKD24JC ,
AEAA5X8S9T ,
AEBDO4QW4G ,
AEBPFXVSZ4 ,
AED5EXMNH9 ,
AEDT2X4R95 ,
AEF4J29PS3 ,
AEKE6H226D ,
AEP8YX6CQV ,
AEQHEY6M6F ,
AEYU8J3JJU ,
AF10IXZDTK ,
AF36ZW7RN3 ,
AF52C8Y9XK ,
AF7Q9NDN8L ,
AF92SPD5AQ ,
AF934UCSN5 ,
AFDD7TUJUV ,
AFDPEGP8PY ,
AFDT8YGF94 ,
AFKA653A6F ,
AFKSSWFV8G ,
AFKZ5HA48J ,
AFLLLTQAR5 ,
AFM5JHMAX7 ,
AFMYWQT6XD ,
AFPF3QNO4T ,
AFQMC44AT2 ,
AFTDXSEBPQ ,
AFUEKXOP ,
AFUZH4V9M9 ,
AFVXY6XC4S ,
AG225Y2BEH ,
AG38XBRJCP ,
AG6MUNFDBA ,
AG7W8PKK2J ,
AG99EN25JY ,
AGA3A8MACH ,
AGBSZQ7L0H ,
AGCCNBN57Y ,
AGGXQ2VJZM ,
AGHFOI087I ,
AGKX28E5V5 ,
AGNK60Q344 ,
AGNTQM4JDH ,
AGQ3FYJE79 ,
AGQ9SSXM8Z ,
AGU8XSDDEW ,
AGVQUYRNSD ,
AGWFDWQK4T ,
AGYEO9BS2Y ,
AGYVBWMNMS ,
AGZMVR5SPU ,
AH2AJJAMFA ,
AH332HAZ6T ,
AH39WOSSOV ,
AH4M9HTMRT ,
AH5HJQSC7E ,
AH76EQRQT8 ,
AH7VZ9C7KZ ,
AH880FQ4AJ ,
AH9MPHF39K ,
AHAZG5Z2EZ ,
AHAZMZHF6H ,
AHC7HR6WRS ,
AHCDQELLIV ,
AHDFR7PAUB ,
AHEGNFZED3 ,
AHERPTNJA3 ,
AHF3OONSFK ,
AHFXQ1H9KG ,
AHG2JIA00E ,
AHGEF5GFT3 ,
AHIPW0KLW5 ,
AHLIE7B8LR ,
AHMAG45ALD ,
AHQT65FAU9 ,
AHUNRCBXJJ ,
AHWKNVFSTD ,
AHX0LFH8QR ,
AHZMRQ4UQK ,
AI7A83ICIR ,
AICAMI8IET ,
AIIPDP3WH7 ,
AIIRGSXDT8 ,
AIIUCT1JK5 ,
AIMEUB5ATS ,
AIT4F4YI ,
AIUJC9ARVH ,
AIZGK222BD ,
AJ1Q80I11T ,
AJ6UKDIQ49 ,
AJ7KECTM6F ,
AJ8T77HZWM ,
AJAH3GPTTF ,
AJBB6M6E5C ,
AJBWRU8SZR ,
AJFENXNW4O ,
AJHEPUN7ZR ,
AJHKBMZJMM ,
AJJ2Q97GZ9 ,
AJJE7TVF48 ,
AJKQFHGJJR ,
AJM8CJ5U8D ,
AJOTHR8KU2 ,
AJTPBOK1LV ,
AJVHSJWX4C ,
AJW7BXJNB6 ,
AJWGZ2JKAH ,
AK1S3FG0OX ,
AK28G3U3EF ,
AK3ASYETRC ,
AK3H5J6RVW ,
AK53DRRK85 ,
AK8TEK89VD ,
AKA6XXG7NY ,
AKAYBFRBNJ ,
AKB9FQSZ45 ,
AKC55T5JJB ,
AKFCMXZH99 ,
AKJEMGAG8H ,
AKNXVY3UMH ,
AKPVUH9VD2 ,
AKWJCM9GMV ,
AKXP3EPUYP ,
AKXW2UXYKF ,
AKZCJJK6CV ,
AL5YDYCQY4 ,
ALBBYA4J3Y ,
ALD7CKKE40 ,
ALM7JMLM21 ,
ALUU33JZH4 ,
AM87DJ2UJR ,
AM95FI0AW0 ,
AM9N4C8JWR ,
AMA66E3UPL ,
AMAMZB7JDB ,
AMDHT8UXCZ ,
AME7OMQLEA ,
AMGG8TVMNE ,
AMHCYWUNUB ,
AMK3EM65RU ,
AMKAHZSCGH ,
AMN53UG2TB ,
AMQ6N2EKZN ,
AMQGY3EB55 ,
AMSCHJ4RSV ,
AMTT22J3FH ,
AMU2NMASYE ,
AMUNBVXY2W ,
AMUW2Z7XHV ,
AMVCWFQHC4 ,
AMVJUU4VUR ,
AMW4BUM4S4 ,
AMZ2PXW9QE ,
AMZCAIQD65 ,
AN1Z6F1XK7 ,
AN2B299SYJ ,
AN6AKAM6RM ,
AN7EYAXY4B ,
ANHZCRD6VU ,
ANPBPC9TUG ,
ANTGW5J6JH ,
ANWYZU7T75 ,
AO2EGC3Q8I ,
AO2L7GFWBD ,
AOA6C9HVDN ,
AOFWY359OA ,
AOHBDUW0 ,
AON1CMP69Z ,
AOT4SRON9L ,
AP8CXBXS7K ,
AP8KTMCF38 ,
APEAB1B50S ,
APPHZ3S859 ,
APR9H4VGPO ,
APT9N9W42T ,
APVCV0SQXB ,
APW45WXCCS ,
AQ2AKXQ65G ,
AQ35H4BM4G ,
AQ3MTCYVMJ ,
AQ74V3CAA6 ,
AQ8W0Y1AKM ,
AQ9C9ZTW4Y ,
AQA71UCRA8 ,
AQAYU7PETZ ,
AQBRER2CU3 ,
AQDRTC89ZD ,
AQDUT2MPNE ,
AQE4RG3D7X ,
AQFXQN88ZX ,
AQJM6CHFFZ ,
AQNV7DHI38 ,
AQOLYLGELO ,
AQP2DPYGTA ,
AQQYRM4A5M ,
AQRX6ZYRRG ,
AQSG69NGXD ,
AQSURNV8QG ,
AQSZYKPU9F ,
AQT5IEC12W ,
AQTAVYJTQ6 ,
AQTXP7YGPY ,
AQWSEBY43R ,
AQX0BCOYNL ,
AQX78YDZWT ,
AQXB2FFK7A ,
AQYVWM4J6E ,
AR175NNDVE ,
AR27AH3MVN ,
AR2EYBQUOQ ,
AR2V0T4WVL ,
AR30R5ZTRG ,
AR7Z9AZGJ3 ,
AR8J35ECXR ,
ARC3D8SA5V ,
ARDAN9HPFB ,
ARE92RJAC3 ,
ARF2RB8BKX ,
ARJPSO9R ,
ARKVDTDVXJ ,
ARPWA3ZGYH ,
ARRDGQAE35 ,
ARRJMFZMSA ,
ARSB8FJ744 ,
ARSYZFH2ZP ,
ARUNR82FGA ,
ARXRA4ZJKF ,
ARYJY29Z17 ,
AS1JVPBLB8 ,
AS5MBKAHM4 ,
AS88UXPED2 ,
AS9T7CFG83 ,
ASASW82CGE ,
ASB7BSEKNH ,
ASBUQVETFA ,
ASD80DEQJN ,
ASGMRANYQF ,
ASHVB55696 ,
ASKDKE4XMC ,
ASOKBYL950 ,
ASSCGFPD4W ,
ASVW8U9E8E ,
ASW4GE4W3F ,
ASWWHM4TSC ,
ASX5SY9425 ,
AT4JEHX332 ,
AT7V9BXAUC ,
AT8CFHYDKR ,
AT9CHDMANJ ,
AT9CTB9G9F ,
AT9W9TT6BX ,
ATAN2S3M2A ,
ATBEKQAR3H ,
ATC89C5ZTS ,
ATDTKOJI0J ,
ATEFTRNOTX ,
ATFK8T759T ,
ATHAKMGZPU ,
ATJ6SBM16L ,
ATJSGSIHZ9 ,
ATMXFFR7BN ,
ATQSE3Y6VF ,
ATR2JD4PFP ,
ATURQ28K93 ,
ATVXKUDWSV ,
ATYEYTJX7G ,
ATYRPZ6VXN ,
AU3E5WHY9R ,
AUEF65O14U ,
AUH21W7M5P ,
AUK5TRC637 ,
AURMK3V6MQ ,
AUSVW658H9 ,
AUU87HVZN5 ,
AUWRP86HCR ,
AUXJNXZW8E ,
AUZPBKZP5X ,
AV22TF9XY6 ,
AV56YNNJXF ,
AV72PCFKJW ,
AV993HHTTD ,
AVCNU67NTX ,
AVD3CX5ZE4 ,
AVDR6WKKV7 ,
AVGF6GVHX4 ,
AVHWYY8739 ,
AVJ6JXUDJQ ,
AVSILVNGMQ ,
AVTZ0NNKK8 ,
AVVZ33SS6S ,
AVW7VZAN4Y ,
AVYH5ONXH8 ,
AW3J8GU8J3 ,
AW6PGCCGHB ,
AWA5QNLPLU ,
AWAXZGMLS7 ,
AWCXRAPT6R ,
AWEHTM79ZV ,
AWHH9E4LXE ,
AWKXJ25VVN ,
AWO69MGZAB ,
AWTTSVPS8N ,
AX29QKE93T ,
AX3DGK8XZ6 ,
AX6J5WLJX1 ,
AX77TMDRBE ,
AX9HUSVSHH ,
AXDH7GN3VB ,
AXDTRD5R5T ,
AXEBFDF339 ,
AXEMGSUZ24 ,
AXJP5NMNVS ,
AXPEJNTNDU ,
AXPF8YXUBX ,
AXTAJXQFB3 ,
AXUWQ66A89 ,
AXWV4Q4VLV ,
AXZNXNSFDD ,
AYD3HY9CFL ,
AYED3YWAEV ,
AYI9UORF4N ,
AYM3H63PJ2 ,
AYMCMURNSD ,
AYSNEBC3BS ,
AYT8GJFA6C ,
AYTGR46C5A ,
AYUMEYN8GS ,
AYYHD4QMJE ,
AZ274YHDRM ,
AZ3617ZK8S ,
AZ3TA2X6JW ,
AZ426D5ZZZ ,
AZ4SD4UXQR ,
AZ6AGYD5TD ,
AZ75RBNWO2 ,
AZB3CTF5Y3 ,
AZCRPDV8SY ,
AZDGE8KFNQ ,
AZDUUUHJDS ,
AZI31PP83C ,
AZO586S9 ,
AZSBUKP0T0 ,
AZTWFZBJ6V ,
AZTWS7BTRY ,
AZUHQHECEY ,
AZVB28URRU ,
AZZ9R99KWV ,
B0DRUS0Z1O ,
B0HBVMWIIP ,
B0I63VY2P6 ,
B0JX0N2OFT ,
B0LM0IKO1O ,
B0N8CIHIIC ,
B1QW75B895 ,
B1R3VJRVTX ,
B1TGSS6RQ5 ,
B235AV2YDN ,
B25XVTYWVZ ,
B26TPEVEMN ,
B28Y379S50 ,
B2AH2BE2M5 ,
B2CCUSBMYA ,
B2DD9Y7EAX ,
B2J7X45060 ,
B2JX6ESJAU ,
B2N4UUTTHM ,
B2PHH52JU2 ,
B2WFMH5E48 ,
B2YAPC9JR9 ,
B38MHSAEH4 ,
B38SQ4XHBB ,
B39BT5KGW3 ,
B39SW5PQSB ,
B3BDNLAGL7 ,
B3D99OTP2S ,
B3DH6WAZFZ ,
B3EB6QAR98 ,
B3EC2Q8YKK ,
B3LN2ZXMR2 ,
B3MG71XYWA ,
B3NNFWG5NR ,
B3PURE5JZS ,
B3QKC6BTQ4 ,
B3QWZEA3E5 ,
B3RKACERDE ,
B3S392J2Q9 ,
B3S3BXWGW3 ,
B3UHQK7XV9 ,
B3XHTU4S86 ,
B3XQX3KVPM ,
B3YDMZ6OW4 ,
B3YJKXZ45S ,
B3ZS6TX4QC ,
B44RYSU9DE ,
B44Y37PMET ,
B48R73YRS2 ,
B49IEQ3G2J ,
B4A53V7U4F ,
B4ACPHF9ZR ,
B4CSTPKNU7 ,
B4FB8TVCFP ,
B4FQCTRDGU ,
B4FQEJR9NF ,
B4G3KT9WXP ,
B4GK8WRDWH ,
B4JJHK3G9J ,
B4KXB46Z92 ,
B4KZ9T33RF ,
B4NHNQ7ZS9 ,
B4QHCHZVGG ,
B4T6I9LTDF ,
B4VYRC8PEM ,
B4Z8AUEM44 ,
B5266X74BZ ,
B52MNWE47U ,
B54RQZGC0W ,
B59WXNHKP2 ,
B5A3YUA6Z4 ,
B5CEUXG3KZ ,
B5DVNHAAJR ,
B5GBBRGJRH ,
B5HJ6KBCQ9 ,
B5L4CJTP86 ,
B5M9E3SERE ,
B5MFWIDR4F ,
B5R4U8Y0RM ,
B5RYPAZG29 ,
B5SXBE48SS ,
B5TLZ7081B ,
B5TWYZC97X ,
B5W5NUB86M ,
B5YBK0FBW6 ,
B668F2S6X4 ,
B6838H34D5 ,
B6BHN5B8FM ,
B6DRUN6Y6F ,
B6DSDWA32A ,
B6FQML64PR ,
B6GZ7CSGWI ,
B6I3GO7YXL ,
B6N6A5ZWEA ,
B6PRHO6G3I ,
B6S86S5ZD9 ,
B6TZVPEG0K ,
B6VFM5BDPE ,
B6W346DW80 ,
B6XMWPJ5Y5 ,
B72AQF6RQJ ,
B737JHJRQQ ,
B73KNE5QJ2 ,
B76AX4JM6T ,
B778DFR4SV ,
B7B90254NO ,
B7CHKTVANU ,
B7DHBCDNPV ,
B7MARASX4C ,
B7PJRC54DE ,
B7V43M47MK ,
B7X7H7QDRR ,
B7YT27A78U ,
B83AM8K3B6 ,
B83FIEKY8A ,
B83W56E7TD ,
B84JFD5EFS ,
B85DEFIDGY ,
B87NZA62XC ,
B87QB8DP35 ,
B8A3JQRZCQ ,
B8BJF6X6Y9 ,
B8EVRTAKJX ,
B8J6CFFIY2 ,
B8JCJUR7VR ,
B8KMD4DANJ ,
B8KNYYHAMD ,
B8MGTPAGD0 ,
B8PS6KR9DW ,
B8TSU62PXU ,
B8TU3P8NUM ,
B8W1S3AE77 ,
B8Z3SAQ1EA ,
B8Z5KTHELZ ,
B8ZIY5AHWP ,
B91GLW5319 ,
B942QVJHHM ,
B948ZDMVRP ,
B96VJGBE2G ,
B988YFBQDE ,
B98WYWMJP8 ,
B9EV6JHHX7 ,
B9H2NVZ53G ,
B9HMXTJ9BC ,
B9JHU8VNBX ,
B9KBLBTV7O ,
B9M44G4GVK ,
B9NEYEH7GD ,
B9PGDUNXYQ ,
B9QQW6UA5V ,
B9R3CQVKQS ,
B9VKXFAQ9F ,
B9WJ475V8J ,
B9X9DUZH47 ,
B9ZA6ZSJJ8 ,
BA3653W3G5 ,
BA7H8T9MCJ ,
BAABUFGEC7 ,
BABFQW29DV ,
BAG8WY895K ,
BAJ60WQDKY ,
BAKANANKKR ,
BAQ5D9STST ,
BATTQ7ACNJ ,
BATXC6WJUU ,
BAVZZNJEKZ ,
BAW8PXMD5T ,
BAWA7SQ58F ,
BAX8KUAQAH ,
BAYEFMIPVN ,
BB78VHHKFA ,
BB7TBEZVVD ,
BB8W1B1Q2P ,
BB8Y4XE34S ,
BBC9ZUEF8V ,
BBE8T62AY5 ,
BBEKC9OG3X ,
BBENVWMN8W ,
BBF4EWEACT ,
BBK2CQG3HP ,
BBKJYAWVZB ,
BBMKH9EGGK ,
BBQRHFY2Q3 ,
BBRQJPH3BD ,
BBSDJK76T4 ,
BBV9WHWL0V ,
BBVFCKZ3AV ,
BBYALXI983 ,
BC2V3NVGAK ,
BC36224PNV ,
BC36XX76GX ,
BC4FTDH84N ,
BC7YGGS6A2 ,
BC7YW89QF5 ,
BC82RNHT7K ,
BC8P6G2Y68 ,
BC9UQ3EP2W ,
BC9YZJW9D8 ,
BCAJ5NHYR9 ,
BCCZSY1JD3 ,
BCEV7LKMQ7 ,
BCGGZA4Y4A ,
BCM2XPTPSM ,
BCO6MBEK18 ,
BCS7YN273E ,
BCWH47EHTY ,
BCXCX82B8Z ,
BCZWYWKXFA ,
BD4NWED2VU ,
BDDC9B83P2 ,
BDE587UN6H ,
BDEZYQ4XE7 ,
BDHXYU2H9V ,
BDJCVR7FOW ,
BDJKE8949Q ,
BDNU77RZH2 ,
BDPME69BUC ,
BDS8KXP1K0 ,
BDUD5PH7WU ,
BDVEY3WV9U ,
BDX4GMFA9H ,
BE07W4AYT6 ,
BE0ZC7ZEDT ,
BE4UCBRK5J ,
BE5A75BG7G ,
BE9KS3F5SF ,
BEC6EQRCFV ,
BECY9RUX52 ,
BEHBOES7I7 ,
BEI73IQ0U8 ,
BEIFZLE7Q7 ,
BEJGMYWC69 ,
BEJTHWTD7V ,
BENWSBVI9X ,
BESTJFZ6V9 ,
BEUCHUMYVX ,
BF3RKWZ9ZV ,
BF4JMKZUFB ,
BF7228HNQU ,
BF8PQRNY4E ,
BF9CZWRSA9 ,
BF9K8NSRP0 ,
BFA43XHRDX ,
BFA6PT2KW6 ,
BFAEAZJ5FE ,
BFAZJ5T53T ,
BFBZ2LHDEX ,
BFC4SY3WRY ,
BFEW9PGX3L ,
BFF7GKEMKJ ,
BFI75MUR86 ,
BFMSBNDNE5 ,
BFPANW76ZZ ,
BFQ4DAQ8KF ,
BFTKSQ222B ,
BFVH2EFZNX ,
BFX7YPT47X ,
BFZE9PAVYD ,
BG0YVONPUQ ,
BG52QYFNTR ,
BG6VZQD874 ,
BG7G397AUZ ,
BG83HT42W8 ,
BGDIE4CTGQ ,
BGH7CXB6W9 ,
BGKDZ8S62P ,
BGM7HQVTHA ,
BGNQ2C2ZRE ,
BGQ4YXW8E6 ,
BGTPESXVGQ ,
BGUNZ0USSQ ,
BGUUU4EMW4 ,
BGVC7EEZMP ,
BGW45DC5 ,
BGWJ4J2K25 ,
BGX9Q325 ,
BGXI660X4Q ,
BH1EME7JD1 ,
BH24W2DA8H ,
BH2JFXJDWX ,
BH2YXY8SEC ,
BH50GKQHE9 ,
BH8EAZS8Q6 ,
BHATYA715X ,
BHCFIUQ9TE ,
BHDQQ6D5FD ,
BHEP6U9YUP ,
BHG284J8ZM ,
BHMMQC5YYX ,
BHQ2UFQ73P ,
BHS4ORFAQH ,
BHTCTG8H8T ,
BHTVG5G9YK ,
BHUDQMX6TK ,
BHVQ22HENQ ,
BHVRNZ7Q5J ,
BHW7KPQRRX ,
BHWHK8VHKE ,
BHYAHZC35V ,
BHYG95M5R2 ,
BHZUGFDKCV ,
BI77PBRSR9 ,
BI8URSUSDB ,
BIG2A1C63D ,
BIHQ2MNCRR ,
BII2F8M5 ,
BIOLZHKL4I ,
BIV3QVDH0V ,
BIXAMMO1MM ,
BIXUI7S76Y ,
BIYXVNASY7 ,
BJ26MSGJU3 ,
BJ4BJM5G2K ,
BJ5A3WAWQA ,
BJCEMECL95 ,
BJE2JVEC8T ,
BJFNXSZBAU ,
BJJV56G9JZ ,
BJMY2JH5DB ,
BJPK8FMMCN ,
BJVM7RRSVK ,
BJVV4FYMX9 ,
BJX52T4YXS ,
BJZGQTJCGE ,
BJZUB8JDU7 ,
BK2SZDKQRE ,
BK64KQZJMB ,
BK66Q8CV56 ,
BK8TWWB95N ,
BKBZGA55TU ,
BKFARC6VHD ,
BKHN6ACK97 ,
BKQ78RH4Q9 ,
BKQC56GXWJ ,
BKXDPCQBYK ,
BKYMHEHR7A ,
BKZH63VMYK ,
BL1H5ISO7N ,
BLDS41MVVO ,
BLE9DMAM ,
BLN4LRDFM0 ,
BLTFE97068 ,
BLV152LPL7 ,
BLVD17OCEG ,
BLZSDI05HL ,
BM4DENO3YK ,
BM5M2VEXBT ,
BM65WRYVQ2 ,
BM6TSGAERF ,
BM76ZBSHR2 ,
BM82HSBDZM ,
BM954OAZH5 ,
BMBYV8G8V2 ,
BMCFG03VM5 ,
BMJ3W5RS4R ,
BMJE246LKP ,
BMKH6S6HHX ,
BMMW5X2HKD ,
BMOMRYDSXX ,
BMP0RSA4QN ,
BMPQ8EXYY3 ,
BMSWK3TMDW ,
BMSXMTFXP2 ,
BMWGRYRWWM ,
BN2A49VXT5 ,
BN682AZT6A ,
BN7CELGU4G ,
BN7YKY6XEG ,
BN8B72GPRB ,
BN8R6FTDJB ,
BN94WWQ3KS ,
BN9937U8JD ,
BNBTYGPX9R ,
BNC1NW4PVV ,
BNCRMRTMZH ,
BNDCSYVEVR ,
BNF9CYKFGJ ,
BNGIYBWZ44 ,
BNJ5NTKWB6 ,
BNMPVWDD4P ,
BNQB4JAAN5 ,
BNSABXY367 ,
BNSFFT7IF8 ,
BNSUE9BP98 ,
BNZ8B2PS96 ,
BOA35E0XC9 ,
BOD1ZL5D33 ,
BONHPJ82HA ,
BOYWZO1KLJ ,
BP07NIYL2Q ,
BP2Y0LH0IK ,
BP46QKK8XC ,
BP5FEXFQDY ,
BP8WWWG9A4 ,
BPAFQQNVDL ,
BPAGPSGBKH ,
BPASNUB54F ,
BPBP7A73EV ,
BPDH4G0BBT ,
BPKUHYHFYY ,
BPLWATBXID ,
BPQG97PFN7 ,
BPRCB4VJJW ,
BPT3QHXQ94 ,
BPU7RAGKJK ,
BPUQTTFK4P ,
BPVHA49UGD ,
BPY5ZAZAJH ,
BQ2TRS1OTM ,
BQ2U6KCCFJ ,
BQ56A9S7KV ,
BQ5JSUB56Z ,
BQ6ISK8SAS ,
BQ9M93A0UQ ,
BQCJBN1GNR ,
BQCXBH74J7 ,
BQDBWVZW6U ,
BQFACBUWTZ ,
BQGFXA3P3E ,
BQHCCQK37B ,
BQRC6YJTRU ,
BQSS8CR8UR ,
BQWUFFTBTY ,
BQX5NRWTBZ ,
BQXMVFDCHV ,
BQYJUMBBME ,
BR2AHZCUSS ,
BR2SCNSRTS ,
BR32AXV2LD ,
BR3DBMPKW3 ,
BR4FGQSK7Y ,
BR5Y8EBHUW ,
BRCYBSGXWK ,
BREMX3OM4J ,
BRNN73P5IB ,
BROY2WKRCI ,
BRRPMB5NF4 ,
BRUCNF2F52 ,
BRVMZXQ2ZB ,
BRYGJWA7GO ,
BRYQWEUV1O ,
BS2VTDHGGH ,
BS2WYSPBT6 ,
BS3ASXSDCE ,
BS4KBF2WBY ,
BS5IM2CRPC ,
BS8KCHBNGA ,
BS9WXCAF64 ,
BSD7WD7DJT ,
BSDC8YP4JD ,
BSDMJYW5Y6 ,
BSG7DVU2DU ,
BSJITRM36O ,
BSMX2EX06I ,
BSPVJ9ZHAE ,
BSRH97WVJX ,
BSUR9ZFFW9 ,
BSYYWKEQCD ,
BSZQEC9WCS ,
BSZWB2RKQ6 ,
BT3FMZR479 ,
BT8MBM2U9Q ,
BT9AQ8G6JE ,
BTBPNKPGBH ,
BTD5A5PTCJ ,
BTEC46VFRE ,
BTGGXX23KE ,
BTGR4ZA4Y4 ,
BTHR7JZS4S ,
BTJ109X00T ,
BTJ2YSTA5V ,
BTJJVTUPNG ,
BTK6SB0P05 ,
BTM41AGRBE ,
BTMCRZD9YU ,
BTPSX7TXYX ,
BTPX4VG3AC ,
BTRFDKFYV3 ,
BTRP42E29X ,
BTRQKSYK89 ,
BTT89CGTO1 ,
BTVX4Q53W5 ,
BTW6R38CO1 ,
BTYNX97SG5 ,
BU65YNG2X7 ,
BU6JD56YK4 ,
BU7QNJ4BRZ ,
BU857WN44V ,
BUBZQ2AWMD ,
BUCN59UXFC ,
BUDN5XYPA9 ,
BUE53BOD2J ,
BUEGWTH54A ,
BUFJ59PFER ,
BUJW6JC2SZ ,
BUN7C27ZTN ,
BUQUYV2DND ,
BUSEJS6JQS ,
BUT5AEY1VP ,
BUU98QL06D ,
BUUCDXETYC ,
BUVN6V42C2 ,
BUWRHQUGTZ ,
BUXMZRX4YK ,
BV2DEM6X9Z ,
BV3TG4JK8R ,
BV4GHX3J3S ,
BV5YNYAV9C ,
BV65Y5MFQG ,
BV8RENGDA4 ,
BVCHFKUBJ8 ,
BVCMRZC8ZH ,
BVFGBXQB39 ,
BVHYW4KWAI ,
BVM3UCJS3Y ,
BVNOUMEF4Z ,
BVQ58Q7W8U ,
BVQLWYHRPT ,
BVRHFW53KE ,
BVRZR9BSZR ,
BVSSBJJN7F ,
BVTS7Z4E5M ,
BVU23WZH95 ,
BVXMNCKZZF ,
BVXXAC7PTX ,
BW2BZJJ3TG ,
BW4DAENCDK ,
BW67MERSPJ ,
BW79HEZRQJ ,
BW7GMG76J4 ,
BW8P88ZQSB ,
BW93DO7RO0 ,
BWAO5Z058E ,
BWB73NWGKW ,
BWCASWA979 ,
BWFADX5ATN ,
BWFCUEW6Q8 ,
BWG2JRXM8Q ,
BWKV2AAYMD ,
BWLWILXKGU ,
BWQRN87TZ8 ,
BWSSP3SNK2 ,
BWUAP4FW29 ,
BWUS4PHX9H ,
BWWO0RJIJQ ,
BWWWQNT6QB ,
BWZ3WHKK8A ,
BX2H7SG8FP ,
BX5PQ8J7TA ,
BX9H875FY2 ,
BX9KFFRNW7 ,
BXAK958SD6 ,
BXDGSG58ZU ,
BXGW3KYYJQ ,
BXLKVF5E8L ,
BXM4KJ5758 ,
BXPACUA4VZ ,
BXTNQD6T5B ,
BXW5HDQM2P ,
BXX8Y8VNQT ,
BXYZ9N8CGH ,
BY040198DX ,
BY2E3320NZ ,
BY3PYFTYF6 ,
BY6SJZ29EY ,
BY7M8KMQ59 ,
BYEG9EUBEU ,
BYF5GTQ41G ,
BYJQXM7AZ3 ,
BYS2HYGMUF ,
BYTX4JGXZ9 ,
BYU2MU6GPS ,
BYU3CMKZNP ,
BYV8PJM333 ,
BYVX53UFHM ,
BYZ7JE9F3D ,
BZ2BF5UEX2 ,
BZ37AWUJ7D ,
BZ5E3C9ZZC ,
BZ6GBZSKDP ,
BZ752EDGXX ,
BZ8FX7RNCD ,
BZADTFKY97 ,
BZBVAW8MW9 ,
BZCZGM6ZRU ,
BZJ4W4DBRY ,
BZJXNUKVSW ,
BZL8TUBF04 ,
BZWT9RX2XY ,
BZXD32A2L8 ,
BZXK6BMGAQ ,
BZYJ6KDH37 ,
BZYPZZIQ8L ,
BZZW4JNYRE ,
BZZZC3YP3H ,
C038MLB8QS ,
C03Z3HT9HL ,
C07RS6JYUU ,
C0FHC5FX9Z ,
C0JGUQ9L5E ,
C0LR71FM4H ,
C0M8CI2IWE ,
C0OFR07IX9 ,
C12PAPHJK7 ,
C1EICT47SF ,
C1QXTI22BW ,
C20RV4KVIA ,
C23NR2E2D7 ,
C2556HRVJC ,
C27QKN74JG ,
C2A2KBZXHA ,
C2BA8B46UR ,
C2BVRGXRXC ,
C2DADCVGBG ,
C2DOB8PEH0 ,
C2E6YJ8T3Z ,
C2F53UNSCU ,
C2F7CJQ3HT ,
C2HDQJWP6X ,
C2KQV8F97M ,
C2MLU3STAF ,
C2MM6CK7J6 ,
C2MWAM4RUY ,
C2TT68XHDO ,
C2UBBXUBFQ ,
C2VUC3UV5X ,
C2WDQFEF39 ,
C38PZHM2XD ,
C39HSZ2CP4 ,
C39VZU7DSY ,
C39YNNTUDJ ,
C3F67YFRMX ,
C3PZJ9NV9K ,
C3Q8FD3Z9T ,
C3VXG3XE5X ,
C3WZ2X5W7X ,
C4212RN8NT ,
C42K6Q3MWU ,
C485UNGJF2 ,
C489YTYMZC ,
C48V6HZNNB ,
C4B2KDQ845 ,
C4BJBF69ML ,
C4G8HCSBMX ,
C4GKLQOI07 ,
C4J3MAB8Z9 ,
C4O6ZYCT ,
C4RSI15L1I ,
C4Y8XV8RN8 ,
C566BTBV5M ,
C5ANZEGC9M ,
C5BWHR9PYM ,
C5E4UMSBKZ ,
C5ESXTVWAB ,
C5G5EMPTRA ,
C5JJ9C1QQC ,
C5MU5DEVUE ,
C5MUUV6ZJT ,
C5NFMVCANT ,
C5NS49DRC5 ,
C5P4P66KZ3 ,
C5SZJ356AH ,
C5V6RG5UE4 ,
C5VX22DKRJ ,
C5WQGIWLQU ,
C5ZZ4Y4RH8 ,
C624AADK2U ,
C627AFHPTR ,
C666UYT47C ,
C6AEAWX7RM ,
C6F6GCDCQH ,
C6FCTCY2QC ,
C6IIVP8JQS ,
C6J7YZXGTS ,
C6KGUT40L4 ,
C6L4OIF635 ,
C6MPKX3SXK ,
C6MZD76GTK ,
C6N6C35U6N ,
C6P2ET3FDJ ,
C6QFQV6KG4 ,
C6SP7A3ORH ,
C6TXSX9CCK ,
C6UVKXN454 ,
C6WA5BAZ7S ,
C6X944PT8R ,
C6XRLI9KJL ,
C6XV9GDNR7 ,
C6YU2GE7AR ,
C6ZWZ2PFJA ,
C737SUPSE2 ,
C763BEWJ5B ,
C77R9WMS4K ,
C78YXZSUMY ,
C7DFZP2ZB8 ,
C7E2GY3U7D ,
C7HA7X733N ,
C7PPBCQ56S ,
C7QW8RD8WP ,
C7RP9X0YDX ,
C7SA9G9MQJ ,
C7TXSQ3EH3 ,
C7USQJQ9D4 ,
C7VQBN34H9 ,
C7XXDW2D04 ,
C7XY03CSF6 ,
C82EGC86LT ,
C85PCVT5PD ,
C86Q2GCEFC ,
C891526NM7 ,
C8AC92V4GH ,
C8CH7FD25F ,
C8GW7YQ8SG ,
C8GYWT29JK ,
C8I4NC1BBO ,
C8J428Q7C5 ,
C8M4P1U1 ,
C8M9ABMAV4 ,
C8P9EPPQHX ,
C8Q2R9AVY3 ,
C8RKDS9RET ,
C8TUEB5IOJ ,
C8U3HMHGSY ,
C8V537KT9L ,
C8XEZCVTPF ,
C948QNZP2H ,
C9762JKSQ7 ,
C97Y8PMBE7 ,
C99287BT8M ,
C9A3EEUQD6 ,
C9BBD8FR5D ,
C9C44HN8UN ,
C9CPER4MVN ,
C9DJTFWXTX ,
C9G7G9EXHW ,
C9HR58ENC6 ,
C9PUX1MIZY ,
C9QCJ25U4W ,
C9QZQ8N9R2 ,
C9R48VQTM5 ,
C9RVV4372N ,
C9YBHN8HF7 ,
C9YJKNZFMF ,
C9ZA2K48NR ,
C9ZO46LY ,
C9ZWCBB9FM ,
CA2YD406UE ,
CA51ERG3C9 ,
CA68KASYQX ,
CA7T83UPXK ,
CACS7FW44X ,
CACSSTGBST ,
CAEYE5ADDB ,
CAGT334ZWX ,
CAHFNFT79U ,
CAP52P6KQK ,
CAPQQGWRF7 ,
CAWN72XM3V ,
CAXYXBN8VB ,
CB246SZEWH ,
CB2WMH21N4 ,
CB4MD26CZE ,
CB72EV55SY ,
CB7KD5C9JA ,
CB8G7VHNDZ ,
CBB3X2E53E ,
CBEGAGZQJ3 ,
CBG4Q9BRJB ,
CBGGW9ME3U ,
CBH2G4P93E ,
CBQ369DM8A ,
CBRKE81IJU ,
CBRVX43MKZ ,
CBS8U9XGUH ,
CBSI14MGPA ,
CBST292BSJ ,
CBTVXC6RY9 ,
CBTYXDVQM2 ,
CBW8HUQMHU ,
CBYDW9YP77 ,
CBYRPFPBTC ,
CBYX6R226B ,
CC5T3YLZ2H ,
CC7TH27UD3 ,
CC8TEGRVXW ,
CC97N6ZBYW ,
CCA1GPASQ4 ,
CCFHDE8GFR ,
CCHEJWQYAX ,
CCHNHX4S2G ,
CCKZEDBYWD ,
CCMFRFPE8B ,
CCNSDC2NJW ,
CCUU3BYAGA ,
CCW4S8D7UB ,
CCWG57JQF0 ,
CCWQ6GGE27 ,
CCX9JFY2WD ,
CD3SZW42PP ,
CD6S9Y7HAE ,
CD96M7FCAZ ,
CD9E8EJ79F ,
CDBM6RDYD4 ,
CDBY7MY9SS ,
CDCC6ZM3CB ,
CDERPPAFGG ,
CDGQQR83CZ ,
CDHCIIZG9G ,
CDHKEXVKE8 ,
CDJCTDEMZS ,
CDJTV8PQUR ,
CDKFACF6FJ ,
CDKHFY7WJT ,
CDMWN2H2MX ,
CDO7LT9DF9 ,
CDUH50KVZF ,
CDVYC3G3V4 ,
CDX1NYV1ES ,
CE2FV43WK3 ,
CE39ATZXAE ,
CE4GHTYGFF ,
CE5794JARH ,
CE66KFJ6MC ,
CE6DCCYZVY ,
CEALBPA332 ,
CECWPH74D3 ,
CEGZ6SHUSE ,
CEH7DZE3GS ,
CEHZNJZW5Y ,
CEIWLVGBWD ,
CEMSENJ2SG ,
CEO3ORQOQA ,
CEPM5QQCS2 ,
CEQJN5TUA3 ,
CESYOBSZX5 ,
CEU018HWGP ,
CEVJW7GQ24 ,
CEWGT8J627 ,
CEYM1U8GH2 ,
CF28OPWU1W ,
CF2A7YXN4Z ,
CF37U0EY7X ,
CF6RYG34Q9 ,
CF79MDPPPG ,
CF7GKH3DJB ,
CF7S8REZFK ,
CF7WXKGCGI ,
CFC4T32X7F ,
CFKUBXRRPD ,
CFM3KSW6Y6 ,
CFNYU66Q9E ,
CFP49ACGNS ,
CFPGGSPVJW ,
CFR9TCT83X ,
CFRP3MC5V5 ,
CFRWUE759M ,
CFS77DPRRZ ,
CFSDCK4VG2 ,
CFVWKJGBF9 ,
CFW8T8UUWQ ,
CFYSAWEXEU ,
CFYV8EII5J ,
CGCGJN6ZHW ,
CGCNFNEASL ,
CGDMGBFND4 ,
CGKMG7958S ,
CGM110HTWB ,
CGS3C83K8X ,
CGVUH89P6R ,
CGZCEU4KQA ,
CGZZXPDH45 ,
CH2YIZMNMC ,
CH35TGP9P9 ,
CH4VVZSEY2 ,
CH5N9NYQB4 ,
CH6HK2AST9 ,
CH736HMR4S ,
CH8YECXMM5 ,
CHECVWCVSB ,
CHENWEF88K ,
CHHDU0FHF2 ,
CHHESGWFD4 ,
CHTW67PGJQ ,
CHUPQ2MHAN ,
CHXXMSITY5 ,
CI9RD39P0D ,
CIM8K7WLL4 ,
CIOGLYQ8C1 ,
CIQ3X3EGDL ,
CIV16D47W2 ,
CJ3I7SKFN9 ,
CJ3L77NC50 ,
CJ3ZGN28QC ,
CJ4UAD7RM6 ,
CJ5M9KXQOX ,
CJ77BX0LKN ,
CJKZZMKSC8 ,
CJLFTTIPN9 ,
CJMRKE2OEX ,
CJMUHCYMKQ ,
CJN6UJGBFA ,
CJNUAPRZZ7 ,
CJPH8B7A8S ,
CJRCPFHFVT ,
CJUTMNNFTH ,
CJUW6I2K8T ,
CJV3PRHTMH ,
CJXI4LY7L3 ,
CJXUDZY5HJ ,
CJZRLZLA57 ,
CK3G343CY7 ,
CK4E92KZVF ,
CK4TDJYKZ7 ,
CK5A52LI08 ,
CK7DP5GBGC ,
CK85V2KJUG ,
CK9CFE28JT ,
CKCAU5XRUW ,
CKFXZJRKE1 ,
CKH2D8DD8V ,
CKN9BXRCEH ,
CKNU3PK5HH ,
CKQQM7GWBA ,
CLA4YN14TX ,
CLMWJKAUT2 ,
CLW546AD0Y ,
CM1V1CT7IR ,
CM332F3BTZ ,
CM4R23LH0C ,
CM553P3SJY ,
CM5LRVM3I8 ,
CMA2R7C6J5 ,
CMA597UBRD ,
CMBF9GOJD6 ,
CMBGH9HKCV ,
CMCFA8Q5PJ ,
CMDBHSWW37 ,
CMDM68IJ4S ,
CMHY5VJFVM ,
CMKQ6XUTV7 ,
CMKU7EQH8H ,
CMKXSKD0XG ,
CMMBEKTHZR ,
CMMH9HEHS9 ,
CMPKPAH4JC ,
CMQJZGHCXU ,
CMQPX4MENU ,
CMQVPFEAQN ,
CMRTWVH6H2 ,
CMXJT3SFXH ,
CMXMHJ4J7F ,
CMXU2U9WKA ,
CMXYRUSM8F ,
CN3K7AWJS4 ,
CN69ZKHGWX ,
CN9SQM599U ,
CNBMV6V9BE ,
CNCE9HX47T ,
CNDAEVTCHA ,
CNDGQC69RG ,
CNDJMEJ5T2 ,
CNER8T4TYX ,
CNP954DVSV ,
CNPVA48LQ9 ,
CNYCQ6DMOG ,
CO1YSLUAFX ,
CO3CDXRE4S ,
CODB62Z39R ,
COH8NN179K ,
COIXVOV93M ,
COWEDXMV4O ,
CP3KNJ9P3E ,
CP47WFXAFE ,
CP8G54HCN3 ,
CPA3R9LSUG ,
CPASZ6YQID ,
CPD6BGXAJ6 ,
CPDJNBCGJD ,
CPG8ZUYUCE ,
CPJO4OUQWX ,
CPKE7DI6GY ,
CPKFR02JSF ,
CPMHSA78ZG ,
CPN7VDK5RA ,
CPOCTQ66AM ,
CPP388GDE1 ,
CPP67T5T65 ,
CPPUA6DXRY ,
CPR483PJBQ ,
CPTBMCKHS8 ,
CPUHXTSKRM ,
CPVBG71XC8 ,
CPWAC89S9Q ,
CPWUF3NEJ9 ,
CQ252BGDGR ,
CQ34PVQ2 ,
CQ7H5PRIZP ,
CQ7KPVPRSC ,
CQ92SUW862 ,
CQC53M4VQ8 ,
CQCBVU87G6 ,
CQCBZVSKNV ,
CQFRUYREGN ,
CQPJF95M5S ,
CQSK9TSS6Z ,
CQU7XBDM28 ,
CQW7U5W3HH ,
CQXW7R9XFB ,
CQZ0TXGMMA ,
CQZXSQI9R8 ,
CR4W2QVJAD ,
CR6F0UIXPZ ,
CR6Z9VXKZ2 ,
CR9B3U5EX2 ,
CRA2HKQQG2 ,
CRD2W6X4T2 ,
CREUAQDN2Y ,
CRFHM5WVBM ,
CRFKA2NN84 ,
CRFY52VX7M ,
CRKYZJQ84E ,
CRM9SJ1V6I ,
CRPJBWJED0 ,
CRQT92T7VF ,
CRRFSM8FVR ,
CRRM28GCD2 ,
CRRW984TBH ,
CRVFFJUVA3 ,
CRWADO7EY7 ,
CRXXAT6HMC ,
CS26FH46MM ,
CS6ZWFEHAS ,
CSBFQV9Z29 ,
CSCCF4UJ7F ,
CSDA9HEWYE ,
CSG3PTSS2H ,
CSGV27TB82 ,
CSMAFN9F6A ,
CSQGF7UCPZ ,
CSQN844KWH ,
CSR8FF83FN ,
CSTDBRCF8F ,
CSUS0GAKEM ,
CSYNHAB4PY ,
CSZX2EPGZG ,
CT6KCAC2JY ,
CT7KFVMWTT ,
CT87WRBX9H ,
CTDCEZ5FEH ,
CTH35397TG ,
CTHGGVRQTD ,
CTMJVBPUBX ,
CTQ9X7CA8J ,
CTRE5VAUK5 ,
CTRN4FVB8X ,
CTW4MDY5VK ,
CTWJ3ENC2K ,
CTWTZWMJJM ,
CTYPUWQ5TD ,
CU4Y3SYQ3N ,
CU756QCAFE ,
CU7RJN8ATT ,
CU8D2QUKH4 ,
CU8Z9BNXUD ,
CUDUJNPNK6 ,
CUFPZ6T3YT ,
CUG24VMGZG ,
CUHF4B4EZF ,
CUM6DWAQJW ,
CUWEMY2ZZ6 ,
CUYSK59ZE7 ,
CVAP39N5QE ,
CVDG5SVHWJ ,
CVEDUPPR8Q ,
CVOXYE3CPX ,
CVQHQOU26F ,
CVQWJQT8NQ ,
CVTKBGSFX3 ,
CVUZY5UUD6 ,
CVY43H4QP7 ,
CVZ2JSXAYZ ,
CVZXV372YG ,
CW27TDQ8Y5 ,
CW97T6UUD9 ,
CWA66VNMD7 ,
CWA9ZFCDGP ,
CWAT5ECTUE ,
CWCXNCHUX8 ,
CWGWX26TP3 ,
CWJAE7IWQU ,
CWJR9ARSY5 ,
CWKQ6FGRN9 ,
CWM44E4Q9A ,
CWR78N73MV ,
CWSME4MZCZ ,
CWSMKCHZ7H ,
CWUDDNFNUV ,
CX046SAIVJ ,
CX6UWP56G6 ,
CX7BPPZ6H2 ,
CXAEKHJ3YN ,
CXB4P3Z925 ,
CXBYA9GBDW ,
CXE9GYC4DZ ,
CXFM7H73RB ,
CXGTUHJ4QP ,
CXGUTZ3K76 ,
CXHDBQXST6 ,
CXHT3WBRKV ,
CXJDR2CK7J ,
CXLJB6UVR4 ,
CXM3ANFEJG ,
CXMPVHU5BY ,
CXNQV6Z372 ,
CXQ7SN6I1I ,
CXT3ZTJ4QX ,
CXU2S88CFW ,
CXXH9KERVH ,
CXZWB5M49D ,
CY2HMEJN5Q ,
CY4HQXUEWZ ,
CY4MC9ERH8 ,
CY589VEX86 ,
CY8FJRSKB6 ,
CY9DTS7PGK ,
CYGQWSX6WS ,
CYH64ZF3C6 ,
CYHZPZP89B ,
CYMEF85MP6 ,
CYMQKVVEGY ,
CYPEQYDFNZ ,
CYRWUNAFJ7 ,
CYU1A9AOMN ,
CYUQEADWWJ ,
CYURAA9DWZ ,
CYV5F846WX ,
CYVJ57EM3S ,
CYXR89GVA9 ,
CYYRHWN2B7 ,
CYYXK8XF5T ,
CYZAJ1CH2V ,
CZ3BD3JBF8 ,
CZ6TMUBSW3 ,
CZ7J0S8OVS ,
CZ829QQTKG ,
CZ8F1CIM19 ,
CZ9TZJYKDX ,
CZCZ7FJVW5 ,
CZFP9FBWC4 ,
CZFTJ5M39S ,
CZJVWF5XQH ,
CZSFMK7BBQ ,
CZSJ6TNXEG ,
CZV937D68T ,
CZZPZEJ85Z ,
D00EM7J01C ,
D09OEIRI08 ,
D0C94ZZS38 ,
D0FSYOE7ND ,
D0GKJETM8B ,
D0HD0MFNCB ,
D0IN48JYKS ,
D0LY8ZXP93 ,
D0OJKQOO55 ,
D0S3YIOS55 ,
D0UELWAT9S ,
D139384X3L ,
D1K4QWEUTF ,
D1TW4Y9P5V ,
D1WMB5WN06 ,
D22SSHXSQQ ,
D23GBA432A ,
D23JC2OLNO ,
D24KRS4MBB ,
D24SJ8XXTF ,
D25AHJTKFA ,
D25J6X9VMG ,
D2A74KMAVN ,
D2A8K0ZRB7 ,
D2DJG5R3X2 ,
D2DSNYCVA7 ,
D2E9EW4CAH ,
D2FDIXXR7F ,
D2FLYXDPLL ,
D2FRK3JMWF ,
D2HDWGCS95 ,
D2HRBKFP9S ,
D2NCZ6M5A4 ,
D2NQ89T2 ,
D2QJK5DDQ9 ,
D2R64CNWRN ,
D2WNNGGM8W ,
D34HPKMMWP ,
D34JT8OVLL ,
D35JW7ZB8N ,
D36MQQNURR ,
D38EU4RNJH ,
D38HNRHH5H ,
D3AWZ9EPRQ ,
D3FHOWA3B7 ,
D3GN0CVSLA ,
D3GQ16JRB1 ,
D3HVG835B9 ,
D3I731OU0K ,
D3J1C363JF ,
D3OS33GD2X ,
D3UW0SUNBD ,
D3VDSUFK2M ,
D3W5R3QMJX ,
D3ZE2F6X6W ,
D417KYCJKP ,
D4267KIF7K ,
D43B1BQYMC ,
D47AK8E44P ,
D47JXMS5BT ,
D483FG59US ,
D4BDXDEFUQ ,
D4EY6Q3779 ,
D4FWMJLWRM ,
D4H9PP5EYM ,
D4PEWCKVXG ,
D4PG8TGP6K ,
D4PT80HMUY ,
D4PXT5PXRE ,
D4SODLD4QH ,
D4T3YYOUI9 ,
D4T6QQXJD3 ,
D4TWWD7TS2 ,
D4UEKUC28C ,
D4Z99UYZM8 ,
D4ZF6B9MEP ,
D52BVRJGNQ ,
D52MZE3XNW ,
D52PXQSWU5 ,
D52UQPSXTW ,
D53J3EDTFN ,
D59YWAPZFT ,
D5ACAF96WU ,
D5DMY7P5S8 ,
D5HTKVGUKT ,
D5IGK1DCPS ,
D5JE5Q857F ,
D5MMM3F84R ,
D5PPTG7Z2N ,
D5TWUWQTS6 ,
D5U6XJ628P ,
D5W3CFD5HD ,
D5Y1VPWG2T ,
D5YZZVAJMC ,
D61EP0WXI4 ,
D663BXDMG2 ,
D67TS6QQNW ,
D6DS6D8VVD ,
D6DUHBNRK7 ,
D6GTNJNDFZ ,
D6IJBUDKXO ,
D6J3R1FIBK ,
D6JA64GNMB ,
D6KKEV3MQ5 ,
D6PJVMTRN2 ,
D6QV11DF49 ,
D6SR6545Z4 ,
D6T84FRE6Z ,
D6TDVC5NRG ,
D6URJ7DJ85 ,
D6V2BHNSA5 ,
D6Y2XXFWQ6 ,
D70GYUBWH8 ,
D71HE0PLFK ,
D71P73COZ5 ,
D725WNAM3K ,
D73WN2PAJV ,
D75WNDUAAH ,
D76HZQG3ST ,
D795DZEAQB ,
D7AJ2BGES2 ,
D7BGB9VWJP ,
D7CAK6STEG ,
D7CKRWS3JD ,
D7D37WBST5 ,
D7F8GGVNNZ ,
D7FGP2M22Q ,
D7OXE5VLRS ,
D7THFYO4KW ,
D7WPB92Y84 ,
D7X6TC6437 ,
D80K8028WS ,
D80PQLWNE1 ,
D83NVGCRPA ,
D88NSDPWM3 ,
D89OJ0E2F2 ,
D89PKFPBDT ,
D8M89R4U66 ,
D8N3FC3SSY ,
D8ND7TYPFF ,
D8R6IQCA67 ,
D8W4YMEFG3 ,
D8ZG8TYQFH ,
D91XJLMOND ,
D93CARPH8D ,
D95WRT9JQW ,
D98G46LMB6 ,
D98GDT54U4 ,
D9DNTK9Y93 ,
D9FHF3R4VQ ,
D9J9DX7UPB ,
D9KFVTKYHT ,
D9M95GRAWH ,
D9RDZPUT2R ,
D9SQAMA9BT ,
D9SQMTS463 ,
D9T84R01CT ,
D9U8FKJX34 ,
DA3R17ATTW ,
DA4NP2BUCY ,
DA7M3UEWRE ,
DA7Y06FEJ3 ,
DA7YKAD8ET ,
DA8944B0MP ,
DAEAVGJT6S ,
DAHQZAYMUA ,
DAI7SXFQ1M ,
DAKP7E3KKX ,
DAM3EA6HT5 ,
DAM8R4H6QN ,
DAMDR52K64 ,
DAN7584CEF ,
DAQMI5NLD6 ,
DAQNNZ0HOK ,
DAVZBXU9CH ,
DAYVVFFW9H ,
DAZJ5QFNMR ,
DB2H6WJ4JW ,
DB3HZUA6VD ,
DB3NW5WS7F ,
DB7YJQZSJH ,
DB8JYJ3JYS ,
DB9PZEFX9K ,
DBAFM1JRMT ,
DBAU0654WJ ,
DBBDA7NGGG ,
DBCR7ZCX9Z ,
DBCZWN63FS ,
DBEWUPZ2C2 ,
DBFH45AF2D ,
DBFWBCEAYB ,
DBHHSGPZXV ,
DBIPSHES1S ,
DBMQ1CNGY4 ,
DBSHW2DSJG ,
DBSXZYMV3P ,
DBTVENVFXB ,
DBWBG5WX06 ,
DBWFTZXBNY ,
DBWPPAAVYQ ,
DBX2B8Z929 ,
DBYWCVX3CN ,
DC2V6Q4NSP ,
DC49GLGHTA ,
DC5G7JFYQV ,
DC7VBC5VQQ ,
DCA6H6EA60 ,
DCAR57CFNG ,
DCDMZSY73P ,
DCGD79UKS2 ,
DCGHFHQATJ ,
DCKD2DNNFP ,
DCM3PFG7MS ,
DCM5VP4BSP ,
DCM7EJ9J46 ,
DCMM7P7HKW ,
DCOU5XWQQ3 ,
DCOYNHBJPG ,
DCPE95S4Y8 ,
DCQAYKDKUG ,
DCS6MJYJD8 ,
DCS7JEQ56X ,
DCUU95I4S7 ,
DCV22P0G55 ,
DCVB5CN7RE ,
DCY2TZ33J9 ,
DCYER3256P ,
DCZ3846Z6E ,
DD244KRJH5 ,
DD4SDK8KXA ,
DD4SYONUIY ,
DD5ZW2VYDJ ,
DD7K85YWNG ,
DD8BBKX4AT ,
DD9SUQ5DH4 ,
DD9VBB8EBD ,
DDAZNKG9D9 ,
DDCGF5935Z ,
DDFR5W8UND ,
DDN9MAFS ,
DDO9ZYS92A ,
DDQBM3AE3S ,
DDQFHB34B3 ,
DDQZJBY6QA ,
DDSQ5SFE7C ,
DDUDGW8KXN ,
DDVJHJAM8Z ,
DE56XBMUGZ ,
DE5Z3UYYSS ,
DE6ZOHKNBF ,
DE7HNRUN2Z ,
DEAZRAKRTK ,
DEEK2TDJCQ ,
DEEPE7WCVD ,
DEFY900VZH ,
DEHXXFUFMH ,
DEI27T3WFB ,
DENV5SJGTR ,
DENYYRMTVR ,
DEOTHZNLDI ,
DEOW40CRVU ,
DEQEVU954U ,
DEQTROLVCD ,
DER9X52N5N ,
DESRNQQ6WG ,
DETC6THEA2 ,
DEWADVCAFJ ,
DEWVF9C6H2 ,
DEWZZWSRV3 ,
DEYX2NGRQR ,
DEZ93MV36Y ,
DF2T5MRBGX ,
DF49B2VMVZ ,
DF5YRTNVP6 ,
DF68BQK8VA ,
DF7TGPN3UY ,
DF97JNJ65Q ,
DFBG8XBF4H ,
DFBXK6P5HZ ,
DFCMT6OYTZ ,
DFDKWGSYT3 ,
DFF248SQPE ,
DFNKPBP8JT ,
DFP4WFA3YP ,
DFUXMW4DMS ,
DFVTYMHD9X ,
DFXJ0WG0FM ,
DG3ZEVCCXC ,
DG5D5QTJ4Q ,
DG7ZNGRNWZ ,
DG8NAN3TZ3 ,
DG8RY8UDSR ,
DG8XA7EEAG ,
DG95ZJMD4O ,
DG96H0SD0J ,
DGAHS952QJ ,
DGAO9WCR0K ,
DGATQKCPE8 ,
DGB0NUJ6VP ,
DGBIQLPQCD ,
DGE3YRK7H4 ,
DGETH7NYB6 ,
DGHUU9CZ35 ,
DGILZG0MJ7 ,
DGIQDKG5Y4 ,
DGN99NDXGJ ,
DGPHY4R63W ,
DGPVNAK9VZ ,
DGRRFZ7G9C ,
DGTB5J5DP9 ,
DGTXFVFHXH ,
DGUXIWJFC2 ,
DGXPQZBP8T ,
DGZMYLWZH4 ,
DH39LBYTSR ,
DH3K7M3PBC ,
DH4UXC9V72 ,
DH5N77WJG2 ,
DH5QB7W6A4 ,
DH5WSJ3NWB ,
DH8EKKN4NW ,
DH8MXRNGDQ ,
DH9AEF588I ,
DHBADQ91I3 ,
DHDMUQV5KZ ,
DHHQ3CIS ,
DHI0YKB7JG ,
DHJ6K9FHGF ,
DHN2CR39QV ,
DHNLSW8HYQ ,
DHNRHDJJU3 ,
DHSC3GDE2S ,
DHT5XI1QYB ,
DHUO073EPF ,
DI2A2D09L4 ,
DI2V42MNJC ,
DI4GWLTFU9 ,
DI5KSJ40E5 ,
DI85I9UPD2 ,
DINQDASFWW ,
DITT6Z88BQ ,
DJ2VHWDR7D ,
DJ4X7K7DND ,
DJ54SU3Q6M ,
DJDJSU7CNK ,
DJE2HETKRP ,
DJFADSJYBM ,
DJFGSMAGVZ ,
DJGU4RKVMF ,
DJHGSWS749 ,
DJJTSDXT7S ,
DJKP3FFC3Z ,
DJRFB597EY ,
DJU4ZUSY6A ,
DJX7XAHVUH ,
DJX8M1NLOC ,
DJXMREPJTG ,
DJYB4BHBOY ,
DK033XVWSC ,
DK3CDTPYM3 ,
DK7EHHDEYR ,
DK7HFCJFAP ,
DK8AK2Z9IR ,
DK9S4VK93F ,
DK9XXBKM2P ,
DKBC8W6MWT ,
DKBCF0XYDK ,
DKBGMKKFFJ ,
DKD584XSZC ,
DKFMV0Q1CN ,
DKHW77D5W2 ,
DKLL8FG361 ,
DKM5B1EO98 ,
DKMB5USCTG ,
DKMC6VEGQH ,
DKQYDKTKP4 ,
DKSHR26R7E ,
DKWF5YAXGV ,
DKWXYQ8ZV7 ,
DKXPBP3A86 ,
DKZV4GUM5O ,
DL5GH3YA53 ,
DL7IKZ32D1 ,
DLGQEIZ5VR ,
DLJNYMZ02U ,
DLLCKFQZIG ,
DLLVOLKEZG ,
DLR75WZWZ1 ,
DM2WW4B9Z0 ,
DM6LOTYKPV ,
DMBEX74GB3 ,
DMCJFTZ3ZD ,
DMCQQ3NQNM ,
DMD8KBPDMC ,
DME92WDNM7 ,
DMELSWQR7P ,
DMJMS26EXF ,
DMJNS38357 ,
DMM39M7NSU ,
DMM6KAYJ4E ,
DMNQFFSWY9 ,
DMNT97YP7B ,
DMPO77Y31K ,
DMQMSZ6J88 ,
DMTETA26DZ ,
DMW6YVXJAA ,
DN8NS5HH5J ,
DNCKTMW490 ,
DNK6BFAJNG ,
DNS7DPL3E1 ,
DNT29A9HM7 ,
DNVPQKNB9X ,
DNXD4TXP4J ,
DNYMW2EH64 ,
DNZNXEMVGX ,
DNZXTN8X48 ,
DO5LRWJJI2 ,
DOARMCZJZH ,
DOAX02QZ5Y ,
DOFUPF4YNU ,
DOJWHXHA3K ,
DP23FQU7VH ,
DP2RYNDV1O ,
DP2U38F5XP ,
DP5D1V5YIF ,
DP865GS6KC ,
DP990BPKL0 ,
DP9R2RSWD3 ,
DPF2Q8BPQP ,
DPG3P3MNAM ,
DPKB6GMX4A ,
DPMBNU36IC ,
DPPJQVBMQS ,
DPPZUYCVEK ,
DPQI6NCM7N ,
DPQK5TGY69 ,
DPQPYG6DLR ,
DPTC4AKMTP ,
DPXPPBGQRG ,
DPXX3GNP9V ,
DQ4PZAXK4W ,
DQ4W7KZHEA ,
DQ5488C2XH ,
DQ5VAY4U3D ,
DQ7Z7HAQTJ ,
DQ9RI0V7R2 ,
DQACFH8V2G ,
DQAUR5JED1 ,
DQAZ8SHSZP ,
DQC3T7HB5N ,
DQDF65MP3E ,
DQF85Q4ZG8 ,
DQH1E1ZQX0 ,
DQIYBXM9CW ,
DQPRBF9ECV ,
DQQMCCYMTX ,
DQQUDT1BND ,
DQRMJY9XD2 ,
DQTNS3NVH3 ,
DQUR245ZEF ,
DQWMP9X2HZ ,
DQYEC4ABPE ,
DR1H3S5Z6E ,
DR22HW3BBB ,
DR4X2A8EUU ,
DR5TVCF2W8 ,
DR5UPGE68F ,
DR94F3T9QW ,
DR98O0L4LH ,
DRA8AD36J6 ,
DRBZKJYBS5 ,
DRC67X3CAS ,
DRD23HBXHB ,
DRDK66G6GJ ,
DRFN1HYWH0 ,
DRMJ2M94AZ ,
DRMQ5JM4KT ,
DRN8042H5R ,
DRQBU24QAF ,
DRUG1NXFBS ,
DRVBX6VSSR ,
DRWFXYVD5F ,
DRX91O5BN7 ,
DRYKNEW2DC ,
DRYVNRA34S ,
DRZBU76APW ,
DS4ZP3O37H ,
DS595KC7YT ,
DS5ZEGJWFC ,
DS8BK2MB97 ,
DSG5B3EX36 ,
DSK3HY6JTY ,
DSL0S1BR4P ,
DSTK8NFCB9 ,
DSVJG8DUJ8 ,
DSZZGOX5FI ,
DT1IEANZQG ,
DT2EHK77NG ,
DT3SPY596A ,
DT4A9SHJBJ ,
DT5YE1JYMO ,
DT8DEPWD5D ,
DT9Q3PRXHK ,
DTDGJRNR7H ,
DTE7YTNFWP ,
DTFJSXTNPH ,
DTHPD6R7ND ,
DTJ5BZYF2F ,
DTJRJCEWVN ,
DTK75X7JBF ,
DTK93P7VNN ,
DTRU7UR47A ,
DTU7KZ2YYR ,
DTVG1113VY ,
DTVXH4GH5A ,
DTX2NBKPQ3 ,
DTX5K111XE ,
DU25LPVAI2 ,
DU2FOERM26 ,
DU3PZQ0OGX ,
DU5KKYPDJW ,
DU8KAWH8P8 ,
DUANCHJ4RF ,
DUD6W69QVP ,
DUDNVT8KQ2 ,
DUFUB91YO8 ,
DUH59QAPDV ,
DUH6GEXCMR ,
DUJT4F7SJT ,
DUQQKTVU6R ,
DUR2WV2N83 ,
DURDVPM9ZU ,
DUSN3X8USK ,
DUV5RFHQED ,
DUZQCJZPR6 ,
DV0QJRZ6ZA ,
DV39MBRV5K ,
DV4L2Z57ZM ,
DV4LSBUF6F ,
DV7Q8KG6WC ,
DV8TR45FXE ,
DVF34H7TDH ,
DVIS4S1D8D ,
DVOOVBN2KG ,
DVQENWWVOH ,
DVSNRM4ZYC ,
DVUU7JT8GK ,
DVUUJHEFNF ,
DVW4PU6KR2 ,
DVX30YXV ,
DVZCYHQRF4 ,
DVZJGHV1KM ,
DW28P6P356 ,
DW2JVD6DGV ,
DW3562T7NV ,
DW4FS9AJNQ ,
DW4PVF7NNM ,
DW4TX5ZRF6 ,
DW5MVRGK9N ,
DW7TRP4A7U ,
DWE7C3MX7S ,
DWECHAOJYP ,
DWEHM5FN ,
DWEJQA46F2 ,
DWG1UTXHIK ,
DWG8XFQ9J4 ,
DWJ56NFVA7 ,
DWKS63BAU5 ,
DWPS3PHV85 ,
DWQ4AH9K28 ,
DWT76WMPNB ,
DWTAX838D3 ,
DWU43KZMET ,
DWXA87XUFY ,
DX0NDRP6SH ,
DX1WKP38HL ,
DX2TKJZDPU ,
DX4R68NSQ6 ,
DX78TUGRNF ,
DX83DCHAT2 ,
DXA7PM6TS4 ,
DXD5R57DSM ,
DXEK8EXRYV ,
DXEQ85HFZR ,
DXGCOLD2V7 ,
DXGHM8ERU6 ,
DXIUNZT4JR ,
DXJQ3PEJ93 ,
DXJUGAX63Z ,
DXKNQUEYA9 ,
DXMTFBS62H ,
DXND2R3HSF ,
DXNX755P85 ,
DXVRGHZVR8 ,
DXY2WWKF9N ,
DY2WZWORFV ,
DY3T4CF9RA ,
DY5KPSMV5E ,
DY8YHBBSED ,
DYAFZ7JK7K ,
DYBK6S0QWH ,
DYCO9LHB9M ,
DYDNDB75PV ,
DYFYERHRJ3 ,
DYGATTN1ZI ,
DYIEHORR05 ,
DYK5SYHZAY ,
DYKCM3JGJS ,
DYQ4UVF7BU ,
DYQS6O5ZVJ ,
DYUDRBGJ8M ,
DYUXWFZQ7S ,
DYVS6XTAGK ,
DYWTTY4EPT ,
DYXRR87CRP ,
DYZU2J35KN ,
DZ23Y23Y6U ,
DZ35AFSMET ,
DZ38XYM3YM ,
DZ3BB5CPY4 ,
DZ3SG2GVK7 ,
DZA55K4YNQ ,
DZBKHPP3JP ,
DZDH6VIIRM ,
DZEOD51CTQ ,
DZGFPQUK29 ,
DZGVVJGRA9 ,
DZJTX8WT93 ,
DZMR365H28 ,
DZQB8TUHBY ,
DZQYY9U74B ,
DZRDFE5TBZ ,
DZSP3U3UXX ,
DZTSYUQSHR ,
DZVHJZRBT2 ,
DZWJ3MRDMU ,
DZY4H7GP35 ,
DZY7Q3PE27 ,
DZYZYYMW4R ,
DZZGC9MAB4 ,
E04JNERD6L ,
E06D8LUJ9V ,
E0GBW3R8ZZ ,
E0H5LFHMF1 ,
E0HP395SDU ,
E0HRIK9N4A ,
E0PAUURVAH ,
E0YGTZCLQ8 ,
E1189GB66J ,
E120JNLPXQ ,
E121AAPBSJ ,
E1AWAA0ESG ,
E1R2N4CL4D ,
E1TBAZVK2J ,
E1ZNB883AB ,
E238K565WQ ,
E244TFPRMU ,
E26Q3KWHNX ,
E2924OLF ,
E29NGUCNZC ,
E2AYY0JMR6 ,
E2CUCXQYCD ,
E2DFVWPJT9 ,
E2M25AW67A ,
E2O6Y4GSXJ ,
E2R3JPA35D ,
E2R5B6K5ZE ,
E2SE4AJ7Y5 ,
E2U28TPRRW ,
E2WBDGRAPL ,
E2WBWAG82M ,
E2WT5ZMZFJ ,
E2WZ9TNCJ4 ,
E2Y4UAW2TP ,
E2YWWAN57U ,
E30P97M8M2 ,
E31E4O1ODG ,
E34C22XX1U ,
E34VBGM5JW ,
E3A7G4GI0B ,
E3DQXA4297 ,
E3H7QSTXG6 ,
E3J7UUYAC7 ,
E3K4KQ924M ,
E3KWMDF4YR ,
E3NDMJADYU ,
E3TV89VWUK ,
E3WWEXKBVC ,
E3XSMZPEG2 ,
E3YZUB6P0W ,
E424EG3MNR ,
E42DCK77LY ,
E44ACKQBI9 ,
E44R2FFBMV ,
E46S4NJF3V ,
E47R8FRPCE ,
E48DJ22DXH ,
E4CVFMGW9A ,
E4EB8BXOVC ,
E4FQSGX567 ,
E4GMC4CBI7 ,
E4JA9SWFPN ,
E4JB7NF25A ,
E4NAUG895X ,
E4Q95KWTT5 ,
E4QTJ52TC7 ,
E4SHDC8XE6 ,
E4WU9J9H2O ,
E4XPK4THGP ,
E4YJJ6A2CH ,
E53FRACNZ5 ,
E58NEE3YKS ,
E5AC2WHUM7 ,
E5ARYB5FG3 ,
E5DWWCVBYN ,
E5PCFNUTAP ,
E5PM5DUS7S ,
E5PMY5YPVE ,
E5Q41ADFTH ,
E5R5E98C5E ,
E5RX39G5V8 ,
E5S4YHROEK ,
E5W96SEAJM ,
E5XAXBAU4Q ,
E5XJG5VKVR ,
E5Z3GK5CNJ ,
E5ZCGFTBI8 ,
E62FVDE42T ,
E666AASY4X ,
E694THWM7J ,
E69BGHEZ85 ,
E6AEDEBRTA ,
E6CPTC85K2 ,
E6F8HC9WXJ ,
E6GJ5BYNRY ,
E6H886ZV79 ,
E6HECGADBJ ,
E6L3PAV4LD ,
E6O50PSQ37 ,
E6QOPM14IU ,
E6U6K3YYH7 ,
E6YDREGDQW ,
E6ZPS6AJZV ,
E71B6HLE9X ,
E73C6QQBZQ ,
E73CPWCOM2 ,
E743QE6YCE ,
E7A4M6KDF6 ,
E7A7XN7XRA ,
E7AQP6QHMH ,
E7BT2UEQ3D ,
E7BYY8WYV9 ,
E7C53F9WR8 ,
E7E4X1LE9I ,
E7MKPK9DG6 ,
E7QQRVT3ZH ,
E7R8CA94KV ,
E7TW5AD22S ,
E7WA7FYJ5J ,
E7WWX4RHRK ,
E7X6HWXMUW ,
E7Y8SKZES5 ,
E7YAGTBZQT ,
E8275RCD5Z ,
E82SFPCWB8 ,
E86YWFKZBI ,
E87PF24QPB ,
E87XBE9A4B ,
E8D7SASD8R ,
E8GSQHAQ4X ,
E8M9SJNQSP ,
E8MTC8TYSD ,
E8QAZ5YCX8 ,
E8RAIG4ERL ,
E8RCAW22UW ,
E8S9WQ9BRC ,
E8TPA6FSXS ,
E8WRW5YW4M ,
E8WX687GMS ,
E8X5H2XFXJ ,
E8XUPCNHJN ,
E8YN6FMUDN ,
E90JHKHZUW ,
E93783DDAI ,
E9B8KCHC2X ,
E9DKS89ZB8 ,
E9HZ423U45 ,
E9LTLUUQ2R ,
E9QUSW2BEH ,
E9RQXYZ6YV ,
E9RRH2FV5U ,
E9SR9BAXCC ,
E9XET6RAA3 ,
E9YJH6Y4BR ,
EA4UVJY4Y2 ,
EA76EG4V7S ,
EA9JZPUCVT ,
EA9W9GAGGI ,
EACHFHS37S ,
EAHMSKY5ZD ,
EAJY6XWDVZ ,
EAKM23SX7Z ,
EANFA8V3IW ,
EAPD9W2Q2D ,
EAPRM9CE6O ,
EAQJBKPWDR ,
EAUVWVDY3X ,
EAVUXBADR2 ,
EAW3HFJJI9 ,
EAY9BHQUXM ,
EB044DBMDM ,
EB11LTKLMD ,
EB2TB88ZSF ,
EB2TR3DDAF ,
EB526H2EZ9 ,
EB9VUYPTNZ ,
EBA9BECART ,
EBCXH96ZDN ,
EBFD3QDV4Y ,
EBJCVW94CR ,
EBJGGY7X51 ,
EBKET5D5QK ,
EBMKMTUAS8 ,
EBNCSX893S ,
EBP461XREO ,
EBQFEEHRDE ,
EBSHZMH7SZ ,
EBT92UG2MW ,
EBV2TS6T3W ,
EBVQAKJDVH ,
EBVRHF4SD4 ,
EBWA4PR4PT ,
EBXJ42HDHQ ,
EBY3PV8RT9 ,
EBYXGQTKJB ,
EBZMT6HCH8 ,
EC2HC0WXBC ,
EC2RWX2KXN ,
EC4KZ978VF ,
EC8KOL6UYV ,
ECAMRYTWBE ,
ECBMTRRHXR ,
ECF7SUY5QR ,
ECGUYK58YB ,
ECK325GYSQ ,
ECNX8JGPGJ ,
ECOU1BDK3W ,
ECQRBHJ964 ,
ECTK2BVRZ8 ,
ECU5KNPZ8W ,
ED68CX4J4B ,
ED6R7Y6NDU ,
ED88GHQDHQ ,
ED8SU3VYEM ,
EDDDP74V6V ,
EDF13HB0KL ,
EDGXGUNTPP ,
EDH949UUEZ ,
EDKKC8Z3C4 ,
EDMDEB50YI ,
EDPGYHUVSC ,
EDPMRNB4DH ,
EDS4NCJ5PQ ,
EDS68P4YD2 ,
EDUWVS1JUY ,
EDXT9QJU8U ,
EE2FZQFMHQ ,
EE48X7AEXT ,
EE62CT4BYA ,
EE77B7KNKD ,
EE8PSHT3B8 ,
EE9FN5ZC8G ,
EE9GTZ4KVX ,
EEC81HOTMB ,
EECZF61LLB ,
EEDO3SHJDZ ,
EEENCQ7N7M ,
EEF62QI8JG ,
EEFJSP2M2J ,
EEFLM5XKSW ,
EEMIAOG6DW ,
EEPFF5NKNG ,
EEPQM8YNYT ,
EESG5CZGTN ,
EETSMXH3Q8 ,
EEWU779SY3 ,
EEYUY8EHYG ,
EEZABNEHZG ,
EEZYR5ISX9 ,
EF3D4RH40V ,
EF3STYTTJW ,
EF4VVJL45M ,
EF7FHZEHNW ,
EF9YRMFFV8 ,
EFAB61WQPL ,
EFBKXPCUS5 ,
EFC3S6NJD3 ,
EFDCNMQXCD ,
EFDYG7EKKY ,
EFGY2RKL2N ,
EFJ44Q9TRA ,
EFN4AFK9UA ,
EFQ29BYZ9G ,
EFT9NL2OWL ,
EFU3BHD6ZA ,
EFW794M4BC ,
EFXGTBCB70 ,
EFZ6FRMHCN ,
EFZWLRP474 ,
EG24RHTUBR ,
EG2E8VW8TU ,
EG4F92P7JW ,
EG693TT44H ,
EG6XXJFZMX ,
EG7VE27DGF ,
EG8NS9VV7J ,
EG9IAXTZ ,
EG9RK9GFTA ,
EGGSFYHWFF ,
EGNAQRZUAT ,
EGPYSA99RE ,
EGQP8CK168 ,
EGSTWAKX5W ,
EGUIOM40HK ,
EGW7D3BKD3 ,
EGWNSXF5HZ ,
EGZO2LSEU9 ,
EGZRP6RB87 ,
EH37CMTC ,
EH44CVNMJ9 ,
EH5CBR8GGQ ,
EH6GCTZGD2 ,
EH6JEECY9U ,
EH9RMR3XPG ,
EH9V1LW072 ,
EHBW5VJYJC ,
EHCSDXWNJ3 ,
EHCW9PPNOK ,
EHCX150VI3 ,
EHDF3BGAKB ,
EHEBBJCH6Q ,
EHEJZZHTE7 ,
EHFZBAH9FY ,
EHJ7CHN7BG ,
EHK57L85UI ,
EHKHCNKWNB ,
EHKK1A25AI ,
EHSB7OEMS8 ,
EHSTW26K7Z ,
EHTAGEUVJB ,
EHTRDZ765N ,
EHTWTY4SGW ,
EHUBMKRCVH ,
EHUHGQW8SZ ,
EHVCJ3ZBAJ ,
EHW38DE25S ,
EINY0PZLEM ,
EIO1IJME1A ,
EIVEG2VUXH ,
EIWX9D76XV ,
EJ0GFAF8ZZ ,
EJ6HNYKQB3 ,
EJ7MU5PF2D ,
EJCD8DUWBF ,
EJDW28NDU5 ,
EJFPGSADXY ,
EJHGZX5KFH ,
EJHN6WGY5X ,
EJJ5WBGAZS ,
EJJNBA9W79 ,
EJJYCSQ7PA ,
EJMGT5YHWR ,
EJNDJRXW2D ,
EJNKLDJUZ2 ,
EJRQ36DP4C ,
EJSWSRD3AP ,
EJSYVKAF7H ,
EJUDUY24LT ,
EK3K95DSDJ ,
EK6KUVUNBB ,
EK8DUJYZM8 ,
EK8NV6DK28 ,
EK93E8CDYT ,
EK96KCDCMJ ,
EK9DUERKAU ,
EKANSPAARF ,
EKD77778W3 ,
EKF9VT9MEH ,
EKFEBRFFJZ ,
EKHLUFCISY ,
EKJWSAIMWS ,
EKKUW5CVRJ ,
EKKYJ3V55T ,
EKL5BIC1RL ,
EKPLAWTFYS ,
EKQNE2USAX ,
EKU9BTPBQD ,
EKUBVBUFX7 ,
EKV5CFFDQ7 ,
EKWAL3E09M ,
EKWXQ48WDS ,
ELAXCL8SK9 ,
ELC3JBZWKM ,
ELF3UG0H9S ,
ELIAHLBDKE ,
ELIV4R5DE4 ,
ELNFI2IOSH ,
ELWHYN8JBE ,
EM2NS7EJUR ,
EM6WHVQWJ5 ,
EM9TMWJVYE ,
EMDBAG8IY7 ,
EMGSRP46YA ,
EMGZJWFNJT ,
EMNKGS7NNH ,
EMPYV4MPUV ,
EMRGTQKRBG ,
EMTR3Y9UTK ,
EMX5KHXMW4 ,
EN25WSGBCP ,
EN3DCGPB8U ,
EN4HPMXOST ,
EN6DKRXMUV ,
EN86KSWX67 ,
ENB67R5ZXP ,
ENDM44XEWN ,
ENFFD39UT6 ,
ENGRSX15I7 ,
ENGWFA3U65 ,
ENKERCOL7E ,
ENKPG070O0 ,
ENPGZ4UGZE ,
ENQYBUKAKF ,
ENZW48RP ,
ENZWLYWD37 ,
EO28WCG2TP ,
EOB43SQPDH ,
EOGNSFF5M7 ,
EOHBWCKGB5 ,
EONB5DNCTG ,
EOP032ZPOY ,
EOPTZ84ERD ,
EP2F4C6A46 ,
EP47UYM46M ,
EP4PVHMAMW ,
EP4RYMJ3M3 ,
EP8UVK4HZX ,
EPA1LHFN ,
EPAMUQTZGU ,
EPCCGKMH63 ,
EPHNWZGO8S ,
EPJXCT7SRJ ,
EPKQ655FKJ ,
EPMXJN6V8F ,
EPQ8BW309O ,
EPQFEQNQA5 ,
EPRFVGQA8Y ,
EPVNYKDQH2 ,
EPWEVEF724 ,
EPXVMBDM3X ,
EQ22M56W9P ,
EQ527WW9PT ,
EQ8XBCWZ7X ,
EQADK2ARSP ,
EQBPX5LYGK ,
EQC9G8S7UA ,
EQFA5TFS7V ,
EQFQQGIW ,
EQFRVE8QYN ,
EQG60BJHJG ,
EQJAZXXFQ7 ,
EQJFDUQWAV ,
EQN2A3Z2SA ,
EQQECFRS3J ,
EQSKVD2A63 ,
EQTBTSJ6JH ,
EQUPLMG1PO ,
EQW7UY5Q9G ,
EQWQDPS2EG ,
EQXEN3RAWM ,
ER2EGQ8DVU ,
ER2PFURG49 ,
ERC4GL612X ,
ERCPGK69PX ,
ERHSN8VJU9 ,
ERJ2QRYCRG ,
EROFKWQ5ZA ,
ERR7B7TT3B ,
ERSMKSQ3CM ,
ERTKVAFP65 ,
ERY4MQN6BS ,
ERZZVD5PF4 ,
ES3MX6A8MG ,
ES43NJWHND ,
ES4V7YY265 ,
ES5QUUZ8ZG ,
ES5RJAPXN1 ,
ES6GEY9ZXF ,
ESBM73FRU4 ,
ESCJRV4MZ3 ,
ESE6RCG5Q6 ,
ESFGBHD4HJ ,
ESGDXFYZZ2 ,
ESNGC670AU ,
ESNHH25C89 ,
ESPQDVIJ28 ,
ESQE2QJ4WT ,
ESUKATHU2V ,
ESVCVB9X8F ,
ESWVK6WWNQ ,
ESYCQUZSZ2 ,
ESZ36AD4EJ ,
ET0BYEFGD4 ,
ET22P9TJJ9 ,
ET2NIZWC71 ,
ET2PWSNH3W ,
ET2XLH9PXK ,
ET35QEK2ZN ,
ET3EKEB38D ,
ET4WZEG73Y ,
ETBX8Z9AB9 ,
ETBYZRBVUN ,
ETDKBWX5H4 ,
ETDPVGKKBK ,
ETE999U75F ,
ETHGQX85RA ,
ETLYZNABLF ,
ETPA9A4MVD ,
ETQQAD2RQW ,
ETRMHCRC63 ,
ETRN3EAPTK ,
ETTCQPHXMB ,
ETTJ229TBV ,
ETX373ZTM5 ,
ETXQJXXJ3K ,
ETY3TBCPMS ,
ETZ3QBD35Q ,
EU3X1SYUXF ,
EU5ZMU66XC ,
EU7KVX4HXC ,
EU7Z09F1ZS ,
EUB8JXT08W ,
EUEM5MFDE4 ,
EUWJ6XK29A ,
EUWSK2UM4C ,
EUXZ7VTHWZ ,
EUZ7GAVJCX ,
EV58NZ0F36 ,
EV5JYT6NP9 ,
EV6OBTGBY6 ,
EVCGKNG6CH ,
EVCPYFV4XJ ,
EVECH849N9 ,
EVF1OKPLCL ,
EVJKPRR84D ,
EVP2PN071U ,
EVQNUXQ2YM ,
EVRTEHVUFD ,
EVSFWY7NF7 ,
EVTJ373L43 ,
EVVE55PW7Q ,
EVYD696FF9 ,
EW4PUBABEK ,
EW5JAAQU3M ,
EW73W5O398 ,
EW8QS6VEVG ,
EWAABMCSX3 ,
EWASVCRNHM ,
EWCKNX9SA6 ,
EWDG8JGCDZ ,
EWJ9HDPZUF ,
EWRRN4ZD86 ,
EWRZEV4BW4 ,
EWSTG2N9EA ,
EWVQUV9U96 ,
EWW1S1C69T ,
EWX7YCASKF ,
EX0EA2SROY ,
EX2F4TCDC7 ,
EX3BMUWPUH ,
EX3MQB72BY ,
EX5GP9C5NA ,
EX8CMGYCEW ,
EXD6XVFTZ4 ,
EXECK5BE5R ,
EXHAAV8NJG ,
EXLY857M91 ,
EXMJ3IM0B5 ,
EXND5VWAHA ,
EXQ73ZG62F ,
EXQGMV0VSM ,
EXSGADHJBP ,
EXTMJJWSHW ,
EXU8BUW495 ,
EXUYXTVGJP ,
EY6RXB6KNG ,
EY9ZGKEKND ,
EYARRCSFSE ,
EYBHC2YJVM ,
EYFJQXZRXP ,
EYFXKF59FT ,
EYGHSFQPAR ,
EYHCJPUVY5 ,
EYHTKBBU5Y ,
EYLQKD9MZQ ,
EYVNW8N795 ,
EYVNXQX3NH ,
EYY7YLTJT3 ,
EZ356AHHXD ,
EZ5VJ5DA ,
EZ7EPT7FVA ,
EZD5V72WF3 ,
EZF2ACJTR7 ,
EZG1FEODSC ,
EZHROMNW ,
EZKO6XFL6I ,
EZYK3EV3GR ,
EZYRCH9EED ,
EZZEEVKVXH ,
F03E7L71MN ,
F093MJ7QS5 ,
F0HPCKP34Z ,
F0U61GIQS7 ,
F0VQ5BZ53K ,
F12T4OLLBK ,
F1HZJOEPDY ,
F1LAD0CYMR ,
F1LR13XZU8 ,
F1WM4XE88J ,
F237FZWZ2P ,
F2392U90N4 ,
F24CV0KKKT ,
F25AX3RABF ,
F28X2Q2QVC ,
F2B5S90N1R ,
F2B7UK5PRS ,
F2FDWRA6TE ,
F2OHHNY9R1 ,
F2P1D2D4GC ,
F2PH8RP9BE ,
F2QGG3QA1F ,
F2T39YTCAM ,
F2UBNZWVXY ,
F382TUK4YW ,
F386PVUDMC ,
F388STRF5W ,
F38WT4PD2X ,
F3CUUVCAEK ,
F3QM2YKIVE ,
F3VYT92SMJ ,
F3Y7JJWANW ,
F4389RXD3R ,
F43STIULDF ,
F443M61N5T ,
F45YF4ZD4S ,
F48MRYJM8R ,
F4FVUXPT4F ,
F4HHGJS5RF ,
F4KC9ZQE5T ,
F4QVMHVBAX ,
F4S64YOSGV ,
F52CFVNMXU ,
F547CQ5Q84 ,
F573E28MEJ ,
F579PDM5WZ ,
F57H633URC ,
F5ABEFXMQN ,
F5BGE5A4MC ,
F5CFH6MDYY ,
F5CV157LSG ,
F5DBS64TCX ,
F5ECWBXC9J ,
F5IZ9SFNDP ,
F5KGADX4KC ,
F5N6WT7P8B ,
F5R3M5GBJ9 ,
F5SUESYFZD ,
F5US56DW7D ,
F633DVCY3Y ,
F64Q4WJK6J ,
F6EEZ3MRH3 ,
F6HBYCJ4DX ,
F6PVPFTGTA ,
F6QBXTBV5C ,
F6T49NM2PF ,
F6XVRS9UQE ,
F6ZUZD97XQ ,
F7AZNMAU2F ,
F7B589WXSC ,
F7BDT4BMDG ,
F7EWHNRXW9 ,
F7J9ZZG2KN ,
F7KCB46XAN ,
F7PAPDAM6Z ,
F7SNGK56JN ,
F7YXDRYP7T ,
F7ZPAKHUKU ,
F832EEFQ6E ,
F85BEM2AZD ,
F89V827DBF ,
F8A33ETHVS ,
F8AX6C7UK6 ,
F8CF22NPKF ,
F8DRNMGWF9 ,
F8G5TCKZUN ,
F8HN84FGKQ ,
F8K8N8HFQF ,
F8N6GDAFME ,
F8RBCWJWHW ,
F8WYH8FJN4 ,
F92AKVGQGC ,
F96A9XQFSR ,
F99JYQCRYU ,
F9C3H3TQUG ,
F9GA7SFV54 ,
F9JK5VXCK6 ,
F9JQX26AKH ,
F9N5HQKQC3 ,
F9PFCKNTAQ ,
F9PYFEH3C5 ,
F9R9WZ96K2 ,
F9RFEYNP8K ,
F9RFM9TE6F ,
F9SSFEV4FC ,
F9V9D6S9FN ,
FA2XVKPTCY ,
FA5BCA2UAR ,
FA8Y5RHTN2 ,
FA9PQWA9UU ,
FAEPNMHHUY ,
FAG4C49VXM ,
FAKSW2YKN4 ,
FAMZKK4PW5 ,
FAPFX74D8B ,
FAQV52NMMJ ,
FAR3SEMU2C ,
FATHRGYBEY ,
FAU4XA2VZE ,
FAUMAXHMWP ,
FB4CFS64T3 ,
FBAMFG3Q6D ,
FBFTQ3MGUU ,
FBG3MVC8D6 ,
FBGVEW253M ,
FBKD2P3E7P ,
FBMF6KN4RT ,
FBMMYCVS4G ,
FBMN373A4K ,
FBNNTD889B ,
FBPSHZ4AKQ ,
FBSWD78AYE ,
FBVQBZ5W6U ,
FBYTY9DQE7 ,
FC33C327R6 ,
FC3792PM54 ,
FC4VUKA73N ,
FC5GM36YT5 ,
FC926BK34B ,
FC9KKDHSHJ ,
FC9UEG3A62 ,
FCBJQM3Y4E ,
FCBMWDCHZE ,
FCDGA7754A ,
FCDMZSH9SQ ,
FCDQAUBPG3 ,
FCEGE7JTH5 ,
FCHF4TJPSF ,
FCHSU5XP4M ,
FCKF7E69XC ,
FCN6GU6XF2 ,
FCQFE7449W ,
FCW86D2W5G ,
FCWYWRVMRX ,
FD47NFE6XU ,
FD5E8Q6JTK ,
FDBEBQMM92 ,
FDEH2FM3KY ,
FDKAV6J8VD ,
FDKHYHE3WG ,
FDMNJNHWRX ,
FDTMJVV77D ,
FDZVA9QQNB ,
FE3FEM4ZRM ,
FE7TEQ79JD ,
FEGT5RPM5F ,
FEMTVNJ6GY ,
FEMUQWYSTE ,
FEMZWZCA27 ,
FER5BM444H ,
FERXP4HE36 ,
FEV8HNDWAH ,
FF3CD82WYM ,
FF5XF9845D ,
FF6AAAVMFC ,
FF9RJTB8ZE ,
FF9SKCZ9J9 ,
FF9VZCUQ7W ,
FFAXUFG6AQ ,
FFC9R2F5N5 ,
FFNNA5EJ6Y ,
FFNQMN5JY9 ,
FFRP2FJUA2 ,
FFSW7RY3U2 ,
FFTGE285NN ,
FG2H8KGDV9 ,
FG97QJGR97 ,
FG99BSK9D6 ,
FG9WFWS3JS ,
FGDCDBMWH3 ,
FGGAQD4BGX ,
FGNPPTPEN5 ,
FGNTH4R976 ,
FGPAMTVT78 ,
FGSKW67ZD2 ,
FGT66KFQR9 ,
FGVK44QBNT ,
FGVN37ZNMT ,
FGXP4T4MA3 ,
FGYKSZZFCJ ,
FGZGDCKPTF ,
FH57ERNPYK ,
FH6USJTEQ2 ,
FHE9ZSEKM5 ,
FHFAWU3WM4 ,
FHFE53Y3SM ,
FHFN74C4WR ,
FHKZUT9RWV ,
FHMR2TW83W ,
FHX7PCQGTK ,
FHYKRAPX68 ,
FJ2RNCQ7T2 ,
FJ46YCE4Z9 ,
FJ4SFU2WAQ ,
FJ5X9ZW32V ,
FJ6K6FHR4X ,
FJ8SHF8EM8 ,
FJBFF8HY25 ,
FJN729MXUM ,
FJVHGN4T6F ,
FJW556PH9N ,
FJYHWQ7G39 ,
FK665VX5BU ,
FK7QMWVRWA ,
FKD6SCCNP4 ,
FKFJQR7VSY ,
FKMRBB4EDZ ,
FKNYMHZZ2P ,
FKPMD9YDCC ,
FKQPJ2RA6F ,
FKSJ5DVMX4 ,
FKUD7EAKCZ ,
FKWA8K6NTT ,
FLPGJ8H8 ,
FM2H6DFCEJ ,
FM8DMMW97G ,
FMA3Z82QG6 ,
FMB9RWSCDV ,
FMG24QSSQJ ,
FMKQ5N5V4E ,
FMQUHAHPDX ,
FMRCKBAMR3 ,
FMV2BAJFDA ,
FMV8B4XD3H ,
FMXMK7TTCH ,
FMY884PWRY ,
FMZWC7KJ9P ,
FN425C94FH ,
FN55PHWSUT ,
FNESZGDQCG ,
FNJX5RD2GN ,
FNQ9CBKJMU ,
FNSK2TFM6D ,
FNT75Z2JV7 ,
FNUPZ4RP3N ,
FNVH3SJ4H5 ,
FNX7XGTMF9 ,
FNZWAJ39YV ,
FP4CJ8R68S ,
FP4QNSK9SJ ,
FP55MDPFQC ,
FP7F8DZS3F ,
FPBNMG9R6S ,
FPCFHBF4EM ,
FPFWGE4WS7 ,
FPG2NMVSAN ,
FPHE7X6USZ ,
FPPRCFWPVZ ,
FPSRKTNRPA ,
FPTNAN6R25 ,
FPU4KPGGHN ,
FPU97VGWZ9 ,
FPY762VU93 ,
FQ37W2AHNY ,
FQ3R9A4ZSS ,
FQ3ZNUR3W5 ,
FQ75FECG2S ,
FQ8S2AEGDW ,
FQAQNCCM3B ,
FQDUAC7A8V ,
FQJZ5RV7TK ,
FQKPX2FUMK ,
FQRYD6AGYX ,
FQSTVC45R9 ,
FQT65N2G29 ,
FQUT9NABNQ ,
FQY8CN6WHW ,
FR6GY9GEU5 ,
FR7CHWHUFH ,
FR9GHU79DA ,
FRBJ79A5X6 ,
FRDBD43Q6F ,
FRDQHYB72A ,
FRM2WN9U8T ,
FRNSTZQ2YS ,
FRXA4D3FAR ,
FRY2S6PD2M ,
FS3HMDDMAQ ,
FS3VADEXYC ,
FS3ZTG8DNE ,
FSJRZHFHYF ,
FSWKUH7QZ7 ,
FT63W4U9F9 ,
FT6WRPR5ME ,
FT88RESGQR ,
FTGECS9RCS ,
FTQ3YUGA5B ,
FTVAANV6CX ,
FTZJBMR92M ,
FU7QNWHWEV ,
FU9GR7ADCK ,
FUADCHJR4H ,
FUETUXNG3S ,
FUFNK9HWTJ ,
FURCEAKY6D ,
FUVQSW76SV ,
FUXKN4J22R ,
FUYJNUK8G9 ,
FUZCUP3V87 ,
FV2X6U7HQK ,
FV373RCN4R ,
FVDRA42XJF ,
FVHEJ4XYP9 ,
FVJGNQYJXQ ,
FVP6NFJBZ2 ,
FVPB4WUVXF ,
FVPWJSQW86 ,
FVR63JC6QM ,
FVSQSPEHK8 ,
FVT3A6SU69 ,
FVUXJBAPYG ,
FVV9HC8U8E ,
FVVZBZ2SCF ,
FVWB9GKKQC ,
FVXXNRHET3 ,
FVZXKRWAHP ,
FW53T5GAHU ,
FW5NNJFGPJ ,
FW64NXKH78 ,
FWE2N3C84K ,
FWGFX9SZWT ,
FWHHYXDGU7 ,
FWJ6AFGVTJ ,
FWQBV32SNM ,
FWYC23M6SV ,
FX4UWJ5GM7 ,
FX8WNQHH9X ,
FXA4J2454D ,
FXDQJQXSPG ,
FXGMXG4XYF ,
FXJ2K5MRKP ,
FXKVSRVKNR ,
FXPDWBPXPJ ,
FXQ8HPKA5G ,
FXTFVTY9QW ,
FXU8UHG75N ,
FXUN9V9P8A ,
FXZ6JEM42Q ,
FY3DYMQ5HC ,
FY3M8X729P ,
FY5BC6UQ22 ,
FYA7BHGA96 ,
FYBEED642S ,
FYESPMFKWG ,
FYGBQBZSS7 ,
FYH8VM7HNM ,
FYHJHKCVHG ,
FYJ8MXY7ZF ,
FYMXKXE6QQ ,
FYPEQHSV9A ,
FYR2VNYJ4W ,
FYTVKGGUFM ,
FYUWF24MKK ,
FZ23PHV4Z6 ,
FZ2MTHTAU3 ,
FZ2TPQCJEW ,
FZ7E3VXKRU ,
FZ7P97NFXZ ,
FZ8ER8D52K ,
FZA8XRV2Y9 ,
FZBCN899PT ,
FZHXYBAUME ,
FZJE5K5UA7 ,
FZMGJFNXPB ,
FZPQC7SAGZ ,
FZRBY87QAN ,
FZRZGEGCDH ,
FZS7ZNAC65 ,
FZTJZ3AKW7 ,
FZWMBGJBDZ ,
FZXYSD8ZW6 ,
FZYXECJBQW ,
G23TFG6T9S ,
G23UUXYPQK ,
G24CNFUM8H ,
G255JVXRQJ ,
G25DTAKYDB ,
G25GDSE5RS ,
G25Y6QWF6S ,
G27D95S67G ,
G27UD323PK ,
G29QRU6DRD ,
G2C7PS8WK5 ,
G2CC34CS7N ,
G2DBFWBW7X ,
G2EQM9TPSS ,
G2GKEPNC62 ,
G2GSG27BA4 ,
G2K3S2Z56P ,
G2R977HDA2 ,
G2V27XJU6M ,
G2Z2DRBKG8 ,
G327VKVD5R ,
G37JFSADK2 ,
G3DPNW753E ,
G3FCHQV43W ,
G3FRFTNX48 ,
G3NMKCPWDP ,
G3PK53BJV8 ,
G3QYH7TNSE ,
G3SYZ3R9ZR ,
G3UUASJEN4 ,
G3V8UGTCU5 ,
G3W5SPC8Q6 ,
G3YWH7B4R2 ,
G48X4Z3JRK ,
G4CNWTTCK6 ,
G4DEPWZ3EQ ,
G4PFBYZJJW ,
G4XEHW4WK2 ,
G4ZK9R27PC ,
G54CX45RR4 ,
G54MVZVX3U ,
G556EP7FMD ,
G56F962YNF ,
G573Z6DVDU ,
G589DDQU9R ,
G58MXVWZT4 ,
G5D47Y4MRH ,
G5E8K4AS62 ,
G5F298S4XA ,
G5FE73ZA6P ,
G5FXGV4ZXY ,
G5H3DWSQ8G ,
G5HVPSSRRS ,
G5J3E2FN8R ,
G5JTU4FJAQ ,
G5R64SBESB ,
G5S7D9W27C ,
G5TX3EBS93 ,
G5TZGD23X9 ,
G5YVJQ72ET ,
G64KXTHN23 ,
G66Z4DT33X ,
G685UWS659 ,
G69P8ND5HF ,
G6CB5ARS72 ,
G6ED7FT2MK ,
G6GJ6BD7XA ,
G6KRK429VB ,
G6QWBCNA2J ,
G6V62CR94B ,
G6YDKA3QFF ,
G745AMSNQY ,
G78748CDY9 ,
G7D49UR37R ,
G7MSPWEAJ4 ,
G7PKTDFX6P ,
G7PQRQ3HRN ,
G7RED42M3D ,
G7SJYA4GSB ,
G7THZFR2NM ,
G7UCDDY2CY ,
G7WDDBBSPU ,
G7Y42D32ZJ ,
G7ZEVUBXQ8 ,
G82JC5KN6Y ,
G896TQVXNS ,
G8BMV84CMD ,
G8GRD8TQ3E ,
G8H39QZ4F4 ,
G8HKSMUVNG ,
G8JAV37BDZ ,
G8JCN634A2 ,
G8NKG2NSX2 ,
G8PAJ6VYSE ,
G8QN8RTETJ ,
G8QNAZT3CN ,
G8R9U94XQR ,
G8RETWHWHB ,
G8UDTE3TVF ,
G8VNRD6BZU ,
G8WBSXDFXN ,
G937MCUHZD ,
G95JE69V4Q ,
G98CUUJ3BU ,
G9AAGMKMR3 ,
G9AFBUMAW6 ,
G9BSS59RSX ,
G9CT2A899J ,
G9DA7Z6FF8 ,
G9F84BM4PS ,
G9FJCG98V6 ,
G9GM6GABBD ,
G9KFE622GH ,
G9KP277RJZ ,
G9QBZJRVUF ,
G9R8WTXYMH ,
G9TWJ39RGW ,
G9W5BBK8PC ,
G9WVSY6ZVV ,
GA2GQHNQRS ,
GA4WK3U7P7 ,
GA7PBKA7G9 ,
GATR47M43V ,
GAVPHM29QY ,
GAWGCJRE2K ,
GAWJP77H9J ,
GAWS4WXJQP ,
GAXAG3UWGX ,
GB26XZPJ8N ,
GB2A5SA663 ,
GB55JJUNN9 ,
GB6DCCV3EV ,
GBAHZ2C3RR ,
GBHWHXQM8F ,
GBMVR9DNWW ,
GBQRNBXBXV ,
GBSZN5CJPH ,
GBVGZVXMA6 ,
GBW5CDFYVG ,
GBYZEB5757 ,
GBZ6TDDDAA ,
GBZMJGA7FW ,
GC92WSQ4BY ,
GCDPU4SJ6M ,
GCFACGJB7Y ,
GCHH687733 ,
GCK9UBQ4YZ ,
GCMA7KHFSJ ,
GCR546GH7U ,
GCRAU68EB8 ,
GCRWFNPMCC ,
GCUHCCGGF4 ,
GCUZAVN36B ,
GCV8YY3DJV ,
GCVRK2PMUS ,
GCWQEQTX9E ,
GCXNCX84JA ,
GD3BHNCYSB ,
GD4HA3VC72 ,
GD8A8K2B5U ,
GD8GTWERJG ,
GD9ABA8P7G ,
GDAEXQYFS9 ,
GDCM7HYZCF ,
GDDHU3D576 ,
GDFQ4QW5T9 ,
GDG6HP8ACN ,
GDJQWKTTQU ,
GDM3S48J3T ,
GDUKS5B3J8 ,
GDVH4CCPZK ,
GDX5WVJCM7 ,
GDXQBK3426 ,
GDYJ9K9YXN ,
GE29BSFUBX ,
GE5HJSCADG ,
GE7QFV8NWX ,
GE8Y6SHXM4 ,
GE9JY2J35J ,
GE9RJYN2S4 ,
GEA08QNONW ,
GEAVT7UMNJ ,
GEBDSA7T6Q ,
GECE3VB8D2 ,
GEFW9NKDA8 ,
GEKB9XSP2H ,
GEMX4CZPE5 ,
GENXRP89RW ,
GERB23SVEG ,
GES5G9XMC9 ,
GETABXECMP ,
GEX6R6PQRS ,
GF3M63FNSE ,
GF773CT622 ,
GFAWRE5MHP ,
GFAY9FVEWG ,
GFBGDVMP5F ,
GFKDK559Y7 ,
GFNEABDQTT ,
GFQF52NZHJ ,
GFQUYGXZRU ,
GG4BMCWN8R ,
GG57MVNB7D ,
GG6M2NG9MY ,
GG6Y9IO6HB ,
GG9FE57WY7 ,
GG9VCMS6KA ,
GGVJEZT7TX ,
GGVM8VQKUX ,
GGVQN2RHVS ,
GGYC7EC6V6 ,
GGYJJDHT3E ,
GH4WR6UXUP ,
GHA6KAQANG ,
GHAGYCPTQ5 ,
GHBEC94AK6 ,
GHBTYW5ATV ,
GHJB39FGUT ,
GHKRV3KNWC ,
GHMJ5437TW ,
GHQ2CE4WZ5 ,
GHQ8BYADDK ,
GHUPTD4YNX ,
GJ3RQN4HS5 ,
GJ4JUCXRSD ,
GJ7TBVT9D8 ,
GJ9VNHZRZD ,
GJAEQ44P7A ,
GJDTZWPU3V ,
GJFA8X97ZY ,
GJFA9459BU ,
GJJTDXRMGT ,
GJNCZCARD6 ,
GJPVCAZW7S ,
GJS8JYNAQR ,
GJSA7UG7PA ,
GJVVX57QT9 ,
GJWV557DW4 ,
GK2XJT4E6T ,
GK3T26PF56 ,
GKBX6CXWJP ,
GKC6MEC7KK ,
GKE3VEEDBP ,
GKEJHGAWED ,
GKHWXU3JSY ,
GKKP4VW4XW ,
GKMFQNKSHH ,
GKTQ5NCE8K ,
GKTXHDS8AW ,
GKV2YSMPVB ,
GM2VVVE9AC ,
GM44NABHK5 ,
GM48HR28NR ,
GM4CJ8C8FN ,
GM5FAPMQBG ,
GM8Y9QDXMY ,
GM99JE54DN ,
GM9U56ERC8 ,
GMARN4TR5W ,
GMCYEHTU8D ,
GMFMXBA6WD ,
GMFVJ98YQF ,
GMJMXXR5UE ,
GMPK7NYW4P ,
GMRDSPR5WS ,
GMRNEYWR2E ,
GN52U9EW5B ,
GN5RFJTK4H ,
GN7XH9WB83 ,
GN8R8VTQS3 ,
GN8TG4UK5E ,
GN9HEJ7BRJ ,
GN9RTVWWXG ,
GNBVHV3NTK ,
GNFH2DHD7E ,
GNKWZYSUT5 ,
GNR9E2QJUJ ,
GNTY5XZRQ4 ,
GNUXMAJK53 ,
GNYT8NAGVM ,
GP96S6X8MQ ,
GPA3N8DUDT ,
GPBZ9PANJ5 ,
GPHGZDX9BX ,
GPPYCJ8BJV ,
GPTDD6BR2M ,
GPTUU9HTH7 ,
GPWFPX3PSJ ,
GPWU6JXN8B ,
GPZM848ADP ,
GPZW2Z3ZPC ,
GQ3SHKCRQ6 ,
GQ6A8G4XPZ ,
GQ7WB4QCDA ,
GQ8H26SKS8 ,
GQGM2HJFCW ,
GQMRZ7JWD7 ,
GQV37TXKUD ,
GQZZZA4SGV ,
GR3Z9XX8JA ,
GR846RQF7S ,
GRBAFZM5YK ,
GRCGZKGTWR ,
GRFRUQRYB5 ,
GRJE3S2RW8 ,
GRK79ZBWWY ,
GRNPHE49T5 ,
GRP6U4PMBH ,
GRPBPSGPU5 ,
GRQX6MPF74 ,
GRSDJSFW8G ,
GRSE8TBB6P ,
GRTNQAF3KN ,
GRVMZW9C93 ,
GRYFB5BRZB ,
GRZ4K3PA4X ,
GRZU5CNQAP ,
GS3WFA3RU3 ,
GS5E5W6PMX ,
GS5Z58J8AN ,
GSAQYKRQPX ,
GSBF4BQK2X ,
GSE2MTFM48 ,
GSMTPY29P5 ,
GSSGFD8NR8 ,
GSU3NVY3KS ,
GSVVN2CHTA ,
GSWYDKDQBC ,
GSZ18FR6BU ,
GT7VR9DR4Q ,
GT8X6NWSMD ,
GTGJNZ9ATU ,
GTR2VZQV6G ,
GU2253DUBK ,
GU2JU94MXJ ,
GU2XG4QWZK ,
GU4XBADYBX ,
GU5SPEE2QF ,
GUAW9UBSMB ,
GUH3AUWURT ,
GUH7NUV7H8 ,
GUSN98H8MU ,
GUW83U42KA ,
GV23BP2AU9 ,
GV3J8XVMZW ,
GV3QWHQD3D ,
GV4BBJBC96 ,
GV6N23EEX3 ,
GV6R7V26NB ,
GVFCS5Q2Y4 ,
GVG2NB9URA ,
GVGYBJ8NH5 ,
GVNKE8U53A ,
GWAHKG593P ,
GWBF7TX2D7 ,
GWEYEN3KMP ,
GWG4TZS2GC ,
GWMHYTZTXU ,
GWPBCRJZGM ,
GWTGJ8HS7C ,
GWTGMCASRX ,
GWU3P3K7MB ,
GX3T38Z4S8 ,
GX58X8TRNV ,
GX7QFJBHMW ,
GX9HVJKZMZ ,
GXFHK9WK3G ,
GXMMC7F58S ,
GXN6CXF655 ,
GXNNJJ3GQY ,
GXQ45485QW ,
GXTZU2RK5B ,
GXYFN2H5YX ,
GXZWFQXUU9 ,
GY4ZZK5TRR ,
GY62Q298K8 ,
GY7MZQNTPA ,
GY9KEHEN2Q ,
GYBSEKEM2S ,
GYBUAHBXV3 ,
GYKW2KM3VN ,
GYQHB9BE29 ,
GYSUPZ2BB3 ,
GYVTMX6VPJ ,
GZ566FPYGA ,
GZ62Q4QRK8 ,
GZ6N2SS8JA ,
GZ7V24SBCN ,
GZ8QWN982K ,
GZ9CJ7JVJ5 ,
GZ9M8JAVGT ,
GZD3YNTGUU ,
GZK3SEQQX7 ,
GZMHJ5SR73 ,
GZRNNRTU9F ,
GZWSPD9TA5 ,
GZYPYPS3RZ ,
H2BWBXS32W ,
H2CDRGPQAH ,
H2CXYRTSCN ,
H2DP3E7BHH ,
H2EQNCRPJS ,
H2F782775P ,
H2GU69MQ4U ,
H2MB8DXZ2V ,
H2Q6AG47K2 ,
H2QVVMAYRV ,
H2SUXK3K5D ,
H2WZWD9HJB ,
H2X2BNGUAG ,
H33S5Q9QPC ,
H354XRV4GF ,
H35KGEDKK8 ,
H39EJSZFG6 ,
H39X86U67N ,
H3C9UACUJN ,
H3JS7KH8XG ,
H3MKTJ3NPG ,
H3N3VEFYT2 ,
H3RC8NVY5Q ,
H3RVM8MRUU ,
H3YT5CM2QA ,
H46VUR5XBJ ,
H48TH7AETS ,
H4J72T5QKD ,
H4K3FXRTQZ ,
H4KG2JVTRP ,
H4N5PF8WJP ,
H4QT8QK5EB ,
H4TWP3ZECF ,
H4UQZNTC9A ,
H53X95WX89 ,
H554VRT7EM ,
H5B4HDFM5M ,
H5C6ZRFSZZ ,
H5DXN5MVZJ ,
H5XZ73QA8D ,
H627X7MD8D ,
H62HT244BK ,
H6D2SGXP8J ,
H6FMC383QW ,
H6J8ZCWRN8 ,
H6JNPTXPC9 ,
H6NGTPESQ2 ,
H6P96C6BSK ,
H6SUNHZ936 ,
H6THGEE95S ,
H6TWYA7Q65 ,
H6TXNKK7NW ,
H6UKFKZ8K2 ,
H6UXFERRBA ,
H72PRRQGBP ,
H78NR8Y7XI ,
H7D9CXYFBR ,
H7G9XQMA7C ,
H7HG5RGKJT ,
H7JMB9V2YX ,
H7JN8TAXBD ,
H7MHXHPBGB ,
H7RSGYMH8F ,
H7S7FCENJ6 ,
H7SX8EZAVH ,
H7WTNW9SHP ,
H7XU6VRDY3 ,
H7ZN3XUD7T ,
H84DMA2NRR ,
H86AGGFDAD ,
H885ZH238D ,
H8A56VPBQW ,
H8AHFK22TE ,
H8HUCQJVZK ,
H8PZBPTNDD ,
H8RHHABSRJ ,
H8T2ST23RB ,
H8Z48JVNW9 ,
H94BXXM9YY ,
H974E5NQWA ,
H9798XPSF9 ,
H98E522BYC ,
H9DSXPV5MZ ,
H9DUXTF4CS ,
H9EPYNYFWV ,
H9ESBRQSVM ,
H9HR4V6R2D ,
H9P8FN6N4J ,
H9Q7FTF9J6 ,
H9Q89LTPGL ,
H9RD65GUPD ,
H9SKZ939HP ,
H9XUDDP7XS ,
H9Z3B27RJY ,
HA3KHYHPC4 ,
HA6QSS29HF ,
HA6XZRYS8K ,
HAFBE7YT52 ,
HAFHZTTETK ,
HAFREMY4HZ ,
HAMZ57DE3U ,
HANXAZMTP2 ,
HAT7CXPW9P ,
HAUAX6AUAV ,
HAUYR3PHR5 ,
HAX9W25X4W ,
HAXACEY9BF ,
HAZDTKUR2B ,
HB3ANN2J7K ,
HB5B8T7V7K ,
HB7CG8CX2R ,
HBDNS7GD6E ,
HBFZH3X4MH ,
HBJENN8DH7 ,
HBPMYJ4Q4V ,
HBRBTZ6ZP9 ,
HBV6FYZ2DM ,
HBXQKTQQNW ,
HBYDX53VER ,
HC6744XBC2 ,
HC8JWUJGV2 ,
HCGBPP39SN ,
HCM6R5U2P4 ,
HCNCDR958R ,
HCQHPGT78B ,
HCZDNXWGFM ,
HD3E2GJWQ2 ,
HD4CAJZ6DS ,
HD4NUJ6DFN ,
HD4UX8JPAH ,
HD6QSP42KQ ,
HD9JX3ST2U ,
HDARRFHCHH ,
HDK2C99UFY ,
HDP4HYMX7T ,
HDR3S4DNNR ,
HDRVWT6V68 ,
HDTBBWCYTD ,
HDUB4SF33K ,
HDX9CTJSJX ,
HDYUFGHBKX ,
HDZW2KNMTM ,
HE6E4A47YG ,
HE8YWPJTNY ,
HE9Z9UQZXP ,
HEBSKR73RQ ,
HEC7KAJ5W2 ,
HECQXKNF7D ,
HECYUS2F8V ,
HEEYJ4S3JQ ,
HEH5KK8Z38 ,
HEJ54Y5W2K ,
HEJNSZS7TZ ,
HEJZVYX9G3 ,
HEPXHDGXE2 ,
HEREQ3KUNT ,
HERKY69Z4E ,
HEWNV77BGV ,
HEXCJP47K9 ,
HEXRJXJCHD ,
HF2SDC25V5 ,
HF3Y8NUSKU ,
HF47AHWMJJ ,
HF6GPZ3C82 ,
HF6MQUA3BA ,
HFC6FSDQUN ,
HFEHP39Z4C ,
HFHE46FGCG ,
HFHH5K6RPY ,
HFHQKS2SP5 ,
HFJQ83WMK9 ,
HFNG7HEYRA ,
HFNUGMWKET ,
HFTGXC8GJP ,
HFYCYH8F85 ,
HG48M3J8P8 ,
HG523QGFQU ,
HG7F82MVG3 ,
HG7WTUH2ZT ,
HG9YNRE2FR ,
HGAUXAQG66 ,
HGB8FGKBDM ,
HGDCUATC4R ,
HGEUWT4P3C ,
HGGFVWG5GF ,
HGM6ANWVMY ,
HGMUUZYAJK ,
HGNZMUFCE2 ,
HGP9Q6WW92 ,
HGSMNGR7S9 ,
HGVKJXB9R4 ,
HGXKZ6BVP3 ,
HGZRFRTYES ,
HH2MBGUA9J ,
HH3YSSC78U ,
HHDYSBMEH3 ,
HHECHXJR7G ,
HHH78D4W6V ,
HHH79BVAGV ,
HHJ67DP2QZ ,
HHM9BNVQCK ,
HHP9K3QHAM ,
HHR7GNRJNB ,
HHREV76QKW ,
HHTGFJDSAN ,
HHU8YGDGBR ,
HHYUM36YMS ,
HHZ8T2Q4KT ,
HHZEWPQ5G6 ,
HJ3VE2CAD6 ,
HJ9NVPQ5BC ,
HJCAUQG2GK ,
HJCW4565WQ ,
HJD4TN2JBA ,
HJE6ANQR6R ,
HJET6YBUBG ,
HJFMU4CB3T ,
HJGK97KDMA ,
HJJGR4GK5D ,
HJMMG57TAW ,
HJN5XD32VQ ,
HJN74WF5EJ ,
HJSRYNNNSG ,
HJWBXWFRG2 ,
HJXH3U69XB ,
HJXRS7VU7B ,
HJXY9M4RHY ,
HJYD3KWGVW ,
HJZCAJYYNU ,
HJZV2NYAYZ ,
HK246WM5JF ,
HK2WE2E4TY ,
HK4YYTGKR4 ,
HK69RE5TWH ,
HK8PCG6SKF ,
HK8XYGRAGT ,
HKGCDG3WQQ ,
HKQHWZD83R ,
HKUHCSZ53Q ,
HKXXXF6PE6 ,
HM2ERZWA4F ,
HM47NUVG6P ,
HMDEWVX5ZD ,
HMG2Y5ZCWB ,
HMHCDCEJM3 ,
HMM85MDG5W ,
HMNRM7T2RU ,
HMW9QRQYS2 ,
HN4C5ZUQKP ,
HN4DH4A6SR ,
HN54JVUWMU ,
HNBH5B46D3 ,
HNP3SSWEZ4 ,
HNQN58PW78 ,
HNRUSZA8EC ,
HNS5QQJJUN ,
HNUSX7824Z ,
HNX42CHR6W ,
HNXM7MST6N ,
HNZ9WP45Q9 ,
HNZTMDYKFC ,
HP36H5C6ZS ,
HP5A5W7CCC ,
HP7UZXTHF5 ,
HP9K4TYSDU ,
HPEGBUUACV ,
HPFPUZW2JR ,
HPNAAPZNSZ ,
HPQ8GD2DE7 ,
HPRPWVMT2D ,
HPS7DB4YVC ,
HPUJCFNBYK ,
HPX345CX9H ,
HQ259H2X39 ,
HQ4EVVXXTZ ,
HQ7VVG9YVR ,
HQBCZS7MW8 ,
HQCKHCHEXP ,
HR2PUUE4R6 ,
HR54TJAY8W ,
HR9TZG7MXE ,
HR9XN9GY5M ,
HRBGGJEJTR ,
HRDEARGUJ6 ,
HRHF7UST77 ,
HRN68WT46G ,
HRRJMJ9XBQ ,
HRRXZT735N ,
HRSWX3M2GR ,
HRUUUSV4HA ,
HRVB47V8Z4 ,
HRWVE5WQUX ,
HRYRX6KJNG ,
HS4CMZHE5Q ,
HS4KWH3EYC ,
HS5J99XDNB ,
HS7C39VUG4 ,
HS7HCRZAS3 ,
HS7JGDX488 ,
HS8ZRECXWS ,
HSBKCFX2CZ ,
HSCVUTM2JG ,
HSFYEVE3SW ,
HSJHEFVWYB ,
HSKQ7DB5P4 ,
HSRZQHR9ZG ,
HSSEX69TZN ,
HSVGQHNBBS ,
HT2ZPCQA6R ,
HT7DB63ECJ ,
HT8PJWUYTW ,
HT9QYEC3J8 ,
HTCEAEZQYT ,
HTFHD7ZUDZ ,
HTGDA5DQSV ,
HTHEQAEV3B ,
HTNCWZAH5M ,
HTNUHZ42BN ,
HTPPHT8DAS ,
HTQSLASD5C ,
HTSJ7QVMHH ,
HTU4NK36S2 ,
HTVB3ACY78 ,
HTZ2MGBN74 ,
HU6DQ9QZYG ,
HUCXBG2SK6 ,
HUDBBQ3KMV ,
HUGGDCB3FB ,
HUHWGFZ2BD ,
HUKN6CE65S ,
HUNK8VSCPK ,
HUPNUGP58A ,
HUSJCXP9H8 ,
HUWQR33HKY ,
HUYHKU4VYG ,
HV4WRZYD4P ,
HV5FRB78EK ,
HV78JXRKUY ,
HV9UDW78QW ,
HVCV4N7QJ4 ,
HVEBNC34Z9 ,
HVKYCGUHB9 ,
HVQHXD3XRC ,
HVRQUDSJ4K ,
HVTJADQCPJ ,
HVY4KHE6VH ,
HVZRMFVGTF ,
HW6E6N8FGW ,
HW9FBYSF2V ,
HWCFAGVRHN ,
HWF4XBF66B ,
HWFN6ZQZUH ,
HWGKD992T2 ,
HWH4JMCEWG ,
HWT498NEE8 ,
HWTXX25UBY ,
HWUY4B4K5B ,
HWUYWSWSH6 ,
HWWHCRG2XY ,
HWZ78HD7NB ,
HX7T55EBPE ,
HXA6N486DJ ,
HXBE464MAP ,
HXBHYYWCMJ ,
HXF7TFU3V3 ,
HXJ6WCHB4K ,
HXMQRH27ZX ,
HXRMZNGWXW ,
HXT3SQZHDD ,
HXUD759QB3 ,
HXY9N26C26 ,
HY2GUCSQZX ,
HY3U3ECYGM ,
HY954FWGFS ,
HYAME9Z5GS ,
HYD3GG7Z9C ,
HYFRERZCBT ,
HYHQZTMW3Q ,
HYM54ZA2EA ,
HYPW7NZRFF ,
HYU2792RW4 ,
HYUKPT499V ,
HYVFFVAD96 ,
HYWB2PFT74 ,
HYXEH7BNN2 ,
HYZM2BGK5K ,
HZ78MGREGB ,
HZEPU2B253 ,
HZEZ6Z463T ,
HZFXQJRM3Q ,
HZJXFZXVK6 ,
HZMKE2MDGT ,
HZP2CGFJZK ,
HZPMJ97Y7F ,
HZSYV9UAVF ,
HZU8YUQURG ,
HZV2XHRXBP ,
HZVZ74JYMM ,
I0H7P7SO4W ,
IFTWOY8MDN ,
IGK2KYD6VI ,
ILMHD26N6O ,
IPPHVVIJ99 ,
J227F774NA ,
J25KVT76E9 ,
J2D24GS2W6 ,
J2HABSKG65 ,
J2KTKP267D ,
J2NHHQD7KV ,
J2S9N2XAW6 ,
J2TX52GJKX ,
J2ZJYKXQET ,
J334U3R4JN ,
J33SE4AN6Y ,
J34QRQPTU3 ,
J354RJ97PU ,
J3ADTZRK2X ,
J3C6BU87BU ,
J3QM5YEBK9 ,
J3QSDTCTWJ ,
J3SGHURQN3 ,
J3TAS38CDQ ,
J3USNWJAYR ,
J3VYUHAAWA ,
J3Y3EYHQPX ,
J43N83EZMY ,
J43Y7SKRES ,
J45CYB4DK4 ,
J45V53ZY4E ,
J476B67QGH ,
J48B9GNEN5 ,
J4FDE6UNWD ,
J4NW9ZTQYA ,
J4Q9TW4SNY ,
J4QM6PHN4K ,
J4QXNYSETB ,
J4RFDE9YMX ,
J4S2FAH65E ,
J4T8BA846W ,
J4TQ8T6BZB ,
J4W83WWFB2 ,
J4YDZGYHFT ,
J52D5E8UW5 ,
J53C8GCMUG ,
J573N9VMVE ,
J57NB4VWJW ,
J5CC4XARWQ ,
J5DRYVYQT5 ,
J5K8CHM7US ,
J5R75ZPA6T ,
J5RW2FJCR5 ,
J5SG8JU4XS ,
J5V3FUPC6E ,
J5WET4FJ2X ,
J5XM2TCB92 ,
J5YQTBVJZU ,
J5ZE2MVEVM ,
J5ZSQWB4PD ,
J673VDC2XH ,
J69M27UB44 ,
J6CT9W4B9F ,
J6GFHQ5H24 ,
J6QSABESM3 ,
J6ZTUFGJV9 ,
J72EXE7XPW ,
J7376Q9H2S ,
J76JU5GBRU ,
J77AGQVSWY ,
J77WT3V87J ,
J7CWVUH56Q ,
J7FFRBRR9E ,
J7N9DMX6Q5 ,
J7R6XAZFSK ,
J7XQQNY6JJ ,
J7Y8JWZJ4Z ,
J84D5TWQZ8 ,
J8HR2CFW5T ,
J8KD9BZ8J3 ,
J8KZJS8HW3 ,
J8YDWE78UG ,
J8ZECC26Q6 ,
J94NTVCFBQ ,
J955UNZE5E ,
J96BR6VEGR ,
J99DCXEZMH ,
J9AQ5XNEVY ,
J9BTAUJZRZ ,
J9DK2TD66V ,
J9HGTNHK6U ,
J9PF4YDRGE ,
J9R2EE94KX ,
JA4XCNA38G ,
JA9BYPZAJ9 ,
JAC3JDFDU4 ,
JADJMTY883 ,
JAEFP5FRYK ,
JAFG3HVWA4 ,
JAFMGQQ7YF ,
JAG847A72M ,
JAPCYAKAZ2 ,
JAYN3JHTX7 ,
JAYQPW5PYM ,
JB2MP65XQZ ,
JB5ZWD76FM ,
JB6A3YZRFJ ,
JBFKZQZGS2 ,
JBNXJF844T ,
JBPJWWGQMK ,
JBRURTS8JA ,
JBU6ZJZ76A ,
JBVWSRA5TG ,
JBVZWAJGD6 ,
JBXDAN2TFS ,
JBXRFR8XM2 ,
JBYZBTH2GQ ,
JBZHA5WTQN ,
JC237XCSCM ,
JC9VVD7YQH ,
JCAXBJXDPJ ,
JCB6Y5ZBEC ,
JCBTM2ZH55 ,
JCU496WSQM ,
JDDHKFT6DN ,
JDDKE94SRW ,
JDJETQBZPC ,
JDRAHJS4XX ,
JDWUPQSMH8 ,
JDY3Z7AWPN ,
JE4MG257EZ ,
JE77KDZNZR ,
JE7W98PU3A ,
JE8UZKUBKT ,
JECP6QCGM2 ,
JEDU6CTZDJ ,
JEH53U4A6U ,
JEKXB23EZQ ,
JESCQQDXRB ,
JEU9X3R5CS ,
JEVTWW9R67 ,
JF3W33PXF4 ,
JFG5ZUS597 ,
JFGCJ56FH3 ,
JFHY3GVBBH ,
JFKZ8N3NKG ,
JFMZAKNSQB ,
JFND8A47EM ,
JFPBRF4N8Z ,
JFR2QZM7MF ,
JFR8UH893V ,
JFZ83YNDGZ ,
JG5SBG62SJ ,
JGAWQ95HRR ,
JGBHQMUDRT ,
JGD92E2VPP ,
JGD9Q63AM3 ,
JGJHD5XENR ,
JGMS8YWZNQ ,
JGMTU95Q9V ,
JGNHWGVC8K ,
JGSDTGF3YH ,
JGWXK9YTFA ,
JH3B8BBJPN ,
JH6G38NAGX ,
JHHG5WHUDY ,
JHJNBRWVUK ,
JHK73SPY2F ,
JHKAFFDC83 ,
JHP48NY7CU ,
JHQDNJP62E ,
JHWJ99TG8H ,
JJ23T25J7Q ,
JJ4PSN3B3M ,
JJ5ZZ9QCB4 ,
JJ876Y6JPB ,
JJ8BXK6VWH ,
JJ8SVWP9WW ,
JJCED6EHHX ,
JJEX7H3N8U ,
JJPVEXFRFW ,
JJSBNEX6F4 ,
JJV5WQUCZ9 ,
JK2FXHPQAA ,
JK3XM89QMS ,
JK472T2DTB ,
JK53JVHJ2X ,
JK6BGP2WAK ,
JK7A4UQWMX ,
JK8U8YFCZK ,
JKBWFU7SP9 ,
JKEAPN2VH4 ,
JKNXQR6BEX ,
JKPVPN98EF ,
JKURW5KBGZ ,
JKZHTZXXQU ,
JM4RZE4RYJ ,
JM69TJPMEF ,
JM9TTJCGNS ,
JMEWSCMG9W ,
JMH2UFK4EJ ,
JMS663AU8N ,
JMTA7HEHXP ,
JMWUX344UB ,
JMY9YBJAT6 ,
JN2KA5WK8M ,
JN67W36MGS ,
JN9D7FEPGF ,
JNBJYDA3WY ,
JNHPEJ84PK ,
JNKCAXVB3X ,
JNN6VQ8QQ5 ,
JNZ4KM7ZM6 ,
JNZD7QPWY8 ,
JP2GD89JTP ,
JP3Z7HKG3A ,
JP5G8MGUJG ,
JP675KWAF7 ,
JP7AZYHB8V ,
JP93KHNUVJ ,
JP9XYHACZQ ,
JPA3Y3BJCQ ,
JPADYAXZJB ,
JPCZQ4YMWT ,
JPE62VSHYQ ,
JPJAYSKJWK ,
JPJG4WVZY9 ,
JPQ3MDJR2Q ,
JPS6287CJF ,
JPWVGF6REZ ,
JPZFAFQ4B7 ,
JQ2RFPZKZH ,
JQ5GCCHB7W ,
JQ5SUUSWB9 ,
JQ6VM8APF9 ,
JQABMJ5TP3 ,
JQC4DW5CRU ,
JQCXHNBFN3 ,
JQECRQXGAJ ,
JQEGXC4NM3 ,
JQFJE56TNV ,
JQG79MCV6F ,
JQMF8TTSG5 ,
JQU8S6FMUQ ,
JQUJQU2T8V ,
JQUWPUZUX7 ,
JQVUVDMMXU ,
JQWFZ3PNJ3 ,
JQWG74YTBA ,
JQX2BWH9Z5 ,
JQXT6S68CD ,
JQY6AM58E9 ,
JQY8MCK2DZ ,
JR2FSSE2YZ ,
JR2X5VFZP7 ,
JR34J8CDGD ,
JR3UKJSPV6 ,
JR5XQMCFG4 ,
JR8ATVHAYK ,
JRA8HDVECP ,
JRFGBAP676 ,
JRH8M5P88Y ,
JRJWK53G2C ,
JRPKTT8EWT ,
JRRKCREDVT ,
JRSPRTQWFN ,
JRUGGF4ENW ,
JRV9YRW87S ,
JRW4VHP46B ,
JS2FRDQ6HX ,
JS2VRJ4M2Y ,
JS3HU65XCX ,
JS4N2Z64E3 ,
JS8MHCTABF ,
JS8NK2C9RQ ,
JSHSVHQGVN ,
JSHTSBRQAN ,
JSKS97F4PX ,
JSUXECQNM5 ,
JSXFGHZC7X ,
JT3Q3JG5EK ,
JT49MCVX78 ,
JT4FYW42HU ,
JT7ZP8WTHR ,
JT9T6YWEVN ,
JTBWEDHGFZ ,
JTE9FF54AG ,
JTEMN6Q4ZG ,
JTJQRQKBMX ,
JTMHCTPYKT ,
JTSJFRMMP5 ,
JTWTC8U9HP ,
JU2KA7KNNK ,
JU2KUQ79SZ ,
JU4MHM2S6N ,
JU6DJ5BKAA ,
JUBBHNWRFW ,
JUEE4FN5FV ,
JUFFNXSJBD ,
JUKCP249BP ,
JUKT97V5KF ,
JUN8JDCB32 ,
JUQTNKRJ8A ,
JUT6UHTXKC ,
JUWMCH7GUA ,
JV4YUD2QP8 ,
JV754PC2NQ ,
JV87HPEMTQ ,
JV8VDFR77Z ,
JV984YHXUR ,
JVAAP8UYUZ ,
JVCRGAKAYA ,
JVFFHQECKU ,
JVNBQWFEPD ,
JVV2YCJWME ,
JVWP4GENJN ,
JW539KZPJN ,
JW7R9CYKAC ,
JWGDMM3KUE ,
JWPABTWDX3 ,
JWS96PZ39P ,
JWUVP463UQ ,
JWVGUY55UT ,
JWVY5CMQKG ,
JWWWN4G53E ,
JWXBHS6RF2 ,
JWXZC3E7TN ,
JXBDW975HB ,
JXBZ4GGUSA ,
JXCJEYNZH5 ,
JXCMDGSZSG ,
JXE9BPMCR9 ,
JXEYWXGVK6 ,
JXJZ5PKEK8 ,
JXKQFAVF9K ,
JXPXUDU2GX ,
JY2YUV8Z6M ,
JY5NNTNZYK ,
JYACTQ9BKW ,
JYDMMSN8JJ ,
JYEXHU67ES ,
JYGPZTWEJC ,
JYPUJ8NGWF ,
JYQW785RCW ,
JYRZDJPPY5 ,
JYS79JYJYZ ,
JYSZM9XBKA ,
JYT5SPKENK ,
JYUUEUBY7B ,
JYY5A6JFA7 ,
JYYCSE7Y8J ,
JZ12K8VGI8 ,
JZ4U5CHQVS ,
JZ5VFXRMRU ,
JZ7H92ZGTM ,
JZ7NPBYQKP ,
JZ9F5AGXM3 ,
JZB7WJN48M ,
JZC4ANHCFE ,
JZE8S6XC46 ,
JZJ2YQQRVK ,
JZJPCU8XAS ,
JZJWAVRCUP ,
JZMU9H9VZT ,
JZNWFCM258 ,
JZR3WNH3CJ ,
JZRV9C2B2R ,
JZUQ7QUU4V ,
JZUZZXYE9T ,
JZWZXT3TVH ,
JZXGVCYVXB ,
JZZXX22H5C ,
K26SWMV4VR ,
K26U8SDXV3 ,
K27ZF67ZJH ,
K28XBX6D4B ,
K2CBPC8PBY ,
K2KUYJC26Y ,
K2PFWMS2TE ,
K2TAPYFC4E ,
K2UR448X6D ,
K339VC69R2 ,
K34CP43QPP ,
K3537D5Z2F ,
K36JFHKJWM ,
K375G32PY7 ,
K39BPEGQTC ,
K3EB4UMS5P ,
K3G9S8FMEK ,
K3MSN8D3DM ,
K3RXZR3W4A ,
K3UXBMJK56 ,
K3VRDQT3AX ,
K3VWM56VV5 ,
K3XAGYZ6R2 ,
K42BUA4PTZ ,
K43BXY6QD8 ,
K4BKPYD48C ,
K4E6YH2CQW ,
K4HHDX248J ,
K4NUAKRPRA ,
K4QAX98ETN ,
K4RFGDZ64W ,
K4SQU9J64C ,
K4YGJJKH93 ,
K4YYNVJV6C ,
K4ZHQ65S35 ,
K52EHYQ65N ,
K53XEGMKUP ,
K55JQQ4D3B ,
K587QHPBD4 ,
K5A9CS5KTE ,
K5KEDFWHFZ ,
K5MKDSTMD2 ,
K5NNTDRH6Q ,
K5PAPYZVZM ,
K5SQ959CQY ,
K5TGHP5QQM ,
K5X8D82NSV ,
K63GE889N2 ,
K63Z55FYBT ,
K64ZJHFWD2 ,
K69YH6FW7K ,
K6A6946GK4 ,
K6FR2MZUWD ,
K6JE8C7TS7 ,
K6K5E4YPB3 ,
K6MU2V68D5 ,
K72HWQZD9J ,
K72MY4DYUU ,
K73449H3H6 ,
K745AJPNY6 ,
K7GC65NG9D ,
K7HS72SBBJ ,
K7KUEVCAMN ,
K7QV5QGXTV ,
K7TFE3VR6G ,
K7XNDUFDNR ,
K85NGDMGKK ,
K8A6QR4FF6 ,
K8ARD2B3FV ,
K8AZ5X89EE ,
K8BJK6N566 ,
K8C73Q4TG5 ,
K8H2DY5GPE ,
K8ME6WSJA2 ,
K8MNAA46KB ,
K8P8AJ4RPS ,
K8RN8S3M6M ,
K8SH55NXCW ,
K8W3KNWNBP ,
K8WHDZEGXU ,
K8XDWP4QAR ,
K8ZGMXFK5H ,
K8ZX3S1L3A ,
K938BTWEK8 ,
K97U68XEX9 ,
K98ERRDANM ,
K996G7KCCJ ,
K9BHC6E3J9 ,
K9DQ47FHPV ,
K9KF56FPN7 ,
K9NDMJD4XB ,
K9PEFCSPWJ ,
K9RFJZUCH9 ,
K9SJ9UST9T ,
K9VCTEMV64 ,
K9WH6X9HVP ,
K9WVZTH7P8 ,
K9YHH35U2C ,
K9YMNGFVC7 ,
KA2VJ7MSAZ ,
KA4M8HTXBU ,
KA846WWQWC ,
KA93BWUJ6K ,
KAEP9ZAFSE ,
KAESBATVV5 ,
KAM43AMPJH ,
KAMSBPSMAN ,
KAMZMJCNEG ,
KAQPCD7GYB ,
KARS3XJUEA ,
KASA76JX2B ,
KAWGU4MA9Y ,
KAYBKHY2NJ ,
KB4FBPE5V9 ,
KB4NDPT4X4 ,
KB53UJDB8T ,
KB5AYEDD5V ,
KB93QVPH9E ,
KBDVXM377U ,
KBKZT72362 ,
KBQZUQVVQV ,
KBTFEQK6E7 ,
KBTZAUUHJS ,
KC5BVG5JH9 ,
KC9CY3QJ54 ,
KC9RT52AYY ,
KCBTXDZTQD ,
KCC54BB96K ,
KCCP9AJNK6 ,
KCECC6Q5VH ,
KCEMFFGFAX ,
KCN3BNSPQC ,
KCP7AM57MQ ,
KCUPT3GZJD ,
KCUXT38W9U ,
KCVNKQ6ZK5 ,
KCW3HB3FSV ,
KCXUCG2EDX ,
KCY2PYZZF4 ,
KCZJUN6BH2 ,
KD3YYK7YF8 ,
KD88B9THD9 ,
KDAK67MGC8 ,
KDHYUNPT5F ,
KDJ358HTPT ,
KDJZ7QYMPK ,
KDQ5KZUBQ3 ,
KDR46GCHTE ,
KDVHDDCA95 ,
KDZPP8XM66 ,
KEBDQJD55X ,
KEEEXFKZ5C ,
KEG5Q3JPWV ,
KEHF8QFR6U ,
KEK7GHZMRB ,
KEQD3NBDS9 ,
KEWA35JNKX ,
KEYC2WXZUS ,
KF823YMU9R ,
KF8DYDUGAB ,
KF9WNA49PE ,
KFA4UNBHNV ,
KFC796GNCF ,
KFDDKGAGMA ,
KFH2Y64D6P ,
KFHXPFUDV2 ,
KFNCHGMJXT ,
KFPYC5CKPB ,
KFRKEN5XW2 ,
KFRMXUB7AF ,
KFT5TRP2P5 ,
KFXWRGEU82 ,
KFYVB9BGXF ,
KG2NZFM8YN ,
KG3HYC97SC ,
KGBWZSYCEQ ,
KGCPHVZ42B ,
KGJAQV3482 ,
KGTQQVK7AQ ,
KGV879FG9X ,
KGVSV5KXAK ,
KH3ETQ68RD ,
KH8HDM2VER ,
KH8MWZ93X7 ,
KHE6PKAW52 ,
KHEAPW332Z ,
KHHNXZ8ZJJ ,
KHK7NPARG2 ,
KHKQMSNWQ9 ,
KHKSNMWNNT ,
KJ3KGYP7XC ,
KJ48JUXRAV ,
KJ58NUSP5T ,
KJAHY5RJPM ,
KJB4PUYBMF ,
KJG9CVVCYV ,
KJGCT9SG8C ,
KJHZB3M8HV ,
KJJPR6EDGU ,
KJRSCDGCD4 ,
KJTNENGF4H ,
KJUCKPXC4H ,
KJUVSUXHUE ,
KJUZKAASZ2 ,
KJXAX76QCP ,
KK3H57X5WK ,
KK8KGS52QT ,
KKAEYW9KHW ,
KKC3ZTN4FS ,
KKD5WXYBT3 ,
KKG9363THY ,
KKNKMNFJQ7 ,
KKRU2WGHPY ,
KKSGGSKF5G ,
KKWBYZGWS4 ,
KM7GJ78KR7 ,
KM89DVN7WT ,
KM8QGR5A8T ,
KM988K5P8Q ,
KMBD4BP9QE ,
KMBDPFNSDT ,
KMCU6GYYWJ ,
KMF3WPXJZ4 ,
KMGF6Z9AJY ,
KMJ2FTBHGN ,
KMJPGC2UUG ,
KMQ2JNRH6S ,
KMTRP67UFG ,
KMUSD8G6TG ,
KMVW58PD9F ,
KN2GGZ99HP ,
KN2N55YFM9 ,
KN4WJKW9VV ,
KN9UHE9K27 ,
KNBU6M6ZP4 ,
KNGD3FAEGG ,
KNHUBXJVGP ,
KNP5MKJW8Z ,
KNRMMK7TVB ,
KNZ5VNPGUE ,
KP2CNCNMAQ ,
KP56PWWYE5 ,
KPBAW5MQRN ,
KPEM9CDRKV ,
KPETTZEUCB ,
KPHCNWRFBS ,
KPJ845WUQA ,
KPMA9BKKD7 ,
KPNJQ73D7E ,
KPP6BDGM4A ,
KPT3C9NW4T ,
KPTETCUBPP ,
KPTMZMMCVZ ,
KPUQFBUCSX ,
KPXP3XWQEC ,
KPYGAK4XQJ ,
KQ3NSAPUDF ,
KQ5YBE8ENX ,
KQ9J9E3BEF ,
KQDWH5588M ,
KQDZEGA73U ,
KQVTRR2KF8 ,
KQY4EQ73NH ,
KQY95XAFWA ,
KR4UTBQDXB ,
KR6MUUNQ9T ,
KRESUEX3JR ,
KRFSCC45YE ,
KRJ2KW87RS ,
KRM6TMPQ4S ,
KRQCQXRBGR ,
KRQH86ANT7 ,
KRT6RT32H6 ,
KRTF2GXR96 ,
KS2PUEJZU6 ,
KS9HSRX9PY ,
KSAVDQU8PV ,
KSBE3R3TJT ,
KSHD5UB3QK ,
KSHRTAGR8N ,
KSSCNMT6VW ,
KSSWS86EX2 ,
KSXT86CGRF ,
KSZCYHYJJC ,
KSZYMJNM4P ,
KT3435VMJ5 ,
KTC74TWVJS ,
KTMB63HY9N ,
KTR2MFV3BT ,
KTR2QXYWM6 ,
KTTRP6DDHQ ,
KTWBJXWMPE ,
KTWMP59G42 ,
KTYWNN67D3 ,
KTZCCDXQGC ,
KTZGBBGZQT ,
KU2N8ZWPJE ,
KU6D6NWVG5 ,
KUCEEZUGTS ,
KUD5P928W8 ,
KUNTGA986G ,
KUS6E9QWEE ,
KUTSAUPFH5 ,
KUUZ263U23 ,
KUWEGCCCAB ,
KUXSVQPXHK ,
KV3XJCCZ5Q ,
KV7RT7TJF6 ,
KVB6TVWC9Y ,
KVQG8BX4M3 ,
KVTKUCG7SU ,
KVTY9PZANY ,
KVVGWT7G7G ,
KVW8T4HWE9 ,
KVWRK5T24R ,
KW32ARDP2T ,
KW3CPA9UV5 ,
KW45ZGKX6G ,
KW5G9VQWMA ,
KW5XPECCM9 ,
KW7EZGG4W3 ,
KW7GGA7NGK ,
KW9TWSMH2K ,
KWC8N7HNDV ,
KWFYH6C047 ,
KWHEXZRGW9 ,
KWSQ5QFYC2 ,
KWU9QRT3C2 ,
KWUP2SCYWG ,
KWV2GEZXE7 ,
KWVSPDQ53J ,
KWWDT5JPES ,
KX3B3H4JBP ,
KX4JWTGXDA ,
KX52C6Z985 ,
KXCTG38C24 ,
KXDTCG672Q ,
KXK5WZUSPP ,
KXM7S95JFJ ,
KXPYC9C9KN ,
KXTRBHQMMA ,
KXUC8NNE8S ,
KXWMJV6R8J ,
KXXP38GCXF ,
KY46UE9JDS ,
KY5PSZ5AHA ,
KY7C64XYWQ ,
KY867N9W5Q ,
KYBMH8QEM2 ,
KYFNK7TGV5 ,
KYKMGQKY4J ,
KYSB8H2A3N ,
KYXT7RTBK7 ,
KZ4CP43XVW ,
KZGC99PGWM ,
KZHC8YEWFB ,
KZMQFJBM37 ,
KZMX4T8ZWU ,
KZQKZU6WAF ,
KZQUQYZ8N5 ,
KZRHTEFXY9 ,
KZTWA2KBHT ,
KZWAEFS9NJ ,
L4H3PTJK3P ,
LCJEW0JN5T ,
LDJ329Q4MV ,
LNZVHEMHUF ,
M25X68J4NP ,
M288HR8CUV ,
M2E979KHAR ,
M2FVR63SPC ,
M2G2ST7CSB ,
M2Q78NEWQU ,
M2X72XN5S2 ,
M2Y9A8PP6G ,
M2ZEZDJ2KS ,
M2ZMGHUQA7 ,
M333N555E6 ,
M33G9QWGDU ,
M38XQUCNMW ,
M395SKSYJ4 ,
M3CSQN3XPY ,
M3DFZC2UCY ,
M3E28299YT ,
M3F4EKW7M5 ,
M3MPY2DBKW ,
M3PUWSXDVJ ,
M3Q2898RVC ,
M3Q388ZTMM ,
M3UMBZ8NYQ ,
M3V3SRXYBT ,
M3VE3PKV67 ,
M3VYFT65DS ,
M43HKW52Y2 ,
M453WGMAZ4 ,
M45FGRCAG9 ,
M468882VPZ ,
M47SH4GPQ4 ,
M4B2C8TCJD ,
M4EMVEHB7W ,
M4FB3WEDVB ,
M4G8AYPQN6 ,
M4H6TVHFZA ,
M4KV575JW3 ,
M4P6KSP82R ,
M52S8ZKMXV ,
M5GB7H87NZ ,
M5J9TDDTKZ ,
M5N2GQV9QS ,
M5NSW93TM6 ,
M5PAQ58S8C ,
M5RVH272FQ ,
M5UX4UMHF5 ,
M5YA5Y6DUA ,
M5YQ89CH2M ,
M63M67HSEV ,
M67XWG4NHR ,
M69R2VVE2C ,
M6BBMWBH62 ,
M6GZB6TBFF ,
M6HKBTVM7N ,
M6MHPTBBRD ,
M6N2NF2T6J ,
M6NZDZ4JQX ,
M6P5TJ37WV ,
M6SZMR27KE ,
M7244VPXFF ,
M7AHRBYN98 ,
M7DPBNBGMX ,
M7JCSZC2NS ,
M7MKE2Y9YN ,
M7X3SRXWY2 ,
M7Z5A2CAV9 ,
M88WS4FCMK ,
M8FRTKS7DP ,
M8N67YWRRE ,
M8PG8QRQBR ,
M8PNQZXFJQ ,
M8TRBX485W ,
M8WA7VHAXT ,
M8Y5T96GNQ ,
M953C3HMHU ,
M96DZ4H2Z3 ,
M99J6TXKR9 ,
M9APNCRS2J ,
M9CTCGSG69 ,
M9NRZ86FZV ,
M9RK9BZ32K ,
M9WTMQVBZ3 ,
M9WYWS4CJF ,
M9XD8PZCWQ ,
M9Y6MJY354 ,
M9ZVNNVC56 ,
MA3NPBQFVV ,
MA5VEAW2TK ,
MA82FRV8PB ,
MAB8SX42NR ,
MAEQWWUURM ,
MAG44MAY4A ,
MAHFR5QKCQ ,
MAM577MC8C ,
MAMQPKNAXM ,
MAPZMHJTZN ,
MAQMB4DFVR ,
MARMDVJGM7 ,
MAS3EBAFNQ ,
MASPYEDWY9 ,
MAWDWSXWXS ,
MAY6SY7CBP ,
MAYQVQTCQ5 ,
MAZFVK3KN2 ,
MBC3CN89YR ,
MBDC6APJU3 ,
MBMKBTCMYC ,
MBQJJ33WW3 ,
MBTJW83DT6 ,
MBTMC3WBA2 ,
MBX3ZP5TNP ,
MBZ4S63ZBA ,
MC34ZJNV58 ,
MC3S4FKXA8 ,
MC8H8ASXUC ,
MC95Z5N6QH ,
MCDAA9PRVA ,
MCFAUQ2365 ,
MCJK9Q7JE6 ,
MCPENX5EQQ ,
MCRJHBX3CZ ,
MCY2JETQZ4 ,
MCZ6BN9DSS ,
MCZ7EB3ANF ,
MD7G6NVMJN ,
MDBD8D8FSP ,
MDFDRT8Z58 ,
MDHA84W3U6 ,
MDKEZKJ2BV ,
MDQ7F5W7E5 ,
MDU28AYJ37 ,
MDUAWMPYYZ ,
MDWFV7H57U ,
MDZ6QKXWVN ,
ME55EEQ2AD ,
ME9AEDJ226 ,
ME9PKVQ3U3 ,
MEFAEZ46U5 ,
MEN3ZGM935 ,
MEPPDTEEZV ,
MEQ5Y5PUDC ,
MEVTEAQZ22 ,
MEZ7NSRRV6 ,
MEZJHMHEWJ ,
MF3KDMG5UU ,
MF3PMYY9K8 ,
MF3S9YHEQH ,
MF3W9UMX2Q ,
MF6UCKHC7H ,
MFAVAAWRZM ,
MFB8KK2D9Z ,
MFBCRTBMFX ,
MFG69A33AY ,
MFHPR8U85X ,
MFHYT48JSX ,
MFWTC5AP7Y ,
MFYHJQUV2W ,
MG3QCXNV2A ,
MG6F4KRF3T ,
MG6XCZJXAU ,
MGDYMHYCM7 ,
MGNRUTQYBJ ,
MGNTZC6FPD ,
MGTRDWCG5W ,
MGXUWVCC7G ,
MGZ2YQJBAF ,
MH27KXUTDA ,
MH5ATYM4TS ,
MH9H7MM9UZ ,
MH9RJF75DP ,
MHAESJVP52 ,
MHBEJ2FP96 ,
MHBJM9TK2S ,
MHGG2WHWCA ,
MHPAX5USPS ,
MHTFCAD7XG ,
MHUPF57WCT ,
MHVX9ZZ674 ,
MHXDZQ2E24 ,
MJ38GCM7JF ,
MJD888TJS6 ,
MJFTEG8CQG ,
MJGDY5PMRM ,
MJHFZJ3VTE ,
MJHGUQPKNB ,
MJN7VVDFC8 ,
MJQTN74GWQ ,
MJS2JQMUDZ ,
MJTPGZ7EFR ,
MJWNFR422E ,
MJZMM9G2UD ,
MJZUS5WPK7 ,
MK44P7C4PE ,
MK92YQXHTE ,
MKCNQWPYMD ,
MKCVP6VFYA ,
MKGHXD7RH7 ,
MKH2MU6DUF ,
MKK94EV4B2 ,
MKKF96PWRM ,
MKRNJD7GZQ ,
MKTYBAS2NG ,
MKV4V5HE7T ,
MKWJNGXDJ7 ,
MKYQVU78YH ,
MM4MH2MRBY ,
MM7EJFQPQ4 ,
MMB9G79K5J ,
MMC6Y9PPDW ,
MMCHG66X34 ,
MMDBP93GE6 ,
MMMZWQNT36 ,
MMQ92WYTVD ,
MMSZ3PTF46 ,
MMTS3J73AJ ,
MMUNJ448M2 ,
MMXZHNF5ZT ,
MMZNGRZFK3 ,
MN2G7SRFMX ,
MN5ZAYDCGB ,
MNA7FWMNAX ,
MNG5FV63VA ,
MNHNADZFVM ,
MNQ438G63Z ,
MNSP6Q8TE8 ,
MNVUWPSBF2 ,
MNWJB4VDYU ,
MNWVJCD9RA ,
MP7TKV3VYH ,
MP84Q9YXD7 ,
MPASM5NTM6 ,
MPCAW7X33M ,
MPF9U62ZS7 ,
MPHSJB6CXS ,
MPKPPU949F ,
MPS87X2K6F ,
MPY7BVNFRS ,
MQ3ZEW3WMT ,
MQ7QYCDFZ9 ,
MQ95BVP3ST ,
MQE4HT4MP2 ,
MQKEZM2NJM ,
MQPEDH4FAY ,
MQXVE8AT3B ,
MR2Z7NH85D ,
MR3STU53J6 ,
MR4BK7QMVR ,
MR5WUA66E9 ,
MR68UVYA6X ,
MR7WKU36HD ,
MRAPVJ4B48 ,
MRB66KBVUW ,
MRBGETM29K ,
MRBVCC5BJJ ,
MRD8YMX758 ,
MRDGJ8ZU88 ,
MRDPT7M6MG ,
MRDS3PHBRW ,
MRJKEWF1TL ,
MRJU47S553 ,
MRMPSJVDJA ,
MRR33DDJHM ,
MRSPKXQVT6 ,
MRURWK6TTP ,
MRVBQAWFDX ,
MRWZCBX76N ,
MS2JA4SGE4 ,
MS59BN8GM8 ,
MS8M7UCGH2 ,
MS993KAN5C ,
MSC2RT96EW ,
MSD9ZHU3GY ,
MSK48T4X4P ,
MSK7AE9GUW ,
MSMGXRGFKG ,
MSPX39AKPB ,
MSQ8TGNU8S ,
MSYWNG6N28 ,
MSZDE7KZ8R ,
MT4QBND8ZK ,
MT65TFKR42 ,
MT6TC7N3B7 ,
MT749MMVMX ,
MT8PU3AUUB ,
MTBSPFNZQM ,
MTESSGTA9U ,
MTFNT2BE6R ,
MTFXH9A8HF ,
MTG7V9WMXS ,
MTHDUDNWCG ,
MTMVPTWYJG ,
MTR4U7TSUC ,
MTRWPXGQ54 ,
MTS3W6GNHE ,
MTSACWGUN7 ,
MTUQPUEYJS ,
MTXZ2WZT9B ,
MTZDGY2DHN ,
MTZZEN7453 ,
MU3CPT8EGH ,
MU3FFHZY5N ,
MU3NPRJMQ5 ,
MU5ZM7AZE7 ,
MU6U8CMRHW ,
MU7EZRFH2B ,
MU8P4P6QF3 ,
MU9RK5SUN8 ,
MU9V25DXBW ,
MUAWG2TY77 ,
MUBXWKE6MM ,
MUDC8KRVSX ,
MUEEGVZMJR ,
MUFQSRKWHM ,
MUPFXG5YQV ,
MUSC5RHT62 ,
MUVR3WWBGM ,
MUXFPHR7Y6 ,
MV828YYWEQ ,
MV86K88QWX ,
MV9ARMAKQ4 ,
MVANGUP967 ,
MVBN4YAUKE ,
MVCKAHK9B2 ,
MVDWRN5WFA ,
MVFVJGMJFQ ,
MVGFDF8T82 ,
MVHA76VPY2 ,
MVJF759HXM ,
MVKXPKCZGU ,
MVQHPPAGT8 ,
MVRNRUE6AF ,
MVTXFE9ZTF ,
MVXFMTQK2G ,
MVXYMFKXRD ,
MVYWHGRYNY ,
MVZDM8J6QX ,
MVZESS7RAT ,
MW2D7K8SPG ,
MW2J73VPU7 ,
MW2QU66N2T ,
MW33VQ2JSM ,
MW4B3Y9T3Z ,
MW5977H85X ,
MWGKAZX46Q ,
MWKG98ZZY7 ,
MWP84NZV2U ,
MWQBHEFEZP ,
MWRT3C2UZD ,
MWSSQGF7F3 ,
MWZ64AU69T ,
MX2CPGSUQD ,
MX3HDFC4JX ,
MX8M9RDKMK ,
MX95GFC4HG ,
MXBD7NA44K ,
MXD5FCDYUU ,
MXHAKFSHVQ ,
MXK67JUYTW ,
MXK92MFQJQ ,
MXM7ZF2NPH ,
MXM85CMS92 ,
MXQHJZRVZW ,
MXUFUUTZD9 ,
MXUK7HK9MT ,
MXVC7YQ62T ,
MXVEASC9SW ,
MY3ZWG2G22 ,
MY4K6U6YGS ,
MY8CYUSHJS ,
MY8HDVJFK2 ,
MY98YS7CSJ ,
MYAXP9P6GR ,
MYG9Y484BM ,
MYGGW857ZK ,
MYHC9BGZPG ,
MYJJJXZ3H7 ,
MYKEB84TGY ,
MYYXV3E5DQ ,
MYZHJG878A ,
MZ4RFVB2V8 ,
MZ9H7NZ7S9 ,
MZDWRXYCHQ ,
MZGR9J27ZW ,
MZNPMBPKB9 ,
MZRHFTBXCZ ,
MZZKXXBA3U ,
N23K9WK9MW ,
N266JMRK2G ,
N26C2EP5MC ,
N299A4EFPG ,
N2A8JDW2J4 ,
N2AF4WQZ36 ,
N2AHMP2FA3 ,
N2BTGV7T22 ,
N2CFS9YRZ2 ,
N2E58QN427 ,
N2ESD827UF ,
N2FF9CSVUA ,
N2FGBE55QA ,
N2RR87UXWA ,
N2S9XA2PDV ,
N2WFRYJ8C6 ,
N2WMFBY4JX ,
N2XZ2VUYP5 ,
N2YEZSCAU8 ,
N372D49R4D ,
N37QKRFXKK ,
N38EMJFYCB ,
N3EZGX7MP3 ,
N3H2F9DNMB ,
N3MV6HM4Q8 ,
N3NTESDEH6 ,
N3PDU8ZWZP ,
N3R9KFGYW3 ,
N3S97N4SXM ,
N3TDU3DAHE ,
N3YU6C4GFP ,
N42SSNR4MU ,
N47NX78X8H ,
N4APMVM7AZ ,
N4C8SUFJ6H ,
N4H4NGHCMK ,
N4KJ4PXZPQ ,
N4MFNB425D ,
N4MQWDMBQN ,
N4N567TFEC ,
N4NDNMTFJF ,
N4NV5MEUZU ,
N4PPJZ6FDC ,
N4SJRQHH4H ,
N4U3S4CS5M ,
N4UAEA4DF5 ,
N4UVVHTY88 ,
N4VD3FHUNY ,
N4X3TYDWEE ,
N4XCQQJFZT ,
N4XRXW5BKZ ,
N4Z2QQYQGY ,
N4ZBTJVYNH ,
N52NZ3YGVQ ,
N58BVK5ZVB ,
N5B38734KV ,
N5CKZJNGB3 ,
N5CQSX65RV ,
N5DBA6BUR6 ,
N5J77PC8JW ,
N5KMZGZGGN ,
N5KRT9ZJTB ,
N5M5ACB9BZ ,
N5MJSD6GW7 ,
N5MQ9FXB3V ,
N5NU8HYCMD ,
N5TQXFTJ2D ,
N5YS2B5USW ,
N63GQYS4ZR ,
N642E37BA3 ,
N678DGFPP4 ,
N68J654S8V ,
N6AJB229MM ,
N6CBQWA7EN ,
N6EJ57NMS3 ,
N6FUGX2ACK ,
N6GGAPAPC4 ,
N6MQHTTXTD ,
N6NV6E5M44 ,
N6QH4JSWT8 ,
N6QRDSRZ29 ,
N6RPF4JQIZ ,
N6THH2GYZM ,
N6UN4BMFHC ,
N6XQDQ9RTC ,
N75HCM5QU5 ,
N77C4R7YJN ,
N77EU9VWAX ,
N77SJ8F5J5 ,
N7A3TMQAA4 ,
N7AZW5ZV2W ,
N7E6VJFC2H ,
N7GNPBPTE2 ,
N7GZKUNM76 ,
N7HNHVGSXV ,
N7NK2VCXJ8 ,
N7RYJKV6B9 ,
N84QE9YVYS ,
N86MYCATAG ,
N86V7FPPVD ,
N8B6JSEPC6 ,
N8DF9D9S2V ,
N8F5QC4Q98 ,
N8H7XB9ZAT ,
N8HFUX5CEC ,
N8JE9BWQEM ,
N8SVVG45EG ,
N8VXK4Q6H4 ,
N8X9323QH5 ,
N9ES77QWC2 ,
N9EV5NJFXJ ,
N9EZVHHSUT ,
N9JMPHKYDK ,
N9K622JGVU ,
N9QPHEEGSV ,
N9RVQ6YUVZ ,
N9XTAGS4QJ ,
N9XTQR99NB ,
NA2ET5C9V3 ,
NA4B8YFY2R ,
NA557YCJ7P ,
NACZ88F95P ,
NAD9AAEHFB ,
NAFPPVE4YK ,
NAG72ZUZW2 ,
NAJRTA47R5 ,
NAKBHVGJFY ,
NAMX42RFY3 ,
NAVQ74GF8P ,
NAX2DZC9JV ,
NAYHAF47TQ ,
NAYN7WVWN4 ,
NAZCE5E3G4 ,
NB3AZ55PCP ,
NB5S4EUU9W ,
NB6Y6HCMU8 ,
NB79V7FE3W ,
NB7FV7QKHK ,
NBBK24BM4U ,
NBBNJN3HT6 ,
NBDYHKTW4J ,
NBED85KAJY ,
NBFNDAK97G ,
NBG3M94XJD ,
NBPC2ZY5HS ,
NBRTY96JNA ,
NBY4VPDUPN ,
NBYS5F3XSY ,
NBZQDBB4B8 ,
NC4KXJ428Q ,
NC7KXUG9XD ,
NC9RGK87GF ,
NCA8F254GF ,
NCAM84VEA2 ,
NCBBWJ6PU6 ,
NCBX8HV6W7 ,
NCD3NSEXR8 ,
NCH6QXMXHG ,
NCJJM6FA2T ,
NCKB6YF9KS ,
NCNKANJ3D2 ,
NCNW5BSQM3 ,
NCP4E4EMXB ,
NCPA7GZCXE ,
NCRDK269BH ,
NCRV9ZD4M3 ,
NCYHVGFMRY ,
ND4KR89BC2 ,
ND633AYQ6V ,
ND726452NV ,
ND99MUXMRN ,
ND9GNZDBJF ,
NDBT8VYNPA ,
NDDFRNXSNX ,
NDE7XNZQTF ,
NDFGHV9S29 ,
NDHYYB4FMG ,
NDKT58XYBZ ,
NDM9NN952J ,
NDW32RDJRZ ,
NDX99CCK2B ,
NDZCUW22AC ,
NE437PNKDA ,
NE4SU2QSPD ,
NE5VEA29TX ,
NE7AU2J29J ,
NE8B4G375N ,
NE96J923PH ,
NEBFTNYZTX ,
NEE2CN4XKC ,
NEEHWVF9V8 ,
NEH8EMVRH2 ,
NEQB3CFRRB ,
NERREMVHNH ,
NES4JFMHGA ,
NEU2HVJAW4 ,
NEW7TAZHC2 ,
NEXSBPTSH7 ,
NFAV3YAWZH ,
NFDYVW5PY8 ,
NFRGUX4SYJ ,
NFRU678BMF ,
NFSCF6WT9K ,
NFVS6BXYGZ ,
NFZTVU7AT6 ,
NG2JBSG3PJ ,
NG4QRYEJKU ,
NG6S5JVXQ6 ,
NG6WV0PUS0 ,
NG99RVTHE3 ,
NG9M35E7HJ ,
NGHHP56TZU ,
NGKQAW9Y6R ,
NGUWWJVFZ9 ,
NGYPPDWDGY ,
NGZHAHVASX ,
NGZUTN6CCN ,
NH7A4HRS2Z ,
NH9GJHRSGR ,
NHBAKHWAH4 ,
NHCKDCYHFN ,
NHCN9T854W ,
NHDBGP559Q ,
NHEZFPYGVY ,
NHHJY6MKGE ,
NHJ6EV89XA ,
NHNHHJUSXV ,
NHPAUYV8ZC ,
NHQ9C8B4Q3 ,
NHQSQKN6TX ,
NHRHQDUDFG ,
NHVMDJ6M7M ,
NHW8KVYPYK ,
NHZE2QZ7GM ,
NJ3Z8D38HD ,
NJ5VFMMATQ ,
NJ6SUJBKQP ,
NJ8RPWNFJH ,
NJCTPKJUCJ ,
NJRDGB4C5J ,
NJSVM8K7RX ,
NJV42Z9XT2 ,
NJX7KC6C9U ,
NK2MU7AM89 ,
NK7TSAXN3E ,
NK9FH22VG7 ,
NKA6AWUTN5 ,
NKAZ5E378K ,
NKBEQVF55G ,
NKBHUPH25R ,
NKFXK5X9H5 ,
NKKTKCRHDW ,
NKKV24GDUZ ,
NKVFXMFBJP ,
NLHEIJ246B ,
NM3NYGKFAM ,
NM5GMUAS4W ,
NM73RQ9TKZ ,
NM93TRXSAT ,
NMBTBTP5GY ,
NMEG5RGHTA ,
NMJPM86QS4 ,
NMMSYH9Z5U ,
NMPFSY7697 ,
NMSMGYF3RQ ,
NMUZ6RVWS4 ,
NMWKR7KWF7 ,
NMXAPUUIZE ,
NMXB5N4KG9 ,
NN2W5C69B9 ,
NN4CWYE3KA ,
NN4G97B6ER ,
NN4UZCYZ72 ,
NN5FPHBJEZ ,
NN6D4G6GH6 ,
NN926QEQPJ ,
NN9EQBCFQA ,
NNE48HCYTX ,
NNHF6RD2XR ,
NNHHQ3DGUU ,
NNPZ75ATPD ,
NNTHK8PDWX ,
NNV82ZUSWD ,
NNX38H3778 ,
NP5JWDBVBP ,
NP6NTXPDHG ,
NPDD6CBTYC ,
NPJTVKH9P9 ,
NPKHGDPZK6 ,
NPMH46SW9C ,
NPNK7KFBMW ,
NPS93G3RTB ,
NPTZRY5KR5 ,
NPUYMNN8U8 ,
NPWE6JFRRV ,
NPXVPAKQ37 ,
NPYXENQK9P ,
NQ34UVYAKD ,
NQ3885QGN5 ,
NQDBHDH6TV ,
NQE7AESHRC ,
NQEBWYJ66V ,
NQJBXF2QKR ,
NQQRTYHYSZ ,
NQR3QDYR2D ,
NQRE7V4SQU ,
NQRGERU6QC ,
NQSSZMFBNM ,
NQT6QVWPUD ,
NQUWQM6N3K ,
NQVTJ8VKZH ,
NQW7G3UFWK ,
NQYPATKZS6 ,
NR3DQ3X7Q6 ,
NR67QZFKBD ,
NR6E4RC338 ,
NR7VT8E6VD ,
NR96ZRP2CN ,
NRCTTYU3VN ,
NREQK7K7NQ ,
NRKCGD2Y7N ,
NRKMYD7XJ2 ,
NRNRRC6UYW ,
NRRPJ3B2GY ,
NRSB78RYRF ,
NRTBHTG53X ,
NRV95JRFXS ,
NRVJKUWSFV ,
NS235RUXMT ,
NS33TDNR8U ,
NS4ZFQCTWG ,
NS8MTQ8SDQ ,
NSBPMNR2QQ ,
NSCJV29ZY8 ,
NSDH44AHMN ,
NSDSMTB7V6 ,
NSF2VT3XBM ,
NSMTTVYBE3 ,
NSP9BFSVFB ,
NST7CZCAND ,
NSTHA32ZWD ,
NSW953KYYF ,
NSYUMBKZH2 ,
NT29G4GZFQ ,
NT4GDUR8FE ,
NT5THT84SE ,
NT7EVU7XQK ,
NTEPCRS4AT ,
NTK2Q3ZTEW ,
NTK9GFUFFR ,
NTMQFAYQA7 ,
NTQGB6ZM57 ,
NTQHBQJFY3 ,
NTWPKW99RT ,
NTWY8W9MFV ,
NTY6PPNZJU ,
NUADY7Z3GT ,
NUBBYTW59H ,
NUBUGNZFYR ,
NUCXRV9CKW ,
NUFKQHQ876 ,
NUTNQ2XVQU ,
NUV695KNQF ,
NUWH8H32UW ,
NV48TSJ3WY ,
NV57H8EPNM ,
NV6EWRBRSQ ,
NV6WKG3XNQ ,
NV7DBVBX3D ,
NVCBYAZK99 ,
NVEH2HAS2Z ,
NVF3DKREUX ,
NVHVXY66QB ,
NVT6BA6FV8 ,
NVTSHNNUBA ,
NVWP883DVM ,
NVYV5RYRP9 ,
NVZDSF6DEW ,
NW8SCQBEAR ,
NW94GF3Y2M ,
NWDBQEZ4JG ,
NWDDF9DKSV ,
NWEGD9FKBA ,
NWG4YVSEMT ,
NWGMPGGBGE ,
NWGTTK4RTD ,
NWPD634EXC ,
NWRFS36R3K ,
NWSGXDUHSQ ,
NWUWFFAJAN ,
NWVRGX2CH5 ,
NWZA8UCH8F ,
NX5DVUSVRR ,
NX5ZRTPWV4 ,
NX6BW9HV8M ,
NX6NUBBCAW ,
NX6PAEVSV2 ,
NX6RY2Q2AT ,
NX8QYC3EEU ,
NXBTJYU9VP ,
NXBVWVSMMW ,
NXEBB3R43M ,
NXEERACXN3 ,
NXFRCRWFJ2 ,
NXMHKBSU6A ,
NXP5EB2XZM ,
NXR27QHFZ7 ,
NXR4V3228H ,
NXSQUFFFTG ,
NXUPDFRRBG ,
NY6FMPZ2VV ,
NY8KHC6A92 ,
NYCA9Q9D94 ,
NYEQTUXPXR ,
NYG3RE7XUN ,
NYGKX642RA ,
NYJZ9VCJGW ,
NYUPURY39N ,
NYVRG6MVCN ,
NZ3ZNWVDGU ,
NZ4P5A95WZ ,
NZ4S8DWNWR ,
NZ6D4ECE47 ,
NZ9QC8SX6K ,
NZB4XZ8MQ6 ,
NZCU3VUSCW ,
NZN67VPEFA ,
NZRVHDQDMB ,
NZTEPY5RAS ,
NZV4NGZAXZ ,
NZXHWH354Y ,
NZXKRH3G8C ,
NZYSM9SHDX ,
O1UEX6FB5V ,
O2J6DMSM24 ,
OC90N0JXR5 ,
OE8YKHONKK ,
OVDV4SLUEI ,
P235QPNH8S ,
P24GPQGHFR ,
P26EG6UU39 ,
P27BFQUEM5 ,
P28KZ774MY ,
P29RZW8R22 ,
P2AZH6FMJE ,
P2EV56BD7B ,
P2F83YEP22 ,
P2HWY3ZA3P ,
P2M9Z27FUE ,
P2SG4DWAM3 ,
P2SY5WQN4Y ,
P3495NKZMF ,
P359NZMP8D ,
P35E4JH4EE ,
P373VPHUTF ,
P3F7MCZKFR ,
P3JSMNHUCY ,
P3M8524ZRT ,
P3PBK4YFMV ,
P3Q37JB5Z4 ,
P3QT2W84H2 ,
P3RXJHNMHR ,
P3W49REX9Y ,
P3WGF7YUSX ,
P3XN8UBPK6 ,
P3YJ4SYFS3 ,
P425PKDCZQ ,
P43GXJ55CW ,
P44RTBDUDZ ,
P48ZG83BM3 ,
P4BR4275RG ,
P4BRTYSCF5 ,
P4FXW4QAAW ,
P4N5C6V9WD ,
P4U4HBJERU ,
P52WS47SUE ,
P53776TGQE ,
P5987S9VAC ,
P59XYPN9EV ,
P5AFVGJTS7 ,
P5BA9P8RPV ,
P5MB28F9DD ,
P5THD6EHBW ,
P5X5MD7A4N ,
P5XFN5BAR2 ,
P6565PASQG ,
P6AZAXVJ6P ,
P6C2S9GXSG ,
P6E5TNPP95 ,
P6EF9TJD3R ,
P6EKCVPFPF ,
P6HH69AV4S ,
P6M2D5C8F7 ,
P6N555SRKU ,
P79MVUYYM5 ,
P7GMG34334 ,
P7KT2RU2QZ ,
P7N7ZRUMY9 ,
P7QQ8RWGRD ,
P7V8S2HRM5 ,
P7WR7UWXZD ,
P7WT7BJW94 ,
P7XG2JMEDT ,
P7Z24UDK2M ,
P854XT5DU6 ,
P873VAA97C ,
P89XN4TJHD ,
P8B7ZCHUXS ,
P8BCBYS58E ,
P8HZUCCB54 ,
P8V2AZNRDW ,
P932CD66TG ,
P9D8UYNDJ5 ,
P9DUG9X5TS ,
P9ED3EQVD9 ,
P9F3RDWS3J ,
P9F56P84WA ,
P9FWK4HM67 ,
P9KA7Y2TY3 ,
P9WM47AA2X ,
P9X7HTDHKR ,
P9XVMY55E7 ,
P9YRYYZ5SB ,
P9YWQNBC4G ,
PA56CP2CGK ,
PA5Y2AHZ5E ,
PA7BGPSW96 ,
PA96DHS8B2 ,
PAD4UBCNBZ ,
PAKD8QQAQX ,
PAM93YVYY8 ,
PANXQ5X5RG ,
PATYAG9CZS ,
PAVX888PYB ,
PB2CQCPYRX ,
PB4WW5HJF2 ,
PB7N8V6WEK ,
PB7Z6CMGAX ,
PB9YPXEM69 ,
PBAXTVVZG8 ,
PBC7V6NUPZ ,
PBF8QD2RBN ,
PBFPSF8UWJ ,
PBJE2YCC8E ,
PBSY4MFQPB ,
PBSZ2ZV2QS ,
PBTE4T2ZX5 ,
PBTFE74W26 ,
PBW4ZPWQJP ,
PBZNC9CYT8 ,
PC3DHN58GM ,
PC3XT2CREQ ,
PC7HPPMG5H ,
PC7XEM9PTY ,
PCFV4HEM5J ,
PCKS2P9H2D ,
PCQ93MUF7D ,
PCRTQ473H3 ,
PCUH9JQN4E ,
PCW4BTQVZH ,
PD59AMTYTY ,
PD6BFG636W ,
PD6D2BSUYH ,
PD6RYBJFTU ,
PD7A5T2C4R ,
PD97DTX5XG ,
PD9FAQK99W ,
PD9QZXSRX4 ,
PDBX673CTF ,
PDGR3NB3YZ ,
PDHN23YYSR ,
PDHP55AFTY ,
PDNEXB6HUC ,
PDW92QUR9E ,
PE4N9D9AEC ,
PE6HMTWE8M ,
PE6N867FAN ,
PEBAZMYRCG ,
PEBYGJC5RE ,
PEDM8XZ7XR ,
PEEG9496GM ,
PEJZXN8VEC ,
PET7YB5A5A ,
PEXDXAHJT6 ,
PEXH77GXPT ,
PEY7HM9ZN2 ,
PF2NZYEGJB ,
PF2TGZ6R9M ,
PF7P6K599F ,
PF8KUWSGMU ,
PFJAVZPU43 ,
PFJD8Y395X ,
PFJZY8VGRD ,
PFQFCJ2PM6 ,
PFQYVR73FP ,
PFS5ZN8B58 ,
PFWNXJYBBQ ,
PFXSX4SUZX ,
PG2HS6P2XF ,
PG3VD5HXR5 ,
PG3Z2BQRGP ,
PG4ERRVF3F ,
PG597DK38S ,
PG78FP7HKM ,
PG7ZVZ642A ,
PGFEYBA5YC ,
PGJF7NXRA2 ,
PGJXBJP8Q2 ,
PGM336N8GX ,
PGRAF2TTXT ,
PGRRQ5DXMD ,
PGWSGNG2P5 ,
PGX6N3USSR ,
PH2JSRTMY7 ,
PH5AAVVJE9 ,
PH684JE3AQ ,
PH6JGC8W9R ,
PHAV7FJH33 ,
PHDUSS43DS ,
PHFXK4S6HQ ,
PHGYFEHJVB ,
PHH28MNRV6 ,
PHH54PZMET ,
PHH6SUNKUQ ,
PHHAJ5D9XS ,
PHKNNPWTVK ,
PHTDMKYT8Q ,
PHXR5YVE3J ,
PHZHBQQKMR ,
PJ7F895QHW ,
PJCZAND4M5 ,
PJE8K6EVTM ,
PJXEHRZJBK ,
PJYJWKCHR7 ,
PJZJTPFXGD ,
PK29M4MRMQ ,
PK4KRP5SWA ,
PK68FDAANX ,
PK8C8PNZ9T ,
PK8ESM4X3R ,
PKBG6ZJYZ4 ,
PKC4ZPA582 ,
PKFT9VJAYY ,
PKGY9RU8PP ,
PKJ44S26DG ,
PKNES43B3R ,
PKPTGFQYN4 ,
PM2UGENM63 ,
PM5PG46H5G ,
PM8RFSWEDG ,
PM97PEQCG5 ,
PMCCXCWMS2 ,
PMCGXPZ7JV ,
PMKZT26S7A ,
PMNDZMCBD2 ,
PMPED8DD4M ,
PMV6W8AQEB ,
PN6HMUAZQW ,
PNCETZP45A ,
PNG4SMSQG3 ,
PNG4XW8CDP ,
PNH7JZ627A ,
PNK6KMP5F7 ,
PNMVRSQBQR ,
PNPBNP6U98 ,
PNQ3NQXDDC ,
PNQVPFS3K8 ,
PNU5DJWBXK ,
PNVNZZVPE7 ,
PP37VEYEYR ,
PP3EJUXQNW ,
PP4KPPM45N ,
PP8NXME8VN ,
PPCYJKHDJG ,
PPGEB9EQ6D ,
PPHYQQM4AD ,
PPHZMF6MAN ,
PPMT3WSWU6 ,
PPVQND8AXF ,
PPXA8X3YC5 ,
PPYRFDGN9R ,
PQ42DSM78X ,
PQ8HVQAUG3 ,
PQCGUJ8DB2 ,
PQETGHNM9P ,
PQHQEMU75U ,
PQJJG42TMK ,
PQNPEXBMD6 ,
PQU9Y8NPHU ,
PQZ72EEZ39 ,
PQZT7KQP8S ,
PR2ZXJQ242 ,
PR3F6DCDYR ,
PRDVEMAUPM ,
PRDXPSHN5Y ,
PRHXVKXUJA ,
PRJQEGFVTC ,
PRV9RAQ93Z ,
PRY3HT7URA ,
PS9WVYTBHA ,
PSJUSV8AXS ,
PSNE5G4FCV ,
PSQ9KQYDKR ,
PSRSXFR48U ,
PSS5DQ75U2 ,
PST5UAWH44 ,
PSXA9FUKRG ,
PSZM6W85CY ,
PT43BARQYD ,
PT4X3MJPCZ ,
PT7QS77HFP ,
PT8XHASBWC ,
PTAFYGH2T5 ,
PTBUV8VF4G ,
PTMPVZ6CYP ,
PTQNEFR5H5 ,
PTUNAMQJ4H ,
PTUSDF548B ,
PTY3WXK7WE ,
PTZTQCUS2F ,
PU3RVA8TUK ,
PU6FA6ZHHN ,
PUC7YPNK8X ,
PUD3Z6D55G ,
PUENQP6U33 ,
PUGC7ZZVCE ,
PUJBKRJUH2 ,
PUJRTF9QEX ,
PUM77V6C5X ,
PUQW4SEFKX ,
PURQ6U4YSJ ,
PUT4EQ5Q39 ,
PUVTNTMXR5 ,
PVBB7TYRBT ,
PVD24SJYRR ,
PVKRUFKPF3 ,
PVPBYAJD5S ,
PVSJ5CTAVW ,
PVXF3HDGKQ ,
PVZRG3T8Q9 ,
PW44A63NQ3 ,
PW4HH2MTBF ,
PW57XP7T32 ,
PWAQX7J2SF ,
PWD3HHGWVU ,
PWJQZ7M9UT ,
PWMWAZCSCX ,
PWN79PE3XS ,
PWP6RT3TG5 ,
PWPQQSCSVX ,
PWTEND4CNG ,
PWXHZ4PCTD ,
PWY5W5X4UA ,
PWZEZVVQHH ,
PX4H6VQ6ES ,
PX4NV9H5A5 ,
PX5S99VT7Q ,
PX7UM8W7MU ,
PXBKR5HBCU ,
PXEFAS8KE7 ,
PXKMFNUQR6 ,
PXPRPW6RFK ,
PXQ4AHV4TD ,
PXRDCBSEYM ,
PXRVEATENS ,
PXSS357TVM ,
PXVVX6FJA8 ,
PXWFH8PF4F ,
PY38HVPJTE ,
PY4UR8JJFU ,
PY9ND98MZD ,
PYA7WRTTRJ ,
PYBG2H7CNH ,
PYCHNYCCY5 ,
PYE2JJU9G6 ,
PYE2SYFAY8 ,
PYHJ22W9BM ,
PYHUXBJ7AG ,
PYMGZM8ND8 ,
PYNTKBYD3P ,
PYQZQ2VJ4S ,
PYV3TQ4D8T ,
PYY9C73Z82 ,
PYYJ3AYU99 ,
PZ2CTKAPJ9 ,
PZ3VRXJ7ZR ,
PZ9GSZFNPG ,
PZ9S9KWZZW ,
PZ9YMA6S58 ,
PZERJJMSBP ,
PZH4C4DDD3 ,
PZHR3CNBZP ,
PZJ3ATRS7D ,
PZK3B5G67Z ,
PZNCE4UHBS ,
PZR5963LRN ,
PZSY846BYH ,
PZUVPGJGJZ ,
PZXZVBRE2B ,
Q23RAU8NRH ,
Q253QXCGRM ,
Q25Y4R6GGS ,
Q2JJEMA8YJ ,
Q2QJK9TYNR ,
Q2SN295VZD ,
Q2XUAJJWTW ,
Q325ZMR9NY ,
Q33CS4EG29 ,
Q34TPBDUJU ,
Q36EXXZ5MN ,
Q37VA5NSQ6 ,
Q39CJ3KZEN ,
Q39W8GWZ74 ,
Q3BFPB9HJ7 ,
Q3CDEKFZNQ ,
Q3CKK7SHKY ,
Q3ECPD54PC ,
Q3EDVCGT9Q ,
Q3K3DBBHQG ,
Q3KG7QYRD6 ,
Q3MSNCDWZ3 ,
Q3NHYH87G7 ,
Q3PKR65YXX ,
Q3QMXB7DDC ,
Q3QWYH4CHH ,
Q3UPDGVAU5 ,
Q3VTX8J2BE ,
Q3WBEMC7H7 ,
Q3WRJQ6RP4 ,
Q3X39MD2QT ,
Q3ZSGNVTNZ ,
Q422RWEJTE ,
Q49Q8DWM3F ,
Q4A2BM9EDN ,
Q4BRDWWXBX ,
Q4CG5JHQEQ ,
Q4DE8HVAZX ,
Q4DFWPR4RT ,
Q4FSI00OMA ,
Q4G8MSYWYK ,
Q4GTACBDSW ,
Q4KZBTD426 ,
Q4NAY5DRYK ,
Q4NC4JN43W ,
Q4QD5FG7XC ,
Q4VT69H2H2 ,
Q4X83HDVDS ,
Q538ZRPVK9 ,
Q53KJRXZ8Z ,
Q56PUAW3UR ,
Q5BZ7Q72JT ,
Q5EZA4X2SN ,
Q5RUC8GBED ,
Q5T25FVUNV ,
Q5UTGKDP4H ,
Q5VE7DB92F ,
Q676YMVDSN ,
Q68736KN69 ,
Q69P2ZUJME ,
Q69RY8X2YY ,
Q6BMDJUAGC ,
Q6BVNJ729N ,
Q6HY5FC88Z ,
Q6HZ2C4NN6 ,
Q6R8XEHKN9 ,
Q6SHXEQBMA ,
Q6U5YCREBS ,
Q6VAQMP7DG ,
Q6XYGRG7WW ,
Q726BK2ZQ6 ,
Q73ECNUU3Q ,
Q748QZYKFV ,
Q74NYT6F7Q ,
Q78TEE8V93 ,
Q7C23CM7C5 ,
Q7C2JKAVT2 ,
Q7E674YWB7 ,
Q84AYFTJS9 ,
Q84B4UBARV ,
Q86AS6866V ,
Q88H94ZZKU ,
Q892SEPK3M ,
Q89N4GYFMP ,
Q89QQAQ98M ,
Q8AVJ5EFS8 ,
Q8CRP3DKXS ,
Q8EQH6HBDN ,
Q8I09RSWL9 ,
Q8Q5PTASX3 ,
Q8RQ7K49A4 ,
Q8VC9EYHDS ,
Q8Y7XCQPZU ,
Q92EB489KG ,
Q95U5MP4FC ,
Q99CJNBRDE ,
Q9ACE5MZEU ,
Q9AFTGFJNE ,
Q9AH3K8Q86 ,
Q9DP43VKVV ,
Q9EJVGDUQY ,
Q9F7DGJXBR ,
Q9FNZXUPA7 ,
Q9JBD6KVB5 ,
Q9JX6M2T7W ,
Q9N3N46ZTS ,
Q9NVEF45FS ,
Q9STNNV8NS ,
QA2FFP4YX5 ,
QA7RXVW6EY ,
QABJ5QNB66 ,
QAH2SWFYU5 ,
QAKBWD9VFX ,
QANSNDBERF ,
QAPD4YBBHQ ,
QAQTWZDSHV ,
QAQWR5GKJM ,
QASMGDNU8K ,
QAWCGD5EC8 ,
QAXA4TW4HR ,
QAYUF9G46X ,
QB3W3UNXBK ,
QB546CK7RH ,
QBEA5AVA3N ,
QBG4845KQ2 ,
QBMCH3Z5DU ,
QBQNDJTV4Z ,
QBS6Y3H44M ,
QBT3ZBNEKJ ,
QBTUNJ768W ,
QBXCDW5RHV ,
QBXSSR9HVA ,
QC222W8X6J ,
QC2QT4WKRZ ,
QC5859D4F2 ,
QC5SSBCQWX ,
QC62VCAPPU ,
QC79MPWQE7 ,
QCBXK7KUXK ,
QCDJU9TFXD ,
QCJGT9AQN9 ,
QCKDUJEXB8 ,
QCNXY2MDZ5 ,
QCPMRS9SQM ,
QCTCXTFYYJ ,
QCTV3H37H9 ,
QCV43ER8C3 ,
QD2UHMFY63 ,
QD4BGAS2KZ ,
QD4UYDWBWQ ,
QD575G4Y7W ,
QD7EMBM9N3 ,
QD7NXXNQXD ,
QD9YUH2TNN ,
QDEKYVUAW7 ,
QDMFC8YBMP ,
QDTPPNJFE6 ,
QDUWDYYWDY ,
QDWMETKNME ,
QDYMURV64Y ,
QE44SQBR6Q ,
QE4EB9C6YZ ,
QE8A8TGKZ6 ,
QEADSK3M4C ,
QEGJH54TCN ,
QEJCTM66A5 ,
QEM5FX6NXR ,
QEMPQW4N2N ,
QEQR462VYM ,
QERZ35U9KK ,
QETZA89TGK ,
QEX8868CNB ,
QF121JGZ7I ,
QF5DTC866X ,
QF7JSD564U ,
QFAAPXYF87 ,
QFD775S992 ,
QFDKZPMEY8 ,
QFEUGTYZ2X ,
QFFDQTCAKM ,
QFM6ZTFBG9 ,
QFRXFAZ5JH ,
QG49JCNFVX ,
QG9N538GBQ ,
QGBAV9T4BB ,
QGJW2G8JXM ,
QGMZ3SCVFW ,
QGPYE5NEHJ ,
QGR3RNTPE2 ,
QGRHY9P53U ,
QGRJSWPH7Q ,
QGSTD37SN2 ,
QGYTTRF36X ,
QGZH6PNCF6 ,
QH245VF8QY ,
QH26373AEC ,
QH2T8DH8DG ,
QH3G2U2CST ,
QH7VVTBBSE ,
QHBACP3KVA ,
QHCKBDD75X ,
QHDAV8YAQS ,
QHDKDS9YUM ,
QHJWKPWJUZ ,
QHKVHU6D7T ,
QHKW6J6S9N ,
QHPYGPEG2C ,
QHRHUUUBB4 ,
QHVT6ZWK32 ,
QHZDZBVCFC ,
QJ26DW7TPS ,
QJ5CFX52GM ,
QJB5E6KDZC ,
QJDRA3YCS7 ,
QJDU5X2J4D ,
QJHPD4Q66U ,
QJM8KGYPDZ ,
QJN59Q7XM4 ,
QJPQHYJCQX ,
QJTYG95Z9V ,
QJUFRYB9A5 ,
QJVRT896K8 ,
QJXFRVFT7T ,
QK5NWAV44U ,
QK7KKEPJJ8 ,
QK9B7XHH64 ,
QKB36KKETU ,
QKCKBU8KN4 ,
QKDPU4QTVA ,
QKDWNJ78K8 ,
QKQNBZUR2J ,
QKS7J95Z9S ,
QKTQOTCLJB ,
QKWU2C3K9D ,
QM282ZB4PE ,
QM4R8MWE5V ,
QM5NS2QUZG ,
QM6UBDS6HC ,
QM7CBDJ88D ,
QM7GZ4D6QK ,
QME8RC4ETZ ,
QMNNP93VX7 ,
QMP2HXNZ5K ,
QMRZ6MRAVS ,
QN27T22CJ8 ,
QNAXZ4RVU7 ,
QNBVPET5VJ ,
QNKQDN5QKY ,
QNMRPQ3VPH ,
QNN6V7PJTD ,
QNRUVGPH6F ,
QNS6AS48VC ,
QNSHAJV9AZ ,
QNTDDH9GPG ,
QNX3VN67P6 ,
QP23TMM3TE ,
QP287JWT3P ,
QP7RMWTM4V ,
QPETAGE6JQ ,
QPGVFMXYRF ,
QPH5F7YCAR ,
QPH6R9VP79 ,
QPHYXDK82P ,
QPKAMQXZ48 ,
QPKT5C5ME6 ,
QPNWCREYJN ,
QPR39YJ654 ,
QPV5E3UVRM ,
QPYSE27SMU ,
QQ2KP57SX7 ,
QQ36MSQCC4 ,
QQ39SDMB6G ,
QQ47PQG9NK ,
QQ6EF6RM5Z ,
QQ8VJTEZQK ,
QQCKUYVUHA ,
QQFHG7QKHU ,
QQFUX5ZAGS ,
QQH3KT4N7P ,
QQJHAENCPJ ,
QQP48Y9CZU ,
QQP59ANJWU ,
QQQFTFMPMB ,
QQRQ2P4WVY ,
QQSVYDZDK8 ,
QQZHQVPUUU ,
QQZSCPVQB7 ,
QR6ZSSX8BW ,
QRF2XBTGNP ,
QRGPQZSHXT ,
QRH23XAVC9 ,
QRNJCKF54Z ,
QRPTCKJHZ2 ,
QRR644ECJY ,
QRS8DBUSUB ,
QRU8Q2V4KB ,
QRUNQWJAP6 ,
QRV7RMYKHV ,
QS2H3F9F24 ,
QS3TAGA2QU ,
QSFNFDHYBP ,
QSMBH6GU8F ,
QSRSSEN3TW ,
QSVPR9VMBH ,
QT7VCH3P5X ,
QT8F7HVRJQ ,
QTCV4J2F6T ,
QTGDSG7ND8 ,
QTQ72Q5443 ,
QTQUU33F67 ,
QTRDY4S8MS ,
QTVXP9GWVA ,
QTX4SGPKCE ,
QTXX8Y8EJB ,
QU35UQY9XC ,
QU3TFSDSQP ,
QU3UCJQCXQ ,
QU89KP4R6R ,
QU8T6TG7GF ,
QU8YAZWXEN ,
QUAAEC7DDR ,
QUACXFPAJD ,
QUEPMA3W27 ,
QUF5DRBC3U ,
QUGUSYP2EE ,
QUJ4KKXR8R ,
QUP2WDHVSJ ,
QUPJ5W2B4T ,
QUQH44ZFQV ,
QURDDCACVR ,
QUV7QF78P4 ,
QUV88X9J6U ,
QUW42KOGGL ,
QUW8Q7AYQX ,
QUXXDBSQQM ,
QV22JRGJD5 ,
QV4EXEJ96J ,
QV8DK2F5Y2 ,
QVADD29GNH ,
QVGW6HBWDG ,
QVPTM5WC4K ,
QVRJAYYKAX ,
QVT2XUE9GF ,
QVTF9BZPMP ,
QVX3ZPGKM4 ,
QVXNRTXEHY ,
QW2K3JSWYX ,
QW5F5GVLP5 ,
QW85TFNWGC ,
QW8HV9DQGN ,
QW8MA88Q2S ,
QWAYXDXW66 ,
QWCBT7T6SN ,
QWCFQN66TJ ,
QWCXWJQDZS ,
QWCZRFNSUM ,
QWDSK7G3HD ,
QWENT98ADU ,
QWJ4CFK6FM ,
QWM4HN5WMX ,
QWNAV3W2Y2 ,
QWNB8U3M8S ,
QWUQUVP37M ,
QWWM672VMW ,
QWX3HKD9JC ,
QWZHXM4QVJ ,
QWZVUZKTNZ ,
QX2U73AT8T ,
QX4RU6BRDQ ,
QX4USJMVVH ,
QX6NHGGKHX ,
QX8AD33SC6 ,
QX8XKKFAXF ,
QX9KKNN9CX ,
QXCDY5VSQG ,
QXKSUV67GW ,
QXPRDBHWPU ,
QXRXHKGNXF ,
QXWUE9Z6WP ,
QXYWENH22M ,
QXZ5B7748Z ,
QY2UGSFEG4 ,
QY6Q2N85RH ,
QY7DPUJ2PZ ,
QY874TQZJV ,
QYAE6B87BX ,
QYDQZWB469 ,
QYHYNAESEH ,
QYKFGS47SP ,
QYKK57CF9Q ,
QYSN476ETR ,
QYX8FEUM6T ,
QYXGD528EV ,
QYYR7X6HM6 ,
QZ3PHCPDCS ,
QZ6DD6YF4G ,
QZ6JTPKWFG ,
QZ6XNBG9X2 ,
QZB4P82AV7 ,
QZGA97UD8Q ,
QZGNW7ZMVS ,
QZNBTSJ6CV ,
QZSNW6WAZG ,
QZSRQTBNBC ,
R28GXFGP49 ,
R2DX9NSP25 ,
R2HH83G9AE ,
R2UC4PKCJ7 ,
R2XG6JJZ8D ,
R2XTKHSVVH ,
R2YDBBT3M9 ,
R2ZKS55UFA ,
R32K546ZUX ,
R34WCNPQT3 ,
R35VK6SZ4E ,
R363A6SBCV ,
R37FY7AXZ6 ,
R3AGBPWKQP ,
R3DUBFTCRF ,
R3EWDQN3SK ,
R3EZN8UYBW ,
R3HNG8JEYW ,
R3HVXBK2ZA ,
R3KF3TMGEJ ,
R3RH97S7YW ,
R3TJ86JERB ,
R42T32XHHX ,
R43DUGF7Y3 ,
R45PJV54B3 ,
R474V6WMMH ,
R4GKYBYU62 ,
R4HB4AVZQ5 ,
R4JCDYB76T ,
R4KCNS34SD ,
R4NQYRBBVY ,
R4OMROH953 ,
R4PT85NDV4 ,
R4RVZ87SE6 ,
R4SFT9XHMG ,
R4TVFPAHCS ,
R4TWR6VHF4 ,
R4V93GHBFK ,
R4W56SB8G6 ,
R4XGYVAW79 ,
R4XN2SVF68 ,
R53X87WQ3N ,
R57TS3QPR3 ,
R5CNUDFDTZ ,
R5JFVM26T6 ,
R5KRR24TPB ,
R5ME7TAWVX ,
R5Y4JEDMWT ,
R62HEXQQ3M ,
R676SY6E3Q ,
R67DJ5QJMX ,
R6A38ECZ3H ,
R6ANPC4D2F ,
R6CR9ZTRMS ,
R6D5NBE4WN ,
R6DEHXWDSG ,
R6DYH2R4R8 ,
R6HPB9793S ,
R6NHYUSUDV ,
R6P7FBKYB7 ,
R6PADMH4TZ ,
R6PT5TF8AX ,
R6Q232PFT9 ,
R6RDYP2JE8 ,
R6S8DDDGQ8 ,
R6SA6DQS6R ,
R6THEDMART ,
R6TQQGA58H ,
R6VHG8ANBN ,
R6WCVTNWWB ,
R6XUAZYNX5 ,
R6XWTE54EK ,
R6YWG9HXDS ,
R75FHG7E8Q ,
R7DCF3B585 ,
R7JCZRP5AZ ,
R7JQRC3XDE ,
R7MJUCRXZX ,
R7MRGMUJJD ,
R7PXKGB8YX ,
R7V9E24JVS ,
R7X7P9FM67 ,
R869EYJEV9 ,
R877ESEMZV ,
R87BEVKSNC ,
R884Y9WMZP ,
R89UP8U1LE ,
R8HKF35S6J ,
R8K7JQN2GT ,
R8KBCHC8QU ,
R8P7YJMJ5S ,
R8RBD6BXKD ,
R8VHBGE359 ,
R8W38KPMZU ,
R8XXSCGHRJ ,
R8Y437ZJ9W ,
R8ZHQ2B22Y ,
R965VY3FE8 ,
R97YSD5EGQ ,
R998FFW9D6 ,
R9BES4XPZ2 ,
R9FG9ZHA23 ,
R9HSV26DG8 ,
R9J8GBS6PR ,
R9KK7DM295 ,
R9SMXWAAZQ ,
R9U8CV4TGR ,
R9ZD4RS9BP ,
RA2PUNHH8U ,
RA5CR4CUCE ,
RA9G4UJKPS ,
RAC6PAAZ6C ,
RACX7XERBH ,
RAJVG38H3G ,
RAKST79NCF ,
RAP6TWP6VD ,
RAR7RAGYH5 ,
RARS79D2C8 ,
RAVQXE43DC ,
RAWV2FFZ9X ,
RAZ3REDQBQ ,
RB78W4EH2E ,
RBA8EHY4VQ ,
RBB5HKCPF3 ,
RBB8FCJGDX ,
RBD8SZCPS5 ,
RBKGRN5J82 ,
RBRD67ENCF ,
RBT7Z35G76 ,
RBVJB9Q4NV ,
RBXM2KCY89 ,
RC7DYNSXWB ,
RCDTXDNP2Y ,
RCF8RXGBY5 ,
RCFP4DKG7A ,
RCHS9ANSHB ,
RCJFQRKSRJ ,
RCNG2JTSGR ,
RCSGQ9YGEA ,
RCSNS2GJT6 ,
RCXTNRYXX5 ,
RD23RY97B3 ,
RD3APX74SA ,
RD46ZKJDWH ,
RD8AG82PK9 ,
RD9D5KP3XS ,
RDAM49K94Q ,
RDDAY2R4US ,
RDHCJGPH3N ,
RDPKNCC3GP ,
RDQP2VZZAG ,
RDRN8G6YQT ,
RDSVQ9YPY8 ,
RDT7ZG5GJ8 ,
RDTFYMTRPM ,
RDTMPQCUAN ,
RDTY7GYAZK ,
RDU6VHGTD5 ,
RDVJSAT89E ,
RDVM3WEGRX ,
RDW3NM9QFC ,
RDZCKGMUYY ,
RE4TH6AKU3 ,
RE4YEMDNGG ,
RE88FH7A8Q ,
RE8C785HUB ,
RE9Q3CWTAA ,
RECDMSQKMB ,
REEBYM2CRG ,
REHTFPTCG6 ,
REM7P3KAFP ,
RENJ9H3YTE ,
RETUV6E8YM ,
REU56RFUKF ,
REZ4FRHAZD ,
RF2M8X5UQ9 ,
RF89AENZVJ ,
RF8W2D56A4 ,
RF9PYNGPPX ,
RF9SP7YXBZ ,
RFDRC7RCWE ,
RFECN7YU7N ,
RFG4XKNEUP ,
RFORIA9B0B ,
RFS6WUVZXH ,
RFTWPY68BB ,
RFXDX3C2PV ,
RFY5P6PCUV ,
RG3T2AWZ5B ,
RG3ZQUBF5V ,
RG59MCTDTD ,
RGC5TT7J41 ,
RGE55DHE7P ,
RGKEPPEMZR ,
RGMGEQUEYT ,
RGVE8NZ6CT ,
RGZVRSA8QC ,
RH2CEKHETY ,
RHBWKDQWXU ,
RHBYSG95QN ,
RHE9DG9Z4N ,
RHEXEQB7CB ,
RHF574SKGR ,
RHGT2D8CW5 ,
RHJTMD7Q2U ,
RHP72YWB26 ,
RHPZQFGS3V ,
RHUWFJTUAV ,
RHW6F4M25Z ,
RHXPR7XNBE ,
RHY3HPJE85 ,
RHYZ759AS5 ,
RJ3DNJMD9B ,
RJ5C5567TD ,
RJ6Y9S98BR ,
RJ8G6NQU26 ,
RJCER7BDWP ,
RJD3RK9WSM ,
RJEKZSR5FQ ,
RJKC6WVXAM ,
RJKHHGVRC9 ,
RJKSA8K428 ,
RJP9D73K4N ,
RJPVT34Z9U ,
RJRRXJXEFC ,
RJSSGY4MQX ,
RJTR5PTH49 ,
RJV6E7MMWF ,
RJX8M235HC ,
RJXK946KWZ ,
RJY8JX6PNT ,
RJYWV6XBQA ,
RK45VM2XPV ,
RK6G9G7CCE ,
RK6NYHD57J ,
RK74BJSURE ,
RK7BUWQXTF ,
RKB4N5FZPS ,
RKD4MVUGXP ,
RKEDCYSK4P ,
RKF9C9XCZD ,
RKH3VPAFWZ ,
RKJPW6WZV8 ,
RKJSN5XQ2C ,
RKNF28RSAH ,
RKRDJA9F3D ,
RKW43V4WN2 ,
RKX4GHPWRF ,
RM4GNFSDC9 ,
RM9C2CQ9WR ,
RMBQJUM365 ,
RMH6YP4UF5 ,
RMS5VV8VPG ,
RMWR6Q4AJ8 ,
RN7BGT5AHU ,
RN84SEGYZH ,
RN8ZRJF33S ,
RNB5239QNU ,
RNCQQE8PJX ,
RNEW2X6GGX ,
RNHE43RJQU ,
RNJE4GXE9X ,
RNKBFZ7YCY ,
RNMXX48A4P ,
RNRAKR8GXC ,
RNSFV8H2T3 ,
RNSRRYEATK ,
RNTRHF3Q75 ,
RP2MNEC935 ,
RP3R9PD668 ,
RPCGYRUCRW ,
RPD53SR3B7 ,
RPD5KUA6BN ,
RPT549B2KM ,
RPTWM6FPTE ,
RPUXRSA5Z4 ,
RPWDU2F28C ,
RPYGM8UYAV ,
RQ5M8SGZRX ,
RQ76C4QSGE ,
RQ8XMGW5UR ,
RQG53SPUZD ,
RQGEUPQZV4 ,
RQGRJVF9TS ,
RQJ5AAEKSC ,
RQJFAGM3DF ,
RQM6ABZ7DG ,
RQMGCARXZP ,
RQNKWUZSGR ,
RQPJD9YWUC ,
RQR2YSQQEX ,
RQWDB9FKWB ,
RQZ2U9AVHP ,
RR59AZTGNG ,
RR6YTH749J ,
RRDMPNBVKW ,
RRH3GZE2TJ ,
RRRJRZ3JGC ,
RRSN7HVHM5 ,
RRSUB82SHF ,
RRTT94MTF4 ,
RRW58AYQE3 ,
RRYM74U8FG ,
RS7DB9FVH2 ,
RS7VASE4M6 ,
RS83X3N5CW ,
RS8Q9MZHY7 ,
RS9TXCSX8D ,
RSD33K8X83 ,
RSNZ8N65Y4 ,
RSRHQD9NYH ,
RSSCYYUASU ,
RSTR22AE6K ,
RSTXQM7BG2 ,
RSWZT9B9ES ,
RSYJXVPZ2X ,
RT2HPPRXQH ,
RT2UAY9FBB ,
RT5468T2TF ,
RT985FSMDT ,
RTQ5MDVSAB ,
RTVDJVUMDP ,
RTVZG47PB9 ,
RTW6QQUD3X ,
RTYAM4UAWM ,
RU6BAX8GAQ ,
RU8HF5HFR6 ,
RUAHG3BA24 ,
RUC9QD9ZP6 ,
RUDMCX4493 ,
RUG6TNAJ3F ,
RUUVN6V5WU ,
RUWBUT9ZKU ,
RUX63B3PJJ ,
RV4A4Z9SDY ,
RV5UC8PW3Y ,
RV9JWTDWAN ,
RVFC3V48WU ,
RVJBQNYZGX ,
RVQ63XKMCS ,
RVQSQD52FP ,
RVR3QSQPB9 ,
RVRME3ANAQ ,
RVUM8P6BDD ,
RW586YR6HT ,
RW5G65N8J2 ,
RW5V4J3Q93 ,
RW8AS66SMC ,
RWASMPRQUB ,
RWC7AH3Q36 ,
RWE2H8DUTV ,
RWEQ3R7WTA ,
RWFC8392WT ,
RWG6445FCN ,
RWMH5KUEFY ,
RWNGA5JWXE ,
RWUG4GQ5B5 ,
RWZN579C79 ,
RX24T2QHA3 ,
RX2KEH2943 ,
RXBA6SW7Q8 ,
RXGERM6RTY ,
RXJ4V53WUG ,
RXRZXND52Y ,
RXSAAHJE6Z ,
RXU7AE65U9 ,
RXUC23Q3AP ,
RXVQY8XMV2 ,
RXW5KTAWTT ,
RXYWXKA2ZU ,
RXZ6NGH4DZ ,
RXZTPPQTP2 ,
RY34M56WUK ,
RY56X3YVEB ,
RY7X8V5JJP ,
RYC2Q8JX6U ,
RYERGVZN8E ,
RYH7CZAF3S ,
RYJY96FZKT ,
RYMS8JTF9E ,
RYMYKM5EJX ,
RYQY74R73H ,
RYUGHTE8DP ,
RYYN549QEG ,
RYZRQ8WXG9 ,
RYZYA98ZJV ,
RZ2KBC3TBV ,
RZ62VQK52P ,
RZDDGEEAGC ,
RZDRZZ7QG7 ,
RZF3QX5ZUJ ,
RZFBKNRTRU ,
RZG9BERRUM ,
RZGUZ96GCE ,
RZK8GQWHDJ ,
RZNTERV453 ,
RZNYMUUJK5 ,
RZQCD8SVPZ ,
RZVKR35TFF ,
RZWUAJ96FP ,
S22WV7SV9F ,
S237GHSMZ6 ,
S24DE5ZANY ,
S24XK5D9P8 ,
S2B2357SPB ,
S2BUVSQEK9 ,
S2DYRYDAV4 ,
S2JK94XY6T ,
S2KVPTAKBV ,
S2MERF2F7U ,
S2MNPM22ZY ,
S2NGVETAV9 ,
S2PPKQCSTM ,
S2Q29ZZXN6 ,
S2TMQ3QGNS ,
S2U0DC9YH9 ,
S2V2XWSVPG ,
S2WNQ2JYBU ,
S2X244WSDG ,
S338TYF44Q ,
S33NMMT4Y8 ,
S35MZG9VB4 ,
S37MRPW9GF ,
S37TF5MAEQ ,
S38EZDK938 ,
S3CHW7NRGB ,
S3FM93HM3W ,
S3K3ZYHBVV ,
S3M9KGV3DR ,
S3Q3P2WSKG ,
S3XNFJD36N ,
S3ZP7ZFB96 ,
S45J7K2U6G ,
S48KV7YC2J ,
S4ACR5KZ2B ,
S4EE3QZS8F ,
S4EH7QJM5E ,
S4GHZ8Q2KB ,
S4GWZYQFFY ,
S4HYADGYGJ ,
S4MF96CZRR ,
S4VCCQSB4X ,
S4Y9EF2QSV ,
S4YG72UENF ,
S52D57KJ9Z ,
S52MCZMBJH ,
S53R9RBSSX ,
S54EU6D65M ,
S5699PVX7M ,
S584D2H9PQ ,
S5BEWQTD9C ,
S5CR2YN9UR ,
S5EETP9VXS ,
S5MG325ZR3 ,
S5NC376S3C ,
S5TGVHURHK ,
S62RWV6T4Q ,
S65L84LB5X ,
S662MSKHA7 ,
S66K8GXCBX ,
S68945DFJP ,
S68D7P9R3R ,
S6ARCEBXFG ,
S6BEDBQHFJ ,
S6DNAB6B4A ,
S6E52WK3FM ,
S6GPG633R8 ,
S6KUXY7QB9 ,
S76FHG4BEF ,
S76QGR63ZM ,
S7AX7RZKUD ,
S7FCPJ9264 ,
S7PWQE63JW ,
S7S3RR222K ,
S7S4ESTEE6 ,
S84743JZFB ,
S884RSG6A6 ,
S88JTAJUVQ ,
S8B5UQ7RKA ,
S8DVFWVDAT ,
S8HBYKT43A ,
S8HK69K82Z ,
S8HMBW8NCR ,
S8JC7SKCYT ,
S8JG83ZJW8 ,
S8Q7NU9X9C ,
S8V5APFQCA ,
S8W975YVE5 ,
S8WV353XFE ,
S8XBKM3QQ4 ,
S95BU52KDY ,
S9D39HMHKP ,
S9F4KUGE24 ,
S9FCDT9NJR ,
S9JQA66SRY ,
S9MT8PEG7R ,
S9N3MGKVS3 ,
S9N3WRN488 ,
S9PFQ37U6H ,
S9Q23H9KZQ ,
S9QA2FBAA5 ,
S9SAC87DFQ ,
S9VEG8RTH7 ,
S9XKNY9N5D ,
S9XSG46ZVE ,
SA2PAF3DSS ,
SA765TGRP5 ,
SA7DBGMYSP ,
SA85VEPUJP ,
SA8HK9T6Y6 ,
SAB4G6ZACH ,
SABASZPBBZ ,
SABJQUHS6S ,
SAD44HFB25 ,
SAF62BFTSQ ,
SAFYRN2H8J ,
SAG8EWQQUJ ,
SAGG7TJVQT ,
SAH7774DCV ,
SAJQ3HES7Z ,
SAJQWJWY5W ,
SAK5YUKJ6U ,
SAMZ2VA37V ,
SAPC5GSZSF ,
SAVVAP3PQV ,
SAW9B5664J ,
SAX89VYPEE ,
SB4UERNS6M ,
SB5YQZPZAT ,
SB62QHKWBC ,
SBAXPM9TD9 ,
SBDQCJHH68 ,
SBGWMW7HC5 ,
SBHJZS5HT8 ,
SBJYP47SQD ,
SBM5ZJNAJJ ,
SBMDXDA8KW ,
SBXNKWPKWU ,
SC4PAFSZ68 ,
SC6MQYW52W ,
SCGBSJG5K2 ,
SCHANGUS2S ,
SCHJMASSRM ,
SCN9JT7FRS ,
SCP297HMS9 ,
SCQW8RDB8B ,
SCSTKCP5R2 ,
SCVBHA6H8E ,
SCVCDFAQXF ,
SCXKCAMAAV ,
SCYADQTK54 ,
SD4P49BSJA ,
SD6T4F596J ,
SD7F6WY92X ,
SD8KPUFXP4 ,
SDE8VAHRUX ,
SDEJU6ZZGY ,
SDGV6X6P5Y ,
SDHGSS9YMJ ,
SDNVXSFJDM ,
SDXAEYJC47 ,
SDXVNJTWU2 ,
SE55DUMPKA ,
SE6248CYMM ,
SE7HYBYD6C ,
SE8QSU3V7N ,
SE9KN5EN3W ,
SEM78BC52W ,
SEMASXMFU2 ,
SEU36HXQFZ ,
SEVANZ3QS9 ,
SEVCX5PRKW ,
SEVRF7TRGQ ,
SEW6U562VV ,
SF3AHSU9ST ,
SF3K3TGHQ4 ,
SF6WUYT9PQ ,
SF8GEVST74 ,
SF8R9QWCDG ,
SF9CZWAWBP ,
SFB8M59BXJ ,
SFHAMEHZB9 ,
SFTNE4DK3K ,
SFVJEHJJ58 ,
SFWKUPB6DX ,
SFZ5D5CHHV ,
SG66MUTSBS ,
SG66ZVQE79 ,
SG6X2S2HWC ,
SGBH8CA3AJ ,
SGDWH7VQX6 ,
SGRDGMT2MF ,
SGTDTJNVYW ,
SGTSAT2MEZ ,
SGWCZ7SUCU ,
SGWPQ775WA ,
SH26S6MBDA ,
SH2UGW4J2F ,
SH3456SFF5 ,
SH4SB4FDR4 ,
SH5ME4YQRN ,
SH9GHNXCB4 ,
SHAKPZT8TY ,
SHGNQV3SW8 ,
SHHHVUBVHD ,
SHPQXKPRH2 ,
SJ275H8HD4 ,
SJ2DE6GPAQ ,
SJCAYJ6Y7Q ,
SJGV3ZJFJ3 ,
SJIYTW7OP6 ,
SJJBJQTNP5 ,
SJJG22BGK6 ,
SJQRJBND67 ,
SK5DSBXAVK ,
SKA6AZVS8A ,
SKJZYM784D ,
SKRGDWC8D4 ,
SKV6MCH2VW ,
SL620M2MOW ,
SL9ERWWNL3 ,
SM2MRMUFBH ,
SM3223M5C3 ,
SM3FRWCAJP ,
SM4QH33SYC ,
SM7B95YZRE ,
SM9BETRZUN ,
SMAGM5XXQV ,
SMARUGD9JD ,
SMBRQDWDXG ,
SMDHXXJZ72 ,
SMDNWPWZV8 ,
SMFBSPXZ5B ,
SMFJTJVDXX ,
SMKC7VHEZT ,
SMM9WWU362 ,
SMSAZ5QPTQ ,
SMTSYKS5R8 ,
SMUCZPYHSS ,
SN4UGA2SQV ,
SN6CYHSPMM ,
SN9QS49PX6 ,
SNF28989VE ,
SNFZTZTN2C ,
SNJHPXS7QR ,
SNKBTZK5HX ,
SNKXDRQNPX ,
SNPGF8TJ24 ,
SNQKA9CJV8 ,
SNZKYMMD8D ,
SP8HPJV9FY ,
SP93GR8NW6 ,
SPFJUYFAKW ,
SPJK5EZ4TJ ,
SPM9G6QMXE ,
SPNGRXB4G9 ,
SPPJTZJJEA ,
SPUAXVTN97 ,
SPV5QUP3FJ ,
SPWA2Y6348 ,
SPWBZTJBZW ,
SPWMFHYJAJ ,
SPWZJYPX2K ,
SQ2AGZJSM2 ,
SQ5579ZP6D ,
SQ5CXYGMU5 ,
SQ5KP4DTAM ,
SQ6NASZR8K ,
SQ732EV55F ,
SQFYPUBDKW ,
SQG3GXEEAE ,
SQKUN8EH4T ,
SQP8BUEG2B ,
SQUGRNS4R5 ,
SQUVKEU43T ,
SQWTE7EG3Z ,
SQZXMBU2T4 ,
SR7T4MEJ7H ,
SRFPMHGAT5 ,
SRGBZFRKYH ,
SRH4PJ8CDV ,
SRPQABDPBH ,
SRRY4KH74T ,
SRSQED3KGB ,
SRZNWBST5T ,
SS22ZYJVNM ,
SS4QU4N86X ,
SS57HPW37J ,
SS5ZRZHC9V ,
SS6ZWXPRTQ ,
SS8BTRSEQ4 ,
SS8XZNCYNJ ,
SS8YC46ECX ,
SSBATEZWEB ,
SSBPP2337D ,
SSHHXZKPSB ,
SSKPVTAR9Q ,
SSKRKC78W5 ,
SSMBN423UG ,
SSMCRTXP68 ,
SSRRHJSQNR ,
SSV3PR6HVB ,
STEYV5N3KR ,
STPDGA23N6 ,
STQAY5EN2B ,
STSM7AN87A ,
SU2TJJFB53 ,
SU8EBR9UYK ,
SU97XAV8CC ,
SU993MZTK2 ,
SU9Q4RWESE ,
SUFEEB8C5H ,
SUJ3ACAUV7 ,
SUQBR2VVAH ,
SUSAVDP9A8 ,
SUSV2TAJF7 ,
SUT9P6PG4R ,
SUVRB9M2VF ,
SUYEDO2PU1 ,
SV29G2VGND ,
SVA6NNNCDK ,
SVABGBZZ53 ,
SVAMBKHBQM ,
SVFBT5XVSH ,
SVJ39GBT9K ,
SVKVV9532V ,
SVMD9WBMMW ,
SVMTDVD3Q9 ,
SVPGKD9RYH ,
SVVTCXRXWC ,
SVVZBX7THG ,
SW687X8H3C ,
SW8MHHAHC3 ,
SWA87I8H5K ,
SWDOCD73AB ,
SWDSW8V7WQ ,
SWEPQ8HDF8 ,
SWFVAHYUUG ,
SWGPA5G8JZ ,
SWM8J9GDK5 ,
SX8RPSHMKB ,
SXG5H52XXJ ,
SXJ4UDKVW8 ,
SXK8Q6AGWA ,
SXN34UMYF7 ,
SXX7SET7Q4 ,
SY35KRKP74 ,
SY8BHGGJMU ,
SY96PKRVME ,
SYAMD68U36 ,
SYEFPGNYCH ,
SYFDQ2CU8P ,
SYFWMN3DTD ,
SYH655GJ2A ,
SYNCJ87976 ,
SYNVE29JMH ,
SYQKHUE6NS ,
SYS6K2Y2P4 ,
SYT9A3FYKB ,
SYUWBJHUAS ,
SYVKWD5SNC ,
SZ37YUGR7F ,
SZ3P542BWZ ,
SZ6JKUNBBB ,
SZ727DF6CQ ,
SZ8944DYPA ,
SZ99X49KDJ ,
SZN2X3J7VW ,
SZQEGQZ89F ,
SZWFVYKGGS ,
SZWRNYWNVR ,
SZX37X58PR ,
SZXA24FFKR ,
SZYGG7Z5VS ,
SZYKRACMXW ,
SZZC2ZJKRM ,
SZZUVY9B5N ,
T22X4U9535 ,
T262VJMZEM ,
T273JMTVPK ,
T27FGKCJ2S ,
T2892QY3G0 ,
T2BYU49YUY ,
T2C4S458AT ,
T2D6EVT7TD ,
T2KUNM97XF ,
T2MD9XFPU3 ,
T2ZBRZ6ZKS ,
T32M9SPGWD ,
T35T4GATPZ ,
T365AHVT9A ,
T39GY3QELW ,
T3AQ5FZUTS ,
T3BD4VDR6Z ,
T3E7EBDTWZ ,
T3EZUQAT3S ,
T3FNT7H6SR ,
T3HFSV8KBA ,
T3M7HA3AY9 ,
T3MKNP4CCD ,
T45H4CMNM7 ,
T48XGCRCGU ,
T49E5UWJ7X ,
T4BKEWW59F ,
T4DT44V8TY ,
T4HTJT7JT6 ,
T4JYQK8JYJ ,
T4KHQQ5U9P ,
T4KWV4DE6M ,
T4MECP6WC9 ,
T4Q2TWBQEK ,
T4Q3U3V9VK ,
T4SCTBEWVZ ,
T4SMDXD8PS ,
T4XHCBDZ94 ,
T4ZXJ7JWQW ,
T52YPKZFDR ,
T57FQP3F3H ,
T586N43CF6 ,
T5B4NH2452 ,
T5BSPT2QP8 ,
T5FGU66A66 ,
T5GKKUVP2X ,
T5GYS3RT6W ,
T5K33EDBTB ,
T5KUPDQPMQ ,
T5N9MD42DG ,
T5PPP6BU43 ,
T5RYQJRQZ7 ,
T62E74W86Q ,
T64S4VPHXC ,
T6F8YPXFTY ,
T6FZJJKH8E ,
T6KW9972DD ,
T6NNY3NSV6 ,
T6NPW28H9E ,
T6NYD8GBTQ ,
T6RATQEW2J ,
T6RGJHNS5E ,
T6SE2KSRZR ,
T6V9R9FSAM ,
T6WKE9E8SX ,
T6WQNPEXXY ,
T742V2H3YA ,
T7CGD7MFS2 ,
T7DCTFHP3J ,
T7E74G5T2P ,
T7ETZWKGQ7 ,
T7F72ST4YY ,
T7HZQS29CT ,
T7TCTDET7V ,
T7VA25WTTP ,
T7VT47T6UV ,
T7XSTUKX6N ,
T82D8BWBNZ ,
T852T9SZZ5 ,
T85RB3EUZQ ,
T8AARTDQD2 ,
T8BQU64ZED ,
T8U4UBUUM8 ,
T8VJCS7RAO ,
T8X6CNUH76 ,
T8ZR3WPPND ,
T95HG5CFJV ,
T9DZP3XQ7M ,
T9E9X57VEV ,
T9FN6VNAG2 ,
T9HX9882F7 ,
T9JHGJHGQ4 ,
T9SGM4ZHQD ,
T9V5Y9U3MW ,
T9W45QAUEF ,
T9WDYX838Y ,
T9YQVGWRKM ,
TA2UURUD5N ,
TA4TYU6J7X ,
TA76TRG5SW ,
TABHQCPY2B ,
TAC6JSJKZT ,
TAM3R3QPCY ,
TANM6VEBX6 ,
TAQDFWDZTB ,
TAQKF8EQC9 ,
TARWYKE5VU ,
TATP3ZZCM3 ,
TAV2QBRECT ,
TAWU4ZBMNU ,
TAYS9D9ZDN ,
TAZNP6BPQR ,
TB2CH44HCP ,
TB3X6ZX3X5 ,
TB6KRGR9PW ,
TB8GAT9VRT ,
TB8QW7GJXT ,
TB97MFQGGX ,
TBD32Q3PXM ,
TBHGM5W7HH ,
TBHHPC7NZQ ,
TBHVXDPZ6Z ,
TBK7V3KC92 ,
TBKBBV64MV ,
TBSD7C2HDW ,
TBWC86FR4J ,
TC5VVV3EBH ,
TC8YKNJW34 ,
TCDV59A4BR ,
TCEB76YEZJ ,
TCEWR9YKK3 ,
TCGA5M8X23 ,
TCK6JADQTC ,
TCN8WH8Y6X ,
TCPY4TZB3U ,
TCSAGVA5V3 ,
TCSDY9Y8VB ,
TCUEJJ3QVP ,
TCYGZMKMNM ,
TD2PWZEE4D ,
TD3N5RYE47 ,
TD5MMZDZUS ,
TD6YNEAGYW ,
TD9KKRTTYG ,
TDGEU2BNMZ ,
TDH6TRC8PW ,
TDH8XSS95G ,
TDKWPF7EYA ,
TDMSE3KA33 ,
TDN8SKJM2B ,
TDNX9ZEVGQ ,
TDS5Z7GHET ,
TDS7Q7WXRA ,
TDTW7PRK67 ,
TDZGAM2ZDW ,
TE759WMCGF ,
TE7WSRGVK9 ,
TEGZX5YHCZ ,
TEHTRC29YZ ,
TESGDHB3HD ,
TETFGY2YRQ ,
TEVBJG7NGR ,
TEVEEFUAAP ,
TEW2FH2VVJ ,
TEWCT587D9 ,
TEX9R7MR6K ,
TFAHDSQ429 ,
TFB346AKFA ,
TFCVP4KCH9 ,
TFF83K2733 ,
TFGSZ34V8T ,
TFKM965EA3 ,
TFN4MSW9UV ,
TFQCWVGUWA ,
TFS4YG4Z82 ,
TFTBRJTAFA ,
TFVCVT7S3T ,
TFVXTZQDPJ ,
TFYSYCZBH3 ,
TG6URKX5KQ ,
TG8GYPJA9P ,
TGCME3T6QQ ,
TGDWK9Q2SY ,
TGG6RS3FBB ,
TGJ2KUCE6N ,
TGM6CHP9KV ,
TGU6H7E3MY ,
TGXNETSM4C ,
TGZ46DPQ2K ,
TH4N6J6X4F ,
THBRWYK587 ,
THBU4XMZGH ,
THD4AFKE5F ,
THNPKK4NJC ,
THSSMVSEQV ,
THWC7XTGW7 ,
TJ238VNF7T ,
TJ6G3XHGNK ,
TJ8BM4NKMF ,
TJ9K2KKFSZ ,
TJ9Q4JN6VC ,
TJA4RCFEFY ,
TJCYHT7P7V ,
TJDNWSFAUA ,
TJG3PG3GEQ ,
TJGFZWFR3G ,
TJHFGZDRYJ ,
TJHY88VEYD ,
TJKSKXHS4H ,
TJSEA73CU2 ,
TJTNR18X01 ,
TJW6S2WHM5 ,
TK2D5NA9FJ ,
TK6VYK8DU4 ,
TK83Q4T4YP ,
TK9NF6HEG6 ,
TKCTH69RNC ,
TKGJVMGGKZ ,
TKH276RYCV ,
TKQ93RM5TW ,
TKRAD6VW9R ,
TKSBUE5TFN ,
TKTYV3PDAW ,
TKUX65QQ7N ,
TM6DK8Q8NW ,
TM6MM3PUY2 ,
TMANE6ZBTM ,
TMC7VHZT6Z ,
TMEZGHRC4C ,
TMH2NZV7FM ,
TMJ8M25V3J ,
TMJZI184YH ,
TMM59JBZ42 ,
TMSNF8J25A ,
TMTTTRPZY7 ,
TN4F9YVT3A ,
TN4XCH9A7A ,
TN76BCPHUK ,
TN8HV5QHE4 ,
TN8TIPHV60 ,
TNEHJQTRSS ,
TNJXXWCWHT ,
TNNCJS2ET6 ,
TNPS4JX5ZS ,
TNXXQKTMVW ,
TP2SGVQR9K ,
TP38Z73T4Q ,
TP3KN9X2QY ,
TP3MRURVSB ,
TP3Y4NBJYA ,
TP75JYESFB ,
TP7TTKS5UM ,
TP8XZNSVRY ,
TPA9D9AP8R ,
TPG4B9Q5DX ,
TPHENAMSGH ,
TPMPM4FWQ4 ,
TPTJ6E3HNF ,
TPUXWQCNQW ,
TPW2QH2K2D ,
TPW9NJ3NZW ,
TPXYJPJKDE ,
TQ24GQ5V38 ,
TQ37E4H5AU ,
TQ4XX4KCFE ,
TQ5FDDSBAB ,
TQCNXZDJGC ,
TQCTBC5Z9X ,
TQF2XGZ8HS ,
TQHMJPNUDU ,
TQRJAR4WWK ,
TQSJBK7A92 ,
TQUAHUUKEW ,
TRAT4D2XXH ,
TRB5SV6YZR ,
TRCA2Y7U4B ,
TRCDK5XK56 ,
TRCPTAESZX ,
TRH36C79VY ,
TRKKU4BFC2 ,
TRQBU98EE8 ,
TRSEWAFHW3 ,
TRU9VVR5F3 ,
TS3WDCJQEK ,
TS56AGHQB9 ,
TS8JHTCNC5 ,
TS996M8WBA ,
TSCRUN7AZQ ,
TSCVEEDHBB ,
TSEMS5NZ2Q ,
TSGBT8K9G8 ,
TSJHGAKMNR ,
TSNFT5QCVX ,
TSSYSX3PJ5 ,
TSXQUM5AJH ,
TSY2FRYAUE ,
TSZYBN6VKD ,
TT5WVNNYAH ,
TT7HPKE9CV ,
TT8YWU8ZZ4 ,
TTDJ8FDCU8 ,
TTDVSN6VAZ ,
TTE8DSMGJP ,
TTG5E2USW5 ,
TTTFC68YTB ,
TTY8KNXDAN ,
TTYMB9NSB4 ,
TTZQ8DAZH9 ,
TU46SZXNUC ,
TU574ZNWTU ,
TU6ETNWH59 ,
TU8S6Z4GFS ,
TU9FFH5NYP ,
TUBXJ5FLH2 ,
TUC6GJKBBT ,
TUG23EGGYJ ,
TUSS4RZ8DJ ,
TUUBSGMRNM ,
TV4J8VRJXQ ,
TV4PJN3DCN ,
TV5GDRPUVR ,
TV8MJYQ7PN ,
TV8VFXM89P ,
TVSFKNR7F7 ,
TVSJHGRRUR ,
TVWUX9WNZN ,
TVXJU4PNQN ,
TW3KY3WUQV ,
TW4H2QH4PZ ,
TW4MNQYZVJ ,
TW6VP5BS9C ,
TWA466CWWF ,
TWC4UNHVZW ,
TWP3H23SHT ,
TWSFPWSNSF ,
TWUT9EFEGA ,
TWVZUJD9QC ,
TWY6W4KZ5P ,
TX3P38GMAM ,
TX3UA9BQFH ,
TX4DMP3VNU ,
TX8A3DVNP3 ,
TX9VFGS2ZY ,
TXDYNNSPHG ,
TXGPR3YWCZ ,
TXJGK7SR6M ,
TXK6JSG4RM ,
TXT7Q9TRPZ ,
TXVHF6SHXZ ,
TXWH7RNWGK ,
TXXV8S5Y49 ,
TY2UX5TDNB ,
TY4BK5Z6KH ,
TY85J9DQGM ,
TYDDEFK8MJ ,
TYFQHH7YFY ,
TYHEQWYZAS ,
TYMKRTYZX4 ,
TYMRMCDFGE ,
TYQ625V25B ,
TYZ5UQYFAT ,
TZ55CDRHMG ,
TZ6ZHPMGPG ,
TZBJG5HDRB ,
TZHWCYCAPR ,
TZJZT449SY ,
TZK6FQ8C5H ,
TZRJD7D2KX ,
TZTKTPC3V2 ,
TZTQEJBE8A ,
TZTXWDSTX2 ,
TZU4VSXX7Z ,
TZW6PEK38R ,
U27K246FH8 ,
U27PF7TU5E ,
U27Y4PPW2U ,
U2ESDZXESB ,
U2EYJR695G ,
U2FVN954XB ,
U2GBQI47ZC ,
U2HMH2EAHE ,
U2JBPX79J8 ,
U2JJ4P6GHF ,
U2N7KQK6Q7 ,
U2QURMQGAA ,
U2ZYJQAZ8X ,
U334SHM2DC ,
U35GGMW48R ,
U36S7F25T9 ,
U38DVRCKFJ ,
U3BZPTJQNR ,
U3P384Z73W ,
U3QUHT7M8Y ,
U3RNFKQZ4G ,
U3T5GWTS5K ,
U3UKK5FHWY ,
U3WURVDFQR ,
U42HX7MN5T ,
U49RZAUMRP ,
U4AJ5YDB7X ,
U4AS4R859B ,
U4CC74TMPR ,
U4EFH4KFC7 ,
U53BDWBBCY ,
U58TDANWDW ,
U59F3YTX7N ,
U5C2HP8YV5 ,
U5D5TEGAKC ,
U5GRMN7X58 ,
U5HR23HKF9 ,
U5Q4YBQFZQ ,
U5T9YFU7CG ,
U5UEK2R7QB ,
U5VPVDHRSR ,
U63XSTR29K ,
U64HNVMN2S ,
U66KVCJDT9 ,
U68XYYRESX ,
U6CRR9FZPP ,
U6FZTQBBZK ,
U6G2GSZDF3 ,
U6H52THGUU ,
U6KB3KZA48 ,
U6N654D3E4 ,
U6S6H3TJ67 ,
U6WG46YUY4 ,
U6YR5RFNES ,
U729URXAYM ,
U7APDYBM3C ,
U7CSU6EHK6 ,
U7E3R3AT8S ,
U7FC2BCG3X ,
U7K8B32TP6 ,
U7MH3QKWYU ,
U7P47GYY6P ,
U7QD5GDKPJ ,
U7QW7A8HZM ,
U7R92DQVXC ,
U83DTXZB9G ,
U88BBZWB9U ,
U88BT3R52Z ,
U88XT9BK7N ,
U8FBDCCT37 ,
U8FG7C9PF3 ,
U8H3FW7S86 ,
U8KCN2M5N4 ,
U8MBJ2P68T ,
U8SWMU5NCU ,
U8T5A6ANW3 ,
U8U62MSVA6 ,
U8X8E7GGQT ,
U92VE5SPD3 ,
U96K4C8BQQ ,
U9ABNE9SEB ,
U9BD2F7AF2 ,
U9D6A8UQXC ,
U9DTFQJZF4 ,
U9FFYYQEQE ,
U9H9FNRBHG ,
U9J4EZDEI3 ,
U9KSB9YXC3 ,
U9UT3Q8DZH ,
U9VT5EM83A ,
U9WHFV2YJJ ,
UAABCP7G8S ,
UAAQ5H9NRX ,
UAB2VB83W3 ,
UAG49NDFBZ ,
UAGEY8M4YR ,
UAGJFF9P3X ,
UAGZU5YEXR ,
UAMT3SPEPY ,
UAN3YHEP5W ,
UARUH9GD4Y ,
UAU5B5F4D2 ,
UAVSBCQKJG ,
UAZ9M9MWD3 ,
UAZA99JP9N ,
UB3BVSWPXW ,
UB9Q3D5WCY ,
UBEAUUAHUU ,
UBEBQFWNWJ ,
UBEDJTV2SQ ,
UBEE85DZAU ,
UBEYVWSVVB ,
UBGMB3UU28 ,
UBMY6QGQ2X ,
UBPAEQM8XG ,
UBTXY6P8TP ,
UBUDNB4FTT ,
UBUTM9FMJT ,
UBZMDWJAXC ,
UC4NZBE83X ,
UC4URWZ2DA ,
UC53NUYXAC ,
UC8F6CJXTX ,
UC9SNGZ3F5 ,
UCJSVU6B36 ,
UCQ3HH5R6J ,
UCSJBUVGEN ,
UDCPEP4F2F ,
UDDVUCY4FK ,
UDM9SP5M9K ,
UDN2QSPRE4 ,
UDNRKZXG52 ,
UDNSHQPVCS ,
UDQZ5VY3AD ,
UDRDVAQJMB ,
UDS4BH75UB ,
UDVGAP9EBC ,
UE2HBF8HNT ,
UE5D22JAHP ,
UE7F5UCHE9 ,
UE9HYQME6X ,
UEJ5PSFSUP ,
UEJ69KHU9F ,
UEWB5MGQTR ,
UEWYWZPDY7 ,
UEXWVZURAT ,
UF4D8XV5Q7 ,
UF6GHUN3QG ,
UF7TV825GN ,
UF8SSD3HSM ,
UFCUU2E5DV ,
UFCY64QEW6 ,
UFS9K3UCYT ,
UFUQJDYBF3 ,
UFVFJZAZ9X ,
UG57VWMA7V ,
UG7N9J82PJ ,
UG9U6E93DQ ,
UGDBR5WUHS ,
UGHYFMCWBW ,
UGJ87FBQMT ,
UGNSQAREZV ,
UGPFBKJ5PZ ,
UGS4Y2J57B ,
UGS72N9TZB ,
UGWSBPACES ,
UGYCCNBIGA ,
UGZBPHCEGR ,
UH2BD3RDHT ,
UH5PVF895F ,
UH6YCBR2VN ,
UH7FFTBRZ8 ,
UHEFXWPGMF ,
UHGCN9M4VG ,
UHGEXA7858 ,
UHK5ZC896V ,
UHKNCEY638 ,
UHNGM67F3H ,
UHT895CTQT ,
UHWJSURB57 ,
UHZ4A99A3H ,
UJ2EZ8SZRD ,
UJ2SGFNBV5 ,
UJ9EW2JEDM ,
UJH596PP9S ,
UJHYM36Y7N ,
UJKKCDTT8T ,
UJMCS7Q8KE ,
UJMTDJ5BQY ,
UJMYGNC2XD ,
UJRSMPTZ7C ,
UJT54VRXWG ,
UJV35B3JVG ,
UJVXSGV33C ,
UJW2P8PM9W ,
UJWB77TXXP ,
UJYUVE546Y ,
UK24BURBRS ,
UK5DYY84HR ,
UK6UMAF6YE ,
UK72EUGZKB ,
UK7KK6YVWJ ,
UK9E59CY4S ,
UKASMM6J7B ,
UKH33J43BE ,
UKKGQJCSJT ,
UKPVUKBFY7 ,
UKQZ82V2RQ ,
UKR6PQEQ76 ,
UKSJWTYH34 ,
UKSYQJGTAJ ,
UKT493EAQD ,
UKU9V5XA4M ,
UKVV3CGPR6 ,
UKWSTR6SHF ,
UKZK4SWT9S ,
UM2CZT87QS ,
UM2VM5KMHU ,
UM3GBT7YMD ,
UM3N7VTQJM ,
UM499BR8DA ,
UM559X6SY9 ,
UM7RRM4V3Z ,
UM7RSGSZH8 ,
UMBZ9WFAA6 ,
UMCDXU9SC4 ,
UMESUNVC3P ,
UMNN6FPKEY ,
UMP7DBT7YA ,
UMPU5EYGMG ,
UMSX367C84 ,
UMUZHF8UA9 ,
UMX2EN5JV6 ,
UMZ7BDDDQ2 ,
UN7VHE33U7 ,
UNBWSGACMJ ,
UND3STZP6G ,
UNJDAPEVMA ,
UNJDFNZCE4 ,
UNSAXE8K4Z ,
UNW5KKYKPF ,
UNY3X62ZDV ,
UO6L75MVYH ,
UP52YJUQJS ,
UP5DXHAVVU ,
UP7V4KX7AV ,
UP8F73ZZKE ,
UPAMR9HGHV ,
UPEYH4YHCY ,
UPUNDKZ89W ,
UPWBFGQZ7H ,
UQ84DQBQED ,
UQCFUCGFTV ,
UQCLG8QOBA ,
UQCPSRT2JG ,
UQFFX3JBDN ,
UQGXE4JD9A ,
UQR3MWXV7S ,
UQSTRM6C6K ,
UQYJU2QDVV ,
UR54WDME57 ,
UR58GKU3HW ,
UR5QVBWF43 ,
UR5XUD4UK3 ,
UR8Q3FA9CU ,
UR9FZ47SSE ,
URGVRBQF6W ,
URH8YQQC4B ,
URJPJ2FVQ3 ,
URT32N4NB5 ,
URTTUFKFRE ,
URX94PZQNF ,
URZARHY5SN ,
URZNH5M27A ,
URZU985JT4 ,
US22E3C9DX ,
US5V9TWGT4 ,
USB5VKKVWN ,
USE6NBNXB4 ,
USEW4WAM89 ,
USGECFS9YG ,
USHJWBAGPP ,
USJ9AXDEDX ,
USJMXMMAFF ,
USJND7G3AH ,
USK9H7NTTS ,
USKNGUX6GG ,
USPJBGEDP8 ,
USQJM8TF6U ,
USSDGPKMZW ,
USXBC9C89J ,
USZ8FPHMT4 ,
UT7V3XVBC4 ,
UTDW9PWRY8 ,
UTJBF4MFKN ,
UTQC2VZCHB ,
UTQXWWYZ56 ,
UTTURPVU5F ,
UTUYDQD9W4 ,
UTW8W36CFP ,
UTY6YVBV8F ,
UU2X9S24UA ,
UU43HPYDM2 ,
UU4TKFNPKS ,
UU6BEUYQX8 ,
UU88242AFE ,
UU9CB8SQAC ,
UUFY9BB5NS ,
UUHR8E9N3U ,
UUSKDDK25N ,
UV27HRPHH7 ,
UV3ZD4PKJU ,
UV8FUBVTQP ,
UV8WQFXWQW ,
UVCQK5RGAE ,
UVMBTCS85K ,
UVMEN6BTY8 ,
UVSG78J5QG ,
UVU9YKESFR ,
UVVX95ZV8M ,
UW5E22A73V ,
UWBHF9Y7RE ,
UWEEKH35U8 ,
UWHD256G8H ,
UWM854TKME ,
UWRUC8S726 ,
UWX8T34NGY ,
UX39BXPBQG ,
UX4PZT86FK ,
UX7E9NCNCC ,
UX7FKSBAK4 ,
UXNMWHCC25 ,
UXTA9MWYWA ,
UXTT9RWQ27 ,
UXVGJNBM5C ,
UXX7WNJYWP ,
UY4J5NRX5E ,
UY4QJ99CMA ,
UY98E7KX4U ,
UYBX3GHZZX ,
UYEFV36CN4 ,
UYFAYRVPYK ,
UYJ2DGXK4T ,
UYJ5CZETGV ,
UYQCTVW2QX ,
UYRFYB3QFJ ,
UYRRAYSTCV ,
UYSJSM9BMS ,
UYWZZUXJ2Y ,
UZ5RP9AJ8W ,
UZ6ZKCTSFA ,
UZFUHT6DZP ,
UZHHUB3MRG ,
UZK6CPJUA8 ,
UZQSU525FM ,
UZRM47V6WQ ,
UZU7SN46MP ,
UZUVZUTSVQ ,
UZV9GH3GRC ,
UZVC4QU65Z ,
UZWXHKXT6G ,
V23FSGPJ7Y ,
V24G8H55TX ,
V26646ZWUE ,
V29NAK5FKU ,
V2ANFJQTZD ,
V2BWDDGBWE ,
V2E5W8MPYX ,
V2NBUNNHRN ,
V2R7MKPX3X ,
V2SA6NBXPT ,
V2SJ6C9H4W ,
V2SUWDE2J4 ,
V2UV25X3W9 ,
V2UVVN5CHA ,
V2X6M8WAZQ ,
V2Y8QXPH8H ,
V35PS6JHTT ,
V37QBKXUAA ,
V39BBW6MSV ,
V3D8967NDY ,
V3GVMFB5HC ,
V3HZF72XP8 ,
V3UYYD5N76 ,
V3V64FKPV8 ,
V3ZG42SFV2 ,
V43VNWE555 ,
V48ZB842KA ,
V4JYBCUDP5 ,
V4QBVSAE4R ,
V4SNH4BFNJ ,
V4SPB5A67W ,
V53A4TBV9G ,
V54WKV9RSK ,
V55PK26HJY ,
V573ARVS2F ,
V575XA3WC6 ,
V5B398MNYD ,
V5KW9S8YMJ ,
V5P9RFV8JG ,
V5RMUD3AUA ,
V5SYWFU8KS ,
V5WAG5KZ54 ,
V64FDWDKQP ,
V69RXHS3FB ,
V6GEURT59E ,
V6JWA5M8BG ,
V6MSHCTGWX ,
V6Q83XPKN2 ,
V6RZ2XT4E5 ,
V6TZRHWCY2 ,
V6VUU9CX99 ,
V6YAVAACUG ,
V6Z8W5M4GW ,
V6ZAXQ3B8X ,
V72GJVHD3Y ,
V75CYRNRD3 ,
V7A33J6ETZ ,
V7EX9FKS9W ,
V7FX2MZZUS ,
V7J46FGU5A ,
V7M8HPN9JW ,
V7PGB7HNYK ,
V7QDH6BZJV ,
V7YYSBY9WC ,
V82MX9N9KT ,
V836S97KRZ ,
V83U57VNYA ,
V87THYCWDU ,
V893XXEMEU ,
V89HKGFSP3 ,
V8DXGNDYTU ,
V8FTY3KMZ2 ,
V8JD4VP3GK ,
V8KF8UAXC8 ,
V8PXJV3YFW ,
V8RDYXU34P ,
V8VFYAFNF5 ,
V92AWQ2NNY ,
V95MX4QBUH ,
V99XD434XU ,
V9CYZKS37H ,
V9E6YKZJ2U ,
V9HX74ZR7D ,
V9JQ4BGEC2 ,
V9ME98CJ2X ,
V9NB6H6M52 ,
V9REZFCA2C ,
V9SGKWMD5C ,
V9TZA5VVGY ,
V9X57FGTP2 ,
V9XEP34AV4 ,
VA3U3TSM5Y ,
VA5XCVVK5S ,
VA678FRUM8 ,
VA8GF9DJK5 ,
VABGV7QCYR ,
VABMU6VHPY ,
VAEHV3MVPN ,
VAF5P6KHPK ,
VAFNP5Z84V ,
VAFWH52BCS ,
VAGB52NTDB ,
VAJ5XS6EBT ,
VAJJBSE9GE ,
VAK8ZT6JM8 ,
VANSJGRDHA ,
VB2FP4JV4K ,
VB34BDY2J4 ,
VB3PNQ28JC ,
VB8S266B8G ,
VBA9HX7YDB ,
VBAEPXWAE6 ,
VBE8SD6RWZ ,
VBEKFD2FM7 ,
VBGGZ2BRSA ,
VBJ3JS3NEV ,
VBPDW757YP ,
VBPPDHNMD8 ,
VBQDEMHPZB ,
VBSBGQMNNM ,
VBWVVCGAM4 ,
VC3XC8FV43 ,
VC3XEN49YX ,
VC5QRS9K9X ,
VC6NZJKKXZ ,
VC6RPX2K2K ,
VC7RYZNMBF ,
VCB4JZV3YJ ,
VCCRT8RTVR ,
VCE85XFMMQ ,
VCHFY6PAHC ,
VCNAC3WJSB ,
VCNAKB7JBC ,
VCU9EJEETD ,
VCV8UYYFJV ,
VCYQHDKC8Q ,
VD3BGXWJPN ,
VD55D7QR3A ,
VD5N2BDWPS ,
VD853VSDRU ,
VD89X8BDPX ,
VDEF4ZFQVA ,
VDGJ79CX56 ,
VDGVZRVPC6 ,
VDH75YJQ9D ,
VDM8K5YACD ,
VDRASD4JT4 ,
VDUAAG4F66 ,
VDVWTSBSJD ,
VE2FJTGVRE ,
VE2MTHNGWW ,
VE52AVAG28 ,
VE7C43PJ4P ,
VEC4HCUS7D ,
VECCSNGYK9 ,
VEG839SAPT ,
VEN4MC3G6E ,
VET5KM37ND ,
VEYVUQQBC9 ,
VF3HF5DTJK ,
VF3MBRJU6C ,
VF47M75YGC ,
VFFW3VNUBH ,
VFJ2UWXGP4 ,
VFJUYV83RD ,
VFMDZ8423A ,
VFMRN6WGG8 ,
VFN9EB5MDG ,
VFVK8EP8AP ,
VFYRQD938H ,
VG3ATCJPQW ,
VG4NCUJZUQ ,
VG6CVF3M6X ,
VG7E49NQQJ ,
VG9F7JWYE2 ,
VG9ZFESEAQ ,
VGAJFHG7Q8 ,
VGCJBTS2VJ ,
VGF2935VPJ ,
VGF3NYD5XB ,
VGFRBJ3JKF ,
VGGC3E99YN ,
VGHL8FVJKX ,
VGPM6RZFT6 ,
VGQJAJ4AXD ,
VGTJBC7CUN ,
VGUEAXDY8J ,
VGWR6SW2W9 ,
VGWZMDDHFD ,
VGXMDYDBPZ ,
VH2GPT3S4V ,
VH5YUTFYGD ,
VH88MZ2HUY ,
VH9E5APXSA ,
VH9W9HSQBU ,
VHD38BRY5Q ,
VHEYDHCK2C ,
VHGM7GEAKC ,
VHHGY2ZEZK ,
VHKPMXTSMC ,
VHKXZ5PC42 ,
VHP6YHHVME ,
VHQMMXSBZS ,
VHW9RU99GH ,
VJ7JCN2XEB ,
VJDVR76BD9 ,
VJF645C579 ,
VJFEFD2FVV ,
VJGPFK25CH ,
VJH54DGAN5 ,
VJHQQ08Q86 ,
VJJZVFD4XT ,
VJK5BZ6GPU ,
VJPUHJ7NY7 ,
VJRVSZS3UH ,
VK4GMG4YZB ,
VK54BZY5H2 ,
VK5KHCASBA ,
VK694PA4KZ ,
VK7FWVF36E ,
VK93FKBPQX ,
VKD93V8F5U ,
VKDHSGZTVX ,
VKEUPJ9GG9 ,
VKGP2QGVPJ ,
VKJG63MVRY ,
VKKAKHUNYX ,
VKKXCT5WMJ ,
VKKXJ6SWUM ,
VKNFQPZFMF ,
VKP7G4JRDC ,
VKRXMACSG3 ,
VKSBVATUJE ,
VKTJGZ8JM9 ,
VKXRZ7388Z ,
VM3VNBVB5Y ,
VM6DU5GKNY ,
VM6W349PXG ,
VM7KTTQZ8F ,
VM93C38D4B ,
VMCDGN53DY ,
VMDVJ6CVC8 ,
VMJHBSEUYT ,
VMKCDBXGGP ,
VMKGG9XNQ8 ,
VMQAN24PRK ,
VMW6SRPJPA ,
VN5NBQZPH5 ,
VN98B9QKP6 ,
VNAQMGMV2N ,
VNGTMYY6QN ,
VNMQXVCYRP ,
VNNUUWNRVP ,
VNRNJ4RWEM ,
VP43XHMJSV ,
VP4CDNJMRX ,
VP4D3Y3H8Z ,
VP4TNV55ZB ,
VP8KMK8U59 ,
VP97GJ3Z2M ,
VPCZZBQA4F ,
VPDF7XZXDD ,
VPGJ57S9YJ ,
VPK6EDMXPD ,
VPNBMPC5W3 ,
VPNFSGA586 ,
VPNJ343MK9 ,
VPQSB3GM4P ,
VPR2VBQTU7 ,
VPSWKFJKCM ,
VQ2ETUEQVU ,
VQ57RJ4JDD ,
VQ6XUXTT55 ,
VQ8E9CVVSP ,
VQ9AATKX4C ,
VQDTY95KYG ,
VQJJCF4AVK ,
VQNS5XP3Q2 ,
VQRKK8M5SY ,
VQUN6492SR ,
VQW2VZPW5M ,
VQX8PS3XFZ ,
VQZTCSAWZD ,
VR32XEMQ7B ,
VR3576G4RB ,
VR92RQAXK7 ,
VRFBCMGGSQ ,
VRKVSD9VFQ ,
VRQCPZCPUC ,
VRRTZA37QX ,
VRRUVX2NNP ,
VRWEHQHY2U ,
VRYNMB8V3Y ,
VRZQAVVAV5 ,
VS4ACB2CMC ,
VSBA6BWECZ ,
VSCP8623DZ ,
VSCVB9RPVK ,
VSCVQRAJA5 ,
VSE34DB463 ,
VSGCF25W49 ,
VSHMTF9G9V ,
VSMC2FMJ94 ,
VSN5HH5T3D ,
VSQH3BB5A2 ,
VSSM44UVEY ,
VSTM8MBQKN ,
VSXS44K6JD ,
VSZDA8DZJ5 ,
VT2EMFVK7X ,
VTEE8SE8JS ,
VTH6HK6JM9 ,
VTS37ZKHMG ,
VTSV5GQHKU ,
VTU3A4WJ5D ,
VTU45TGGG9 ,
VTV9VTQ5NT ,
VTX9FZDFMJ ,
VTXBV3HGPU ,
VU83PCJJG3 ,
VU8J2JWQ25 ,
VU9S33D6WD ,
VUFRMJ9RYR ,
VUHNVRN8RH ,
VUTCYKW329 ,
VUTEN97UBH ,
VUUUTCZ2JR ,
VUZBD4UA39 ,
VUZYERGKND ,
VV35TKAF94 ,
VV7M26C8EQ ,
VV8HYT7CAM ,
VV9452UAAC ,
VVAY55FDW6 ,
VVBNV5HVQ7 ,
VVC3W9S9T3 ,
VVCW62QPT7 ,
VVDA5PJT9Y ,
VVDBGH4SMY ,
VVDN5XWPVZ ,
VVG3W5D4H3 ,
VVK46RU8NK ,
VVN77H2JMJ ,
VVPBGNBYH6 ,
VVTXNX36HR ,
VVVB7AMSJH ,
VVYSGTXE56 ,
VVZYPU5A8E ,
VW2BGMTTV2 ,
VW8VTSW2GN ,
VW942TM46H ,
VW9FNNMNAS ,
VWBK6785C4 ,
VWDS4C57WZ ,
VWFPKGHFPJ ,
VWGPRQS9M3 ,
VWJ8QJZ2M9 ,
VWXNSM3E35 ,
VWY3ZEPJF7 ,
VX2RQAN7JD ,
VX5R4Z2DXB ,
VX8U5E4CU8 ,
VX92WXGB3N ,
VX9XEY6YTY ,
VXCAQZNBWW ,
VXCQVX2FU8 ,
VXCZA6XTR4 ,
VXDQCPP8M9 ,
VXFCGVED93 ,
VXGNM7C29A ,
VXJ9VG9VR8 ,
VXMUDZDW4B ,
VXNGT73QVM ,
VXNT74W9HS ,
VXRTJ673HB ,
VXRWKFACHZ ,
VXYSGQT34P ,
VXZ5U6U3TX ,
VY2XESFPCC ,
VY34NYMQ2H ,
VY45PXHUWY ,
VY5MD7TYEV ,
VYFZ7MBAV3 ,
VYGSHGUB84 ,
VYK25B33B2 ,
VYNJCRX82S ,
VYPDG536CA ,
VYTDEYA8DG ,
VYUDKEDRNK ,
VYZ9HAPASM ,
VZ9G442UTG ,
VZDVRFK4V6 ,
VZGMDRT6N6 ,
VZPRMQPZAC ,
VZRQGF4NS5 ,
VZT3JGEDJ5 ,
VZUMMFB5MJ ,
VZWPBXNJZG ,
VZXNM5A8B5 ,
W25BG33SSM ,
W25UZFV3DB ,
W27UPFKR76 ,
W2APUBKDEW ,
W2C5JNRYAK ,
W2JZ78YQ2V ,
W2R842HZFJ ,
W2RWG7HGHC ,
W2UNBXFWXW ,
W2VRQEVSMA ,
W2Y4RRZA95 ,
W2Y82TTFSP ,
W2Y9EDAMWC ,
W3536UM42J ,
W358GKER6F ,
W36UHHMF43 ,
W36V3766TN ,
W38HZ43YJR ,
W39XUMUAPZ ,
W3AY385XS3 ,
W3FNP3N2HN ,
W3HBZ2QPTS ,
W3N6T8CTX4 ,
W3RGWPN3CM ,
W3WRRF76M3 ,
W3YB3GBFTS ,
W3ZY2SENTM ,
W45G5HBBE5 ,
W498EFG27R ,
W4AF97489Q ,
W4BA2UHP87 ,
W4BPAFAMRP ,
W4BQNSC2CE ,
W4GGCHWBD9 ,
W4N56JJB59 ,
W4NJQFDK2K ,
W4R2SEWTY5 ,
W4SFQP5EHC ,
W4T4863KGH ,
W4UCYV3EPU ,
W53HRDQEBE ,
W54HMM56ZQ ,
W59EZR556N ,
W59PVV7G74 ,
W5ATMXHENV ,
W5C8ZF2C4V ,
W5DP9KGWXB ,
W5EZMYAC6J ,
W5WKPNRGHX ,
W62GHES9TJ ,
W62U73PFDN ,
W64MVND8FG ,
W686AXQWXD ,
W6DKAP77P2 ,
W6GF2PZ78Q ,
W6JBZCNC9M ,
W6KKA98C4E ,
W6NGA8UTV2 ,
W6PE49C5ZA ,
W6Q2BZR3EP ,
W6VF49XK9C ,
W6VPZ8U6WR ,
W6YCJ8PN6F ,
W748KAPAH7 ,
W76H5EWJZW ,
W77ZVWE9U4 ,
W78722T92P ,
W787CZW5JM ,
W7BR8F94T8 ,
W7GGA9H7NG ,
W7GM2SDE7D ,
W7K2H2J635 ,
W7M24JK4C6 ,
W7PMZ9N3NT ,
W7S3EV9HCJ ,
W7UC9BFRRX ,
W7VZPBW8M3 ,
W7WEBFKBAW ,
W7X5QCZKE8 ,
W7XRPKU9JX ,
W82ECPX9TE ,
W83RCYP5TD ,
W884AGYFZD ,
W8B5VHZ6YX ,
W8FPVT5UFK ,
W8HBWZSCTW ,
W8K2M8BJRP ,
W8KPXA7JH3 ,
W8KZU4ZWET ,
W8MPDNQG39 ,
W8MR84UYXF ,
W8N2CG52QA ,
W8WPSVM4P6 ,
W8WT7D2BY9 ,
W8XHJDYASY ,
W92FB22J3R ,
W92Y2RWJJT ,
W93VCM6PVB ,
W95R8D8M4Q ,
W95YKXFRW6 ,
W97NA9PHAM ,
W995CDZNU4 ,
W99JNC9H28 ,
W9A55AAXPW ,
W9D9T2QDZD ,
W9FAK56T3M ,
W9FZSZHYTJ ,
W9HJEZZ2BN ,
W9QT8YKZ5F ,
W9YAZVVHHZ ,
W9YM9QX8JT ,
WA2KMMS2TR ,
WA3HB66TDM ,
WA3QGTQC75 ,
WAGWWGHZTU ,
WAKRK55X2E ,
WANMASZFCX ,
WAPHTV8X4T ,
WAPJ57M3J2 ,
WAQAKGBHXD ,
WAXYDZZMGG ,
WB8MCGWVS8 ,
WBBFCPTRM8 ,
WBCWHQV54P ,
WBDXXUN9CB ,
WBGXKUU4KW ,
WBJ5ARAB3C ,
WBJYVYD9GF ,
WBUMFWYPUP ,
WBXD34HHCW ,
WC478PKWGG ,
WC5Z6VWMNK ,
WC8SYHZMTK ,
WCACSUNEND ,
WCD4ZSMSHJ ,
WCE352GVSB ,
WCRMTKBJ4K ,
WCT4R5UB8Y ,
WCXB9A93VF ,
WCZ6AGTCG7 ,
WCZYBYAVKF ,
WD3C5VRKFH ,
WD4VVDJP7F ,
WD4VXEWJEM ,
WD5B22MKVR ,
WD5QCCQUAS ,
WD67EGBTAN ,
WD9V9ARSF2 ,
WDA8GHYPUA ,
WDEE7B5H3S ,
WDEGF4ZJRH ,
WDG362KGCV ,
WDGMY5ZXJN ,
WDJ7Y69DX7 ,
WDNXM6UQJC ,
WDP863UEKT ,
WDRTV2GTBK ,
WDUBGMZ368 ,
WDUFTURCUX ,
WDWAKB4NJD ,
WDWM48XME6 ,
WE3K4G8YPZ ,
WE6MXB5GWK ,
WE8GUWVZ84 ,
WEC6CFRH5X ,
WEDDG5SXK5 ,
WEJJUGTYUM ,
WEKN899HTD ,
WEMIQKS5AE ,
WEST69V5VS ,
WET8T6FVRZ ,
WEUEN9ZXU8 ,
WEW9F5QGPM ,
WF44DJ4EX8 ,
WF9NK38PXR ,
WFFKRC95TD ,
WFHBS5XS8B ,
WFJBWDK9X2 ,
WFKM8PUET3 ,
WFPBHCRH77 ,
WFPP7JYAKW ,
WFPZYZTZQJ ,
WFUE33VCUZ ,
WFURWPTFZ2 ,
WFZ6YQBYCY ,
WG9U8PE4B6 ,
WGBA5VS7A5 ,
WGGZSKAZ6F ,
WGJWX9Z2DD ,
WGK4K6H6G3 ,
WGX2Y5B5YT ,
WH36QMX24S ,
WH5UQMZQ3A ,
WH6N7YSA2T ,
WH79EQNV4R ,
WHA8NRH3HC ,
WHDW5EG3VN ,
WHGCKW454Q ,
WHHSC62KKC ,
WHJPWGYK4U ,
WHKZ9PKVVQ ,
WHM42W62Y6 ,
WHSXG5C9VZ ,
WHUGP2ZB4Z ,
WHXNKF3CCM ,
WHXXCNV9XX ,
WHZWHXGBYH ,
WJ3M3Y5W2Z ,
WJ7MP4BUG4 ,
WJ7MW9CVXK ,
WJB7HAZCF4 ,
WJDQT9WKNB ,
WJETF3QARR ,
WJG3ZK5YTB ,
WJHKGBWKXF ,
WJN53RY4MA ,
WJQX7CGP23 ,
WJSBKE6EVD ,
WJVDR3PG39 ,
WJYWB5JY3M ,
WK5EMFYERM ,
WK6XRWKE92 ,
WK93QSTY8H ,
WKDMX263PG ,
WKFJH5HMYD ,
WKG79VN7XE ,
WKH8RJWB3Q ,
WKHVGNAVQM ,
WKKPB5SDAM ,
WKM2JEFKAX ,
WKMTRNN6KG ,
WKNPBRYK7N ,
WKQ6ETT76G ,
WKR8K3KCNK ,
WKUU8EJQ7D ,
WKY7PXF4EN ,
WKZK3JSW3F ,
WKZPBSCEHY ,
WM5TKMW7U3 ,
WM7924367X ,
WM7DFRXVCA ,
WMHB3K9949 ,
WMHJTBPYTP ,
WMK68FW6EF ,
WMPKKFRUVH ,
WMSRZ3MJGA ,
WMTJN9RDN4 ,
WMTNQ84K92 ,
WMYSPNER4K ,
WN7S2TZBP9 ,
WNGRXQVCUN ,
WNQEET4Q8Y ,
WNQRRG2PXA ,
WNQT5NPV2Q ,
WNSHH4DRX2 ,
WNTX5QDHQY ,
WNWEFQPYMA ,
WP3X7CRPUZ ,
WP823NB664 ,
WPD8NN6A3H ,
WPECN6EQF8 ,
WPMZV6B235 ,
WPUYPBWMQH ,
WPXT97ZTTZ ,
WQ68U62P6G ,
WQ7MFG99T6 ,
WQC9DQ58Y9 ,
WQCNYWE84N ,
WQFKSHVPN9 ,
WQJDNK8V4E ,
WQM0RZDVJX ,
WQNJUVPJTJ ,
WQQ4HYEQZ2 ,
WQSPAHYEAR ,
WQTQ2BHEK8 ,
WQTV62DDVU ,
WQU4A3BPHV ,
WQY9N4BPAD ,
WQZN46DG7K ,
WR4D2HN94H ,
WR56SXJQ7R ,
WRBKQ2F2V2 ,
WRFH48GEEB ,
WRFWB5GQK4 ,
WRJGUJ3KZW ,
WRJZUHTX9C ,
WRNAVPJFBU ,
WRUTYQPH6Z ,
WRUYXZZ4QQ ,
WRWX79KG34 ,
WS2VBQ684U ,
WS3FKBW7DY ,
WS4P2K7A83 ,
WS69T7QAX2 ,
WS9HX79VKE ,
WSAHGRZ433 ,
WSDPKSW2JH ,
WSF93B6S98 ,
WSGCFBX5UT ,
WSH3JF5YHY ,
WSQ5PW7974 ,
WST53TPRS6 ,
WSV77HX3XC ,
WSVHNGPWTH ,
WSXAA78XHR ,
WSXS3KZ7XM ,
WSXX278A5X ,
WT696FEQK7 ,
WTA9T2AR7R ,
WTCKQPQ4F3 ,
WTFBGGB47A ,
WTFSFVFF2P ,
WTJH6G9WSM ,
WTMFP8X8EC ,
WTMGKC6Q72 ,
WTNRAKTYA3 ,
WTPVJ7X5B3 ,
WTTZ8BCG42 ,
WTV4XWUAMU ,
WTW57UTE53 ,
WTWUD4PGCP ,
WU6B6B8NBJ ,
WUC4QSTSXV ,
WUCM6YDVZG ,
WUCPCY6UW4 ,
WUHA48RJ7R ,
WUHVB4W53H ,
WURFJ9SGX9 ,
WUSRRRX7JB ,
WV2YDD9W7N ,
WV5HV94YY4 ,
WVCEHQ9RCU ,
WVD9SBTEY7 ,
WVDXHH2S63 ,
WVE9T7JGUV ,
WVEKUNPU67 ,
WVRMT77TNA ,
WVTUWDXWV7 ,
WVUQ74JGG6 ,
WVW5XQSKE3 ,
WVXNMQK68J ,
WW5XQXAN4S ,
WWEQWVTP5N ,
WWJ9PEC9VD ,
WWKE5B33XD ,
WWMGTS4YDR ,
WWPHXMZYV3 ,
WWQKHAWMV5 ,
WWQZF5WGQQ ,
WWRJHT9ES8 ,
WWSQEWTMU5 ,
WWVXNSA6ZY ,
WWYNZDBH44 ,
WXA38SQQA4 ,
WXAPBGW5JM ,
WXES6EGXFZ ,
WXM2W3KRB7 ,
WXNHQWARPH ,
WXPBQCYCS5 ,
WXS3P6DV38 ,
WXU5J449RN ,
WY325A5ECH ,
WY4RKCSNAP ,
WY52AWS4XW ,
WY5XAFJU6Y ,
WY99HYW5ZH ,
WY9QPPDGKB ,
WYA4JVJA9C ,
WYBJSGEUTP ,
WYEB7X8E6Q ,
WYK9TKH949 ,
WYN2SM4XKJ ,
WYQP8H4P5T ,
WYSXECN34F ,
WYVYQ66C9S ,
WYZ5WB4FVJ ,
WZ3CRU44SK ,
WZ4MDN2JZ3 ,
WZA6UXEQJF ,
WZAXZVR5WJ ,
WZN76EBXA8 ,
WZNF7W6GFN ,
WZNZUS2MJ8 ,
WZPM42V4KF ,
WZPRQC5BB7 ,
WZT9SWF7AA ,
WZV2BWZ42T ,
X1Y9LDN3QN ,
X247B2CYEE ,
X26SPXMMSH ,
X28EEK8Z43 ,
X2D25UB96T ,
X2G5TB4ZR4 ,
X2KK2VDT5Q ,
X2MS2S7GW3 ,
X38SW4JDQ4 ,
X3C79YWP6M ,
X3HE4GXYS8 ,
X3JU6AD6QU ,
X3TFFMMHFN ,
X3TT5E64TV ,
X3UGJ5NPHV ,
X3XMD9AH93 ,
X43HHZME53 ,
X48USDK5ZD ,
X4B2GSTFF2 ,
X4CQJETXR9 ,
X4ESR7XBKM ,
X4HZTRGUGE ,
X4MKGJS6BX ,
X4NSZAWK5M ,
X4SC4EFUQS ,
X4SEJD265T ,
X4UFYRW9NS ,
X4YJQ7U98A ,
X4Z683ATVV ,
X52JTKWNCE ,
X552G2YNST ,
X57XSTRQLQ ,
X5CD4RPHG8 ,
X5EMCWX3K5 ,
X5HFER5RXY ,
X5JB2HKNHN ,
X5MYBKXRBC ,
X5N8MMFF67 ,
X5V3BQDWSY ,
X5VFCS8QM4 ,
X62JNZPSDR ,
X62S9ZEF36 ,
X655ND6RF8 ,
X66TE99MR6 ,
X6922C93YB ,
X69YPUUYTV ,
X6AKACFG9W ,
X6C5G54UAR ,
X6PHQSJY9T ,
X6Q5ZKHJGG ,
X6QGXF2PJS ,
X6VPG5VJ2Y ,
X6WAGEJXW5 ,
X75PFTQP2H ,
X76UGKZMBR ,
X78J3SCQ8Q ,
X7BFGNJDB4 ,
X7HPPAWEX6 ,
X7JZEBDB2V ,
X7KSA77VBY ,
X7NBFSCTPK ,
X7NPTJC7TA ,
X7QUYBG9RT ,
X7UFUG39SF ,
X7W28CKHWE ,
X7X78MDMD6 ,
X7XDBT93N2 ,
X7XN7EXPMQ ,
X8974Q4JMW ,
X8A2ARFT82 ,
X8ADV6GHQF ,
X8DVCS3U9N ,
X8DZ3DNWR4 ,
X8EK7X76CC ,
X8G42XS5QJ ,
X8MM2J559S ,
X8QF8BYB3E ,
X8QQHQTNPM ,
X8RG8QRW3R ,
X8VFHTPG2T ,
X8W9DFGDN4 ,
X927XEFWHJ ,
X98QJE7VMX ,
X99AD5AYBH ,
X9CJH2DBMK ,
X9MZ5N5JMK ,
X9REMD3VWP ,
X9SGV499WF ,
X9STKS9WY8 ,
X9U6MEMS2R ,
XA23RTDDE5 ,
XA2RY57ZD6 ,
XAB2AECJN2 ,
XABBNABAK5 ,
XABS5DQJ6Y ,
XATEAWZXJT ,
XAXC7GN39C ,
XB5DRCPHRS ,
XB6AWTE2M2 ,
XBB83UCLJJ ,
XBCV24H3EY ,
XBDYW935NP ,
XBESZJJF25 ,
XBKRQ2UZFS ,
XBP8F24GTB ,
XBS7U6H9AP ,
XBVEQ8XFMH ,
XBZ2FA73UD ,
XCCU9DF828 ,
XCEF83E9FY ,
XCEVK7WYMP ,
XCF4NMGA83 ,
XCHB9GPZZ9 ,
XCMY3QQ7CM ,
XCRYFNEJYZ ,
XCUESP9JF5 ,
XCXGHESC9W ,
XD3QQRPWM2 ,
XD5HJ8MRWH ,
XD8E8B382J ,
XDA8CSJH9B ,
XDCQ3XAKFY ,
XDCSGBZFFQ ,
XDD2FAQYG3 ,
XDM5ZZYQEJ ,
XDMAMJ33JC ,
XDMZ2KAU7R ,
XDP8PY4WA8 ,
XDSW459JJJ ,
XDXMKE7QWD ,
XE45SAMRHA ,
XEAWVWEPRT ,
XEFFSFDED3 ,
XEG348HF5P ,
XEHQYE5JST ,
XEMZCRAFBJ ,
XESUMU72WH ,
XESWGTNYSY ,
XEVFK93QVS ,
XEYW38Q3QZ ,
XF33RVDNN7 ,
XF6UVR54V9 ,
XFEHRUZ2D7 ,
XFG7NRCPU4 ,
XFJB8VCWW8 ,
XFM8FNDSSH ,
XFW99KGYZU ,
XFZRXDWJ7T ,
XG8QEG9VSE ,
XG97ZKHT7R ,
XGAWDUVKNH ,
XGCTY6P5Y7 ,
XGFCWY3GFD ,
XGNMK7VUVX ,
XGR7MAHJB9 ,
XGTV5JJW6Z ,
XGYAETPGTF ,
XGYBU59XNY ,
XGYHXE2J59 ,
XH99UETB7B ,
XHCY3AZ8NB ,
XHCYH89NSX ,
XHFZF5AK9J ,
XHKHYUUVND ,
XHNQ97SCQE ,
XHQW6C4X7E ,
XHTK85AWS5 ,
XHUHNQ5DEP ,
XHUUVYGJT9 ,
XHV2VT8P3Z ,
XHXGVGPY9C ,
XHZ7XXZB4B ,
XJ58VXXPYN ,
XJ9E2924YY ,
XJB3J96BT5 ,
XJCD7RX7QK ,
XJKJ3T24QK ,
XJM8N9YD5H ,
XJMGF7DCRH ,
XJMH6AAT6K ,
XJSUW4E94K ,
XJX4DAZDK7 ,
XJXPWSUG7U ,
XJXXNVFCB7 ,
XJYM9T3VR2 ,
XK36U9EW2D ,
XK3MN6UTJW ,
XKEPMQ7U2U ,
XKPUSSZC6P ,
XKQRJ5H6N7 ,
XKRCXWXEHN ,
XKWVKTDQDJ ,
XKX2C67288 ,
XKY3VBN3WX ,
XMB86RX2XF ,
XMDX8HRAXB ,
XMHQ48XKXG ,
XMJQ382CNG ,
XMJRUH77U6 ,
XMJWUVPSCK ,
XMMAXJ9NMP ,
XMQT6D994J ,
XMXPQYMXU3 ,
XMYQMM5BWW ,
XN4GNQS5SM ,
XN9V5VGHSG ,
XND6W6JF8C ,
XNEDRP9VK4 ,
XNHVRX43DY ,
XNK76NMU3B ,
XNMCCWNSBC ,
XNQM998C68 ,
XNS3RF3XUD ,
XNT2YEHTBJ ,
XNWXVWRBSF ,
XPA8968UJX ,
XPA8VYTZRR ,
XPAC3VUHGV ,
XPC88ZHMGJ ,
XPFUNP3F62 ,
XPJK3UVCTS ,
XPJT7GV8FF ,
XPQPHSNURX ,
XPQXDY2DPG ,
XPRT8ZJDAT ,
XPSPRMAJYK ,
XPZ3VKHVWW ,
XQ222EKTEU ,
XQ2GXNWA4H ,
XQ2RBMPDMP ,
XQ48SFGPTX ,
XQ7VSUR8BV ,
XQ8S9XZP4H ,
XQDVKWDM46 ,
XQFDFSVWME ,
XQGVUWFAER ,
XQHPZSYVFM ,
XQJP9DAZ46 ,
XQJRKHQM8W ,
XQNPSPA492 ,
XQP5E25UX2 ,
XQPAANPUC2 ,
XQQVMNKB69 ,
XQTHNB844Y ,
XQU8YS93W6 ,
XQXGUWVKJQ ,
XQYV28Z66H ,
XR9J8D2T82 ,
XRARHAZNGQ ,
XREPCBGQW4 ,
XRGSMYK6JM ,
XRNQH54ZV3 ,
XRPDB6K4SZ ,
XRPKAZGBVP ,
XRT7WYZASX ,
XRUU56NB99 ,
XRWJ8SFFZ4 ,
XRX2KSW4T2 ,
XS3H683C83 ,
XS3N7XAYJP ,
XS4BHEJYT7 ,
XS69XEHUR2 ,
XS6X8J3KSX ,
XS7WS29HR9 ,
XSD4VH46UM ,
XSNC8UQRTY ,
XSRFGZ3KE2 ,
XSRNSZV8VD ,
XSSWEJ53B2 ,
XSTQJJMU4P ,
XSYK5F64KR ,
XSYNPEMVU7 ,
XSZZZHTRQK ,
XT2RNV7PYY ,
XT5JEZQ8U6 ,
XT7BP8H4RK ,
XTC87V2K69 ,
XTCFC79CBM ,
XTFAY7GW92 ,
XTKPY7584U ,
XTX58D9RHS ,
XTYKEB4W34 ,
XTYRD23T65 ,
XU66NAK7FK ,
XU7KY8XHP8 ,
XUDHMK2EQX ,
XUN88BQNZQ ,
XUNVMWDSPY ,
XUQ6ANXWD3 ,
XUS8Y3GPM4 ,
XUUGZBEZWR ,
XUVN34KAWQ ,
XUYTW2RSNU ,
XV2ZEH8YVP ,
XV354TY7XG ,
XV4STPNDR9 ,
XVB8HYE5MC ,
XVCBMURUR8 ,
XVCXNTQ473 ,
XVNXJFT7KR ,
XVPFY7JAGH ,
XVQFD7DG57 ,
XVSPVD4P64 ,
XVZUFNX9NN ,
XW2X3WME2M ,
XW3S9NJEV9 ,
XW3WCMJMAU ,
XW4B45KSDS ,
XW9736HDZA ,
XW9QGM8ABQ ,
XW9U6GADRB ,
XWFFAC9798 ,
XWGK8G5BZ6 ,
XWGVRH2AXQ ,
XWMJW7RWJH ,
XWPCHTUY2E ,
XWRHEXQSC7 ,
XWYGVABVJJ ,
XX4A8J8W6J ,
XX4GP7GME6 ,
XX5JHS78U4 ,
XXC3UFRQUJ ,
XXCQK7HGTJ ,
XXESP3CWH7 ,
XXKM4WHFQS ,
XXMY5CJFVV ,
XXQ9NYM4G2 ,
XXRD3DTSE7 ,
XXSR8H59K7 ,
XY4MDXXM6U ,
XY55GXEDEN ,
XY93PTUVMV ,
XYAUXJAY7Y ,
XYB2TGEV9R ,
XYGHYSNQ5E ,
XYHF664V2F ,
XYXVNVPVZQ ,
XYY9HHY8G7 ,
XYZBSE3T3V ,
XYZT3U6BD8 ,
XZ2NEXVH8F ,
XZ3BBK4J4C ,
XZ84N8N7SM ,
XZ8BTMV4MQ ,
XZAKQNQ2DX ,
XZBCZBJBPT ,
XZEDX4PBGJ ,
XZEQ7A4RCB ,
XZFZ499469 ,
XZG34BW8U9 ,
XZKGJU5WJT ,
XZMU4HD83E ,
XZRSPCFQXX ,
XZSHXEFQ73 ,
XZXCVM4BNW ,
Y24WKZBMZF ,
Y25WAEFZMF ,
Y27ABGQ75J ,
Y27VA36VNT ,
Y2K7WCJ94T ,
Y2N8NDJFXQ ,
Y2NTHFTNBQ ,
Y2T8QNU4QV ,
Y2TJJTEXCD ,
Y2UANQXVUU ,
Y2WC6Z5XX8 ,
Y323D3Q2XA ,
Y323SZEMNR ,
Y37SE9FJ6H ,
Y3BRP7GQVA ,
Y3D322FAHY ,
Y3JH6B2V4Z ,
Y3JQB4G28X ,
Y3MBNYA8E4 ,
Y3N4QJS7AZ ,
Y3RMGZY6T3 ,
Y3VA86DF8Q ,
Y3VFHT3HEZ ,
Y3W7TW2FFQ ,
Y3ZN4BG5WB ,
Y43WQHHN6H ,
Y447JDRS3B ,
Y46CGMEQM4 ,
Y48746F3SA ,
Y4E7ADSRJ6 ,
Y4HDFQFYBF ,
Y4QPHJKDW7 ,
Y4UTX36V9Y ,
Y4Z32WSB94 ,
Y57HBWSBGX ,
Y58CMB8MP9 ,
Y5AZUM9U2Y ,
Y5CA42T4VH ,
Y5F7AQRYFF ,
Y5G758YK4F ,
Y5JGVEBCBZ ,
Y5NUTYG7W4 ,
Y5Q3V2WFY5 ,
Y5V7GEKMNG ,
Y5ZSGWQVT7 ,
Y63K9BQWSF ,
Y65JDC6HVY ,
Y6EPHUVTXE ,
Y6EPWSRPDF ,
Y6FQF95Q97 ,
Y6H2PXCVVA ,
Y6H39PS5AV ,
Y6H3VWHJ34 ,
Y6J3AYG73K ,
Y6JRUC8Y3Q ,
Y6K32UV7JE ,
Y6KBTQW82G ,
Y6NHYUSK2P ,
Y6PSXNM2RQ ,
Y6R8WBFXW3 ,
Y6TQBFNSXP ,
Y6UK3CYH8H ,
Y6Y3HP6W24 ,
Y6YWSHPUUS ,
Y72ERKXEJY ,
Y72FWMD3D3 ,
Y74FB8WAUP ,
Y75A6UMR8N ,
Y774WHW4WB ,
Y7AMTK8ASY ,
Y7ASS76BXT ,
Y7BSS6YWDX ,
Y7F4E4PXKZ ,
Y7GUN4V6BM ,
Y7KGM5A2KT ,
Y7NKHJNXGB ,
Y7R584C3JM ,
Y7SQJ8ZUMW ,
Y7ZHTT8BVU ,
Y82KFAJJ6Y ,
Y85RACSUTD ,
Y85YVVZVBD ,
Y87BYXTPE9 ,
Y8ANKT389N ,
Y8AXJSS8QA ,
Y8B76485W3 ,
Y8BEQV33MY ,
Y8GE8DYJVF ,
Y8HEJ57BYU ,
Y8HMBR6DFH ,
Y8JBE8BB5Q ,
Y8JBSEW36E ,
Y8MA4VVT53 ,
Y8N4QM7XUD ,
Y8PPRMKS86 ,
Y8Q7JUJP5M ,
Y933SWRMJE ,
Y93RK8Q53S ,
Y96J2WS2MV ,
Y97W54ZTKW ,
Y98BC9VG9E ,
Y98EUEKNZ3 ,
Y99CY4AHVS ,
Y9D2TTC54U ,
Y9DDYF397C ,
Y9EGTKAYFT ,
Y9H6KV8469 ,
Y9P2MVEGBH ,
Y9QK9HPBCR ,
Y9QWJYQX7R ,
Y9R4NUSMSX ,
Y9SGT4NPEV ,
Y9VXMQKQ9F ,
YA4E5JSZXG ,
YA4KBZ84JJ ,
YA4SFRGC4J ,
YA5HJRGA74 ,
YA6GY5AXU2 ,
YA6MYXY8WV ,
YAF7RGV6RZ ,
YAN6RUXPHU ,
YAT5TCQN8M ,
YB3TAB8FDG ,
YB3YFTK3SU ,
YB56SBGGQX ,
YBAWZQVKCF ,
YBBTF3XN2Q ,
YBDVB2KUMB ,
YBE2D2T5SP ,
YBEFHV6FDV ,
YBGADHCN94 ,
YBJ27PARKC ,
YBJPRCHJHY ,
YBK96KFB9T ,
YBKQPCDX9V ,
YBMF2HZ43Z ,
YBMTJBSNMJ ,
YBN5CD3K6Q ,
YBRWQTT649 ,
YBSMMFHF9B ,
YBSQGFDZHF ,
YBTUDUT67W ,
YBTWMTPR5V ,
YBX5X7EGUY ,
YBXK9BSVFR ,
YBXT3SX5XX ,
YBXV335FQU ,
YBYGEHKYFC ,
YBZ92KX5J9 ,
YBZYQQ85PD ,
YC2XF4QP47 ,
YC3CBN9PSS ,
YC4PKWVY3Z ,
YC7ZX9H3GD ,
YC96D7NCMG ,
YCAWYEN7TF ,
YCCK5K2JJN ,
YCCUS5DYSM ,
YCEWZPT343 ,
YCGQC2WVCY ,
YCGX62ACY5 ,
YCJG9BKUT9 ,
YCPQ887P46 ,
YCRTF5SJYH ,
YCT3FT26QB ,
YCU9ZJUPCP ,
YCX7XXPT5H ,
YCZ2B375BZ ,
YD5AX35US3 ,
YD9SBSZXMU ,
YDEBRPP7XZ ,
YDEC9FGZ7V ,
YDFNEUP66P ,
YDJRKZ8ME6 ,
YDQ7R5EWPH ,
YDSH88U82N ,
YDUJ7GDHE9 ,
YDXK8HC8T5 ,
YDYQ322D8C ,
YDYTJ3H68P ,
YDZX6RRMU9 ,
YE1CKTZ8HX ,
YE36DGH5HN ,
YE3K7YCVVY ,
YEAGSDWF9M ,
YECH485NE6 ,
YEDV2KPGU8 ,
YEJCSMUYF4 ,
YEK5X7DZQC ,
YEM9U9FR7T ,
YEN4F9MHNM ,
YEPBW5CT3T ,
YEPNTJUMGC ,
YEPPEQBK9V ,
YEUK2C624R ,
YEYDRDEEZQ ,
YF2EQK9B9W ,
YF545A63FR ,
YF78CX44B6 ,
YF8GH9JRKM ,
YFEPF5HXXG ,
YFF4UDU8J5 ,
YFFRVJMASZ ,
YFMANFUHMK ,
YFWG7SCZ3W ,
YFWWH37G7F ,
YFXTR23SQ7 ,
YFY8EEQ5A9 ,
YG8DJFJSEH ,
YG8ZB2H7HX ,
YGCZN648Q5 ,
YGHQNM458F ,
YGKMBDEVCD ,
YGN5TVN5GB ,
YGNY86AVTT ,
YGQJHC42W5 ,
YGTNJ4NPFA ,
YGVDWXPH1K ,
YGVV9HWGRN ,
YGYAWY36MM ,
YH3598VTP3 ,
YH4AYRAFS3 ,
YH568HP53C ,
YHAJWPJ6RV ,
YHCE444V6Y ,
YHG7VFWGDU ,
YHHFTGPBXR ,
YHHLBRHM8O ,
YHJB8TY88N ,
YHKJ72TZWU ,
YHMHB7PGNF ,
YHR9AGHZQM ,
YHXCGZKUQ7 ,
YHXTNSHVXW ,
YJ467SHQU8 ,
YJ4EKP37CC ,
YJ7BZ6EA3D ,
YJAFWCU2ZH ,
YJARXDJ8NX ,
YJMJ3GDB43 ,
YJMWTGH7H6 ,
YJNADTZ5PY ,
YJRTN8QQSY ,
YJT5SW5A7F ,
YJTHNNKJKD ,
YJZHPAAK23 ,
YJZNRZB39K ,
YK66VOZL4D ,
YK9W6BE9N3 ,
YKBTPBMB8S ,
YKHR7GSKEH ,
YKKH46T5Y9 ,
YKMZ3H97H6 ,
YKN6AV9TFP ,
YKUX6TE4UB ,
YM29AJKECW ,
YM42WS2Q65 ,
YM7KR87D68 ,
YMAY3RAK89 ,
YMBJN83GAB ,
YMENES7T4A ,
YMJPP6GHHV ,
YMKX8WKCBB ,
YMM828GWH7 ,
YMMMJCY5G9 ,
YMQ36QF6QV ,
YMV34X24CF ,
YMVJTLT3CA ,
YMZ2NKWWTX ,
YNA5WDD2R6 ,
YNGBQ5DTZH ,
YNGKCCH58Y ,
YNGN9755ZC ,
YNKMZCGNMC ,
YNUPXCSB7E ,
YP2A5JFDCQ ,
YP49S2RBBT ,
YP52PDA5PT ,
YPBBPUD3U5 ,
YPC7JPXWCP ,
YPHZ79ZSYN ,
YPS6DBH5GJ ,
YPSVQTEF39 ,
YPTKMXBUES ,
YPUE882YMC ,
YPVNU6T3MQ ,
YPYD3KMR66 ,
YQ2NEGWFZW ,
YQ6GEKECGS ,
YQFP7EZSKX ,
YQNAMHS26E ,
YQSCV3NHD2 ,
YQTXNUSVHH ,
YQWV3ST6GH ,
YQWY9GUGPC ,
YQXKCRGFVY ,
YQZ6AX7VP4 ,
YR4BZBPSZJ ,
YR5592B7FP ,
YR5K2VWWFW ,
YR88YVVGYA ,
YRCT49ARAU ,
YRCXNBHHK9 ,
YRDC77P6NF ,
YRDM56SKJT ,
YRFRYWFS79 ,
YRFV48Z87S ,
YRGK25X3T2 ,
YRJC7XCHNW ,
YRNHG7HQUN ,
YRNNCS54S8 ,
YRSYT6F9D6 ,
YRTA3X9CXR ,
YRTK8RKG2S ,
YRX46RK92W ,
YS2M99AFEE ,
YS2TJYYN8R ,
YS3WV9J9HY ,
YS7B9XTQQX ,
YS7VWVC3W8 ,
YS8MWFMW2V ,
YS9VNAS2CP ,
YSBF9B64HY ,
YSCFXYH6MP ,
YSHDUB3CB6 ,
YSJDGWHU5Q ,
YSNAVJUJEP ,
YSP9AZ3Z9E ,
YSRCJPCAM7 ,
YSS6PSRDTK ,
YSWCTX5RYJ ,
YSZU39698N ,
YT3E4FAWAY ,
YT56TTG94Z ,
YT5RVNV4RF ,
YT6VHBPY7Z ,
YTAGWT9XNV ,
YTBWSHQBRA ,
YTECT7WDYQ ,
YTH5MQBFKR ,
YTN5BO7O24 ,
YTPJ6XCG2Z ,
YTQ7U5WSVB ,
YTVMEWJPTE ,
YTWUS23FE8 ,
YTZ5S347XG ,
YU2NY57QRS ,
YU5GA4Y9AS ,
YU883SND3Z ,
YU9GKB8AHT ,
YUBNWCQQ57 ,
YUCGG434SS ,
YUDWBY73PS ,
YUMPEZ3PGG ,
YUNXPJYTN9 ,
YUSFKXCT9D ,
YUSZ5C78WW ,
YUUYMYRZS5 ,
YUXZE63H66 ,
YV658BRUQV ,
YV7CG3TMG5 ,
YV9NB43G89 ,
YVBRSNKC54 ,
YVDWCHK5MG ,
YVEEVPGUH4 ,
YVKRBSCJ6W ,
YVMVJDU8XE ,
YVP3HYKCXU ,
YVRXRQJGN4 ,
YVSP25833K ,
YVXPU7SSWB ,
YW2W9NJTV8 ,
YW2XRH366S ,
YW7TUNK7JU ,
YW96UJZWBK ,
YWHW6K5WVQ ,
YWKJC37NKB ,
YWRCC34ZJJ ,
YWVZQT9ZUS ,
YWW4BS5QGR ,
YWW94AC4VR ,
YWXPJC7SA2 ,
YWYREBDFG9 ,
YX8RDTEWFT ,
YXAR3Y4C5P ,
YXAV26WPVN ,
YXBGJWEE6P ,
YXE3YKAC9A ,
YXHR65ZWWA ,
YXNF6WCAN8 ,
YXQZ6YVDK4 ,
YXRA6XYM39 ,
YXRAD752ZG ,
YXTSDB89U6 ,
YXU6PCG23H ,
YXX2J8Q3VQ ,
YXZSFVBTY6 ,
YYCM6Z47MX ,
YYD9CAPY4U ,
YYDFH34DJA ,
YYJ23ZAJ7N ,
YYKRNXDC8F ,
YYNFTSMPKP ,
YYPWAYEMU9 ,
YYXA2JKFCE ,
YZ3CPD2NBH ,
YZ4FF6HMXA ,
YZ4MD5SERU ,
YZ57VFJG3F ,
YZ7VC7CYNC ,
YZBCBBG54E ,
YZBUGEAQ2E ,
YZFJW4RPD4 ,
YZGDDJYP6R ,
YZQYX48D9J ,
YZTZBZVDUJ ,
YZU263KACK ,
YZWUC3C96G ,
YZZ94UAESN ,
Z2EASRPYF2 ,
Z2FX6BJUQP ,
Z2HR5X9WCF ,
Z2K3R397GP ,
Z2UWC485AV ,
Z2Z32BN8ZE ,
Z334PART63 ,
Z35RCAC7KU ,
Z385QBV37U ,
Z38C4U9FDN ,
Z3EEFW4GRQ ,
Z3FPWTGFQ6 ,
Z3JM2545Q6 ,
Z3KE534KKQ ,
Z3KMVRQYFW ,
Z3PSKUDYDA ,
Z3TUEE5JVN ,
Z3V6PJJQSQ ,
Z3WTHEC47R ,
Z42573PDNZ ,
Z458SPCDRH ,
Z45WC8VPQ5 ,
Z46GJ86CVH ,
Z46X599WWG ,
Z47D62V77S ,
Z48CA4JT87 ,
Z4B9ZFN3BG ,
Z4CRCWW2YF ,
Z4G236AHE3 ,
Z4JBK3DZ9F ,
Z4JSDMXRZV ,
Z4LHSTZZVD ,
Z4QCXQRVJ4 ,
Z4QJ795SY3 ,
Z4UAUSQD4T ,
Z4VUR9MD3S ,
Z4ZJ2FKN2U ,
Z54DSM67UA ,
Z568PN6FWA ,
Z57QQ5AZV8 ,
Z5AJJ6ZDDQ ,
Z5BSMFHQAZ ,
Z5BWKVDTT6 ,
Z5ECZ8SHGV ,
Z5G2JXV2RR ,
Z5P6Z9UXYV ,
Z5T488VMUJ ,
Z5U94UUS3J ,
Z5W5XW2FK2 ,
Z65KPD5WDF ,
Z6849S6EQ4 ,
Z6FB8HKQ54 ,
Z6GWFFTS9P ,
Z6N2MGCXVT ,
Z6PEZQUJN2 ,
Z6RZRZUQKF ,
Z6WFDRGK6D ,
Z6WTK76FE7 ,
Z76BTYUBRX ,
Z76HA55DEV ,
Z77XKYYMWZ ,
Z78X4GRDD2 ,
Z79KBQHAV7 ,
Z7HXKDPP69 ,
Z7J7JZD3AS ,
Z7TGCT8FMW ,
Z7TTFDDJ9Q ,
Z7WDWAEFNC ,
Z83KG7A8WP ,
Z83WY2MJYB ,
Z8AB7RD0CH ,
Z8ASZJCRG3 ,
Z8CPH75JKD ,
Z8EQSS93S4 ,
Z8HG99GEVT ,
Z8HNSRHDGX ,
Z8HRQ8HM5F ,
Z8JCVHF8KY ,
Z8KX779BNR ,
Z8SZZJKYE8 ,
Z8TMMQA3DP ,
Z8UMEBUYD3 ,
Z8VBQMKUHM ,
Z8WGYB897Q ,
Z8WJ44JPCA ,
Z8WRKK473D ,
Z92AGUWAES ,
Z9EHPUBD8J ,
Z9FW9995J8 ,
Z9MAUXH6VG ,
Z9MRQDMNHV ,
Z9RJDGR3PH ,
Z9TKDNJ83Y ,
Z9XB4ZCA73 ,
Z9XRHFPV7T ,
ZA3X8K4RBH ,
ZAA9TUBAPP ,
ZAAX228UEQ ,
ZADZXFJ99C ,
ZAEAGX5RFU ,
ZAFN6X8WUE ,
ZAL7DVJ2T0 ,
ZAP99NZY9C ,
ZAPMAK63DN ,
ZAPX57A82J ,
ZAR489U4JX ,
ZAV8WSGMC5 ,
ZAW66EU8W6 ,
ZB5KZZB42H ,
ZBB5KHVADX ,
ZBFS8PMZES ,
ZBMGC8UTD6 ,
ZBQQWC6JYD ,
ZBW2B657EV ,
ZBW387BJPJ ,
ZBW5NHZX64 ,
ZBWYG7UUZV ,
ZBYGR8TDVZ ,
ZBZHMAS6G5 ,
ZC282ZSHAW ,
ZC2XANEBMF ,
ZC75YTRTMT ,
ZC7SB996AM ,
ZC7TRAGXQD ,
ZC8YB73B9C ,
ZC9U9C44GW ,
ZCBSFX8WBA ,
ZCCP72KYPF ,
ZCJWEAXAFS ,
ZCKN7A4TMR ,
ZCKZYFA78D ,
ZCQHAJHGHT ,
ZCRQBF8VN6 ,
ZCTJ22YZGE ,
ZCZ2U6P2DT ,
ZCZPD4N8K6 ,
ZD3U3EVQ9Z ,
ZD8FG2V3TP ,
ZDA2QM74EZ ,
ZDAMYBQ344 ,
ZDAXB6GRU3 ,
ZDJUHK62EP ,
ZDK934WS54 ,
ZDKNBYMZ4P ,
ZDKQBAXZSU ,
ZDNAHSHP98 ,
ZDSQE2EQPT ,
ZDVP3V3UZP ,
ZDW8V7ZKJY ,
ZE4SUCPBR4 ,
ZE5AK94TKE ,
ZE7CZMTUWX ,
ZE9HQE5TT8 ,
ZEEGWB8CAC ,
ZEGF8BST4B ,
ZEJKV4THSP ,
ZEPZ84PFBY ,
ZER8FYBSMB ,
ZERWESWEEC ,
ZEXVW6WBBF ,
ZEZPXNFVF2 ,
ZF528U8QFC ,
ZF5MMCDDKX ,
ZF997HV9S8 ,
ZF9EKSCST2 ,
ZFH3UZNZ59 ,
ZFK5EFQSHD ,
ZFP4FMVR9H ,
ZFPRWJJZTD ,
ZFUS9973TN ,
ZG28MYB2QC ,
ZG3VPNRG6Z ,
ZG4C84MUEM ,
ZG6MRAV6PE ,
ZG8938AT7N ,
ZG8JXBBYDR ,
ZG8WQ6G2SD ,
ZG9WASFPN6 ,
ZGAEP42SQV ,
ZGEGCB2KDJ ,
ZGFKD7MUM4 ,
ZGGMUKCDW5 ,
ZGHPKA2NYP ,
ZGJUR7ACTT ,
ZGQH7M92VQ ,
ZGT74ZKVRV ,
ZGUH8U9KGX ,
ZGXNSSTYDG ,
ZGYK4M7CXE ,
ZH5C6CAYRJ ,
ZH766ZMNVG ,
ZH7QVYCQKF ,
ZH8F5P8M4F ,
ZH8ZE3G5V9 ,
ZH93GUHJWC ,
ZH9UEMJQXR ,
ZHAQVNEE9G ,
ZHC224QFJD ,
ZHC568Z7B2 ,
ZHGGFYZ8WE ,
ZHQHG9UDEC ,
ZHQUXBJFHS ,
ZHRB648K7K ,
ZHS2FTVQAT ,
ZHSB5BF7UG ,
ZHSYCN2E56 ,
ZHW2ZHZAGC ,
ZJ3FW34THS ,
ZJ9SQ7BZM2 ,
ZJAG5S7HTF ,
ZJCN48S5WF ,
ZJGZ5BCSEH ,
ZJHC6UR5S4 ,
ZJNUDXUA4K ,
ZJSB55GZQC ,
ZJSE59MTSB ,
ZJTUZTW2XF ,
ZJWAPGVHGG ,
ZK49TC8B7E ,
ZK7UJRT6ZX ,
ZK8CH9W23E ,
ZK8N7666FT ,
ZK8SVAMW6P ,
ZK9JGBV7KN ,
ZKBRKBQ6KQ ,
ZKDJK56859 ,
ZKF8M5JXSX ,
ZKFEER2JGM ,
ZKFYGG4AWV ,
ZKKCXJ58JU ,
ZKPYDXY96A ,
ZKR3ZWDS7W ,
ZKRZZGW6Z3 ,
ZKSD6AQQH6 ,
ZKW2DDEKBK ,
ZKW57SQNDN ,
ZKXMUX5DGN ,
ZM3FMCFKHJ ,
ZM58WSS9ZQ ,
ZM764RX7S2 ,
ZM9T49UQSQ ,
ZMARH62KRC ,
ZMB43MB6ZA ,
ZMCE2JM6QT ,
ZMGYUSNHJE ,
ZMMTCAMBBK ,
ZMNJZFNAKJ ,
ZMP4CPHYYK ,
ZMZVM87FQB ,
ZN4HGKBWPB ,
ZN54REGTEA ,
ZND87Z2XP7 ,
ZNEJ7WBV8P ,
ZNNVZ669G3 ,
ZNQ89NV4VR ,
ZNQADT2QRT ,
ZNSE2ZTQZP ,
ZNU96QUFTU ,
ZNUR6VP39B ,
ZNX6N8JJE2 ,
ZNXUY5X9RK ,
ZNYARRZB89 ,
ZNYNPY4782 ,
ZNZHNDNS4B ,
ZP2T37YKU6 ,
ZP3774G9CE ,
ZP6R37R9ST ,
ZP896HUM67 ,
ZPAJVQYAER ,
ZPBCT25T6T ,
ZPBPEFR855 ,
ZPC7SE5HED ,
ZPDYGPKEK7 ,
ZPKCXWF4P6 ,
ZPM2YJ2UYM ,
ZPMFXKUQO6 ,
ZPMXTP8Y9T ,
ZPP4BECN98 ,
ZPPYES2KGS ,
ZPU5EPKESY ,
ZPVWPVUXZ9 ,
ZQ775JYEUD ,
ZQ79K4CKGE ,
ZQ7SBEJ7NP ,
ZQ8EXZAYZD ,
ZQB5MNVX9Q ,
ZQE9BGED6A ,
ZQFAM6HZUQ ,
ZQFKTWX6WJ ,
ZQGYTVPN83 ,
ZQK24C2D75 ,
ZQKPW768ZS ,
ZQMY9T5M78 ,
ZQPUY4RK2X ,
ZQS8T4CCPT ,
ZQU276G3WD ,
ZQVHJQQ7RF ,
ZQWHAWFNPG ,
ZQXGR7VSXQ ,
ZQYX3M4SEP ,
ZQZG88JMUF ,
ZR22QFWRGT ,
ZR4A83O0V8 ,
ZR4KNC4NDT ,
ZR4QZY2BTU ,
ZR7FP73KGW ,
ZRA8V3KE3E ,
ZRCHU9QHJG ,
ZRDKCE57RP ,
ZRF2FNDMY5 ,
ZRFK8XH48B ,
ZRFY4AT4MS ,
ZRG64QVJCX ,
ZRHUVDBP3A ,
ZRMEEEG8F3 ,
ZRQR6Y5EE5 ,
ZRTZM9Q8Y5 ,
ZRVSKFUEMT ,
ZRVXZQ6QA5 ,
ZRWWXM2QTK ,
ZRXG8CG7RT ,
ZS6QD68EVT ,
ZS6YNDRKR8 ,
ZSB1D4RJLO ,
ZSC7J28FX4 ,
ZSGWBNCSXU ,
ZSGWM7X4HK ,
ZSH4ZWWP5Y ,
ZSKYJ2Z8FK ,
ZSPWJGJUVA ,
ZSQ2K2HF7R ,
ZSQESZFWJ7 ,
ZSR5QYJQPA ,
ZSV6FCGFPG ,
ZSXKWFYCQ7 ,
ZSYX53GBN5 ,
ZT67TCV2Y6 ,
ZT6K37YND2 ,
ZT9XAUJHED ,
ZTAKH25AME ,
ZTEBED9B49 ,
ZTQUW4Y69B ,
ZTTZ49TT3T ,
ZTWAJ8827K ,
ZTYTTZ58HT ,
ZTZU7D5GAM ,
ZU4ZJGGWZV ,
ZUA4TY873P ,
ZUD494EW3W ,
ZUEMQDU62B ,
ZUH8AFR2WU ,
ZUJCJE7RQ6 ,
ZUMFF4RCNH ,
ZUNUPVQS6M ,
ZURCZGDA99 ,
ZUSM834JFE ,
ZV3GRTX7PH ,
ZVAAC9KDE6 ,
ZVC3WSUXQU ,
ZVEH4ND7MV ,
ZVGH37KDE2 ,
ZVHZD5XKA7 ,
ZVNCQMD5EZ ,
ZVQ9NAA4XS ,
ZVR27VFJQR ,
ZVSAUB24EB ,
ZVSWI7W3M9 ,
ZVW7F3PP9K ,
ZW278FNFKY ,
ZW3TPNPY55 ,
ZW5ZWPRW2V ,
ZW6KJ3QKCY ,
ZW6V9669ZG ,
ZWE6ZTTXVC ,
ZWEQZU3JHK ,
ZWSKKES839 ,
ZX2MCK6P2F ,
ZXCQFSVZHV ,
ZXHPDPECQ7 ,
ZXHW27KFEZ ,
ZXMDBHY6NZ ,
ZXMSW554UK ,
ZXPQXWRHPB ,
ZXT2TC5MWW ,
ZXTGRVU2FQ ,
ZXU58ZFDKA ,
ZXX4R9SJ7A ,
ZXZ6CV342C ,
ZY983ND9FS ,
ZYC2H2FVWA ,
ZYD3JW2HW8 ,
ZYGP9AQF3S ,
ZYJH9GMXEE ,
ZYMJAQFSSW ,
ZYVKFRY2MF ,
ZYW6EU8MJJ ,
ZYWDPMG9Z7 ,
ZYWFWWXKPQ ,
ZYZHQDYUX2 ,
ZZ96X25PME ,
ZZAY49JMXW ,
ZZCGG5ZXDE ,
ZZFJ43B82R ,
ZZMHK6WBGK ,
ZZR6FHT8AU ,
ZZSZVN3Z3R ,
ZZUQNFAMW7 ,
ZZX93MFQDF ,